<?xml version="1.0" encoding="UTF-8"?> 
 <posts> 
 <post id="MS_10266_32456453">
      <user id="MS_16913876">
        <username>ThÎµ BÐ¸ÎµÐ¸@ VÎµÐ¸tÐ¸Ñ&#143;@ SÃ¸Ð¸Ð¸d SÑ&#135;stÎµm</username>
        <sex>M</sex>
        <age>21</age>
        <city>Oklahoma City</city>
        <province>Oklahoma</province>
        <country>US</country>
      </user>
      <date>1192913880</date>
      <body>doesn't the US own motherfucking guam</body>
    </post> 
 <post id="MS_10266_32457969">
      <user id="MS_119486247">
        <username>Camacho Products Inc.</username>
        <sex>M</sex>
        <age>27</age>
        <city>Detroit</city>
        <province>MICHIGAN</province>
        <country>US</country>
      </user>
      <date>1192916880</date>
      <body>The weirdest law is the one that makes certain drugs illegal, while other equally dangerous drugs like alcohol remain legal.</body>
    </post> 
 <post id="MS_10266_32488106">
      <user id="MS_119052551">
        <username>Carly</username>
        <sex>M</sex>
        <age>22</age>
        <city>LAKE WORTH</city>
        <province>Florida</province>
        <country>US</country>
      </user>
      <date>1192979220</date>
      <body> I did. I just want to see how it will go this time. OOps...it doesn't seem to be getting any attention...</body>
    </post> 
 <post id="MS_10266_32488391">
      <user id="MS_47511853">
        <username>mark alexander</username>
        <sex>M</sex>
        <age>22</age>
        <city>Verdun,</city>
        <province>Quebec</province>
        <country>CA</country>
      </user>
      <date>1192979580</date>
      <body>#5. i should do that as a part-time job. my island's biug enough for a few deflowerers</body>
    </post> 
 <post id="MS_10266_32490479">
      <user id="MS_175473882">
        <username>By The Con$ent Of The Governed</username>
        <sex>M</sex>
        <age>45</age>
        <city>Tyee City</city>
        <province>California</province>
        <country>US</country>
      </user>
      <date>1192982460</date>
      <body>Hold all of my calls, I'm moving to Guam...</body>
    </post> 
 <post id="MS_10266_32510501">
      <user id="MS_11626085">
        <username>Marty</username>
        <sex>M</sex>
        <age>20</age>
        <city>PALOS HEIGHTS</city>
        <province>ILLINOIS</province>
        <country>US</country>
      </user>
      <date>1193025300</date>
      <body>I wish I lived in guam and had that job.</body>
    </post> 
 <post id="MS_10266_32510511">
      <user id="MS_11626085">
        <username>Marty</username>
        <sex>M</sex>
        <age>20</age>
        <city>PALOS HEIGHTS</city>
        <province>ILLINOIS</province>
        <country>US</country>
      </user>
      <date>1193025360</date>
      <body> Yes we do.</body>
    </post> 
 <post id="MS_10266_32511352">
      <user id="MS_11626085">
        <username>Marty</username>
        <sex>M</sex>
        <age>20</age>
        <city>PALOS HEIGHTS</city>
        <province>ILLINOIS</province>
        <country>US</country>
      </user>
      <date>1193027280</date>
      <body>I think I'll use #5 to pay for Law School.</body>
    </post> 
 <post id="MS_10266_32512206">
      <user id="MS_98138810">
        <username>keith</username>
        <sex>M</sex>
        <age>39</age>
        <city>PERRY</city>
        <province>Florida</province>
        <country>US</country>
      </user>
      <date>1193028780</date>
      <body>Number 5 is.....alive.</body>
    </post> 
 <post id="MS_10266_32513842">
      <user id="MS_124878143">
        <username>JoeÂ©</username>
        <sex>M</sex>
        <age>34</age>
        <city>MOUNT PLEASANT</city>
        <province>Michigan</province>
        <country>US</country>
      </user>
      <date>1193031480</date>
      <body>I'm having a hard time believing that Islamic laws regulate- but do not prohibit- beastiality.  That seems counterintuitive. You got sources for those laws??</body>
    </post>
</posts> 
