<?xml version="1.0" encoding="UTF-8"?> 
 <posts> 
 <post id="MS_12916_40194466">
      <user id="MS_151809395">
        <username>Mike</username>
        <sex>M</sex>
        <age>46</age>
        <city>Eureka</city>
        <province>California</province>
        <country>US</country>
      </user>
      <date>1206179520</date>
      <body>Neither bush nor mccaint are as ignorant as that. There words have a very clear purpose: misinformation. Why else would mccaint keep repeating the same line about ran training al queda? He knows that people grasping at reasons to support the possible invasion of Iran will believe this if they hear it enough. Just as people who support the war think it was just prosecuted badly. WRONG! Bush did everything he could to make sure that we can't leave for a very long time. That wasn't a mistake.</body>
    </post> 
 <post id="MS_12916_40195546">
      <user id="MS_50977157">
        <username>Big Papi</username>
        <sex>M</sex>
        <age>28</age>
        <city>Vanlando</city>
        <province/>
        <country>VA</country>
      </user>
      <date>1206180960</date>
      <body>'Make the lie simple, keep repeating it, and eventually the will believe it.' - Hitler.</body>
    </post> 
 <post id="MS_12916_40196157">
      <user id="MS_151809395">
        <username>Mike</username>
        <sex>M</sex>
        <age>46</age>
        <city>Eureka</city>
        <province>California</province>
        <country>US</country>
      </user>
      <date>1206181860</date>
      <body> well said</body>
    </post> 
 <post id="MS_12916_40196719">
      <user id="MS_71284023">
        <username>don Cliff</username>
        <sex>M</sex>
        <age>33</age>
        <city>Spokane</city>
        <province>Washington</province>
        <country>US</country>
      </user>
      <date>1206182580</date>
      <body>Iran is not a friend to the US. I suggest you so call American's who believe that they are take a vacation there. Then the truth will be revealed to you....</body>
    </post> 
 <post id="MS_12916_40197011">
      <user id="MS_71284023">
        <username>don Cliff</username>
        <sex>M</sex>
        <age>33</age>
        <city>Spokane</city>
        <province>Washington</province>
        <country>US</country>
      </user>
      <date>1206183000</date>
      <body>Iran is a nice place for a Muslim terrorist to visit otherwise they cut off your head and display it to the world as a victory.</body>
    </post> 
 <post id="MS_12916_40197876">
      <user id="MS_71284023">
        <username>don Cliff</username>
        <sex>M</sex>
        <age>33</age>
        <city>Spokane</city>
        <province>Washington</province>
        <country>US</country>
      </user>
      <date>1206184320</date>
      <body>Don't need a source. Take a vacation there. How about we arrange a gay cruise ship from San Francisco to Iran and see what they do to them over there.  Or not so extreme, some beautiful blonde American woman with make-up walk the streets of Iran. They would stone them to death.</body>
    </post> 
 <post id="MS_12916_40197994">
      <user id="MS_287730911">
        <username>john</username>
        <sex>M</sex>
        <age>40</age>
        <city>BRUNSWICK</city>
        <province>Georgia</province>
        <country>US</country>
      </user>
      <date>1206184500</date>
      <body>anyone that thinks iran would admit theyre developing nuclear weapons or suppling and training terriost should be spayed or neutered immediately</body>
    </post> 
 <post id="MS_12916_40198073">
      <user id="MS_71284023">
        <username>don Cliff</username>
        <sex>M</sex>
        <age>33</age>
        <city>Spokane</city>
        <province>Washington</province>
        <country>US</country>
      </user>
      <date>1206184620</date>
      <body>I do believe that I will be taking a vacation to Iran soon. I will probably get to see the capital up close in the seat of an A-10.</body>
    </post> 
 <post id="MS_12916_40198368">
      <user id="MS_71284023">
        <username>don Cliff</username>
        <sex>M</sex>
        <age>33</age>
        <city>Spokane</city>
        <province>Washington</province>
        <country>US</country>
      </user>
      <date>1206185100</date>
      <body>I can't help it that God always gives the US the upper hand. We seem to be protected by him. I know that it hurts you becasue you have so much faith and you have been forsaken by your god. The problem is you have a false god created by a false prophet.</body>
    </post> 
 <post id="MS_12916_40198657">
      <user id="MS_287730911">
        <username>john</username>
        <sex>M</sex>
        <age>40</age>
        <city>BRUNSWICK</city>
        <province>Georgia</province>
        <country>US</country>
      </user>
      <date>1206185520</date>
      <body>ditto what don said</body>
    </post>
</posts> 
