<?xml version="1.0" encoding="UTF-8"?> 
 <posts> 
 <post id="MS_12916_40197011">
      <user id="MS_71284023">
        <username>don Cliff</username>
        <sex>M</sex>
        <age>33</age>
        <city>Spokane</city>
        <province>Washington</province>
        <country>US</country>
      </user>
      <date>1206183000</date>
      <body>Iran is a nice place for a Muslim terrorist to visit otherwise they cut off your head and display it to the world as a victory.</body>
    </post> 
 <post id="MS_12916_40197876">
      <user id="MS_71284023">
        <username>don Cliff</username>
        <sex>M</sex>
        <age>33</age>
        <city>Spokane</city>
        <province>Washington</province>
        <country>US</country>
      </user>
      <date>1206184320</date>
      <body>Don't need a source. Take a vacation there. How about we arrange a gay cruise ship from San Francisco to Iran and see what they do to them over there.  Or not so extreme, some beautiful blonde American woman with make-up walk the streets of Iran. They would stone them to death.</body>
    </post> 
 <post id="MS_12916_40197994">
      <user id="MS_287730911">
        <username>john</username>
        <sex>M</sex>
        <age>40</age>
        <city>BRUNSWICK</city>
        <province>Georgia</province>
        <country>US</country>
      </user>
      <date>1206184500</date>
      <body>anyone that thinks iran would admit theyre developing nuclear weapons or suppling and training terriost should be spayed or neutered immediately</body>
    </post> 
 <post id="MS_12916_40198073">
      <user id="MS_71284023">
        <username>don Cliff</username>
        <sex>M</sex>
        <age>33</age>
        <city>Spokane</city>
        <province>Washington</province>
        <country>US</country>
      </user>
      <date>1206184620</date>
      <body>I do believe that I will be taking a vacation to Iran soon. I will probably get to see the capital up close in the seat of an A-10.</body>
    </post> 
 <post id="MS_12916_40198368">
      <user id="MS_71284023">
        <username>don Cliff</username>
        <sex>M</sex>
        <age>33</age>
        <city>Spokane</city>
        <province>Washington</province>
        <country>US</country>
      </user>
      <date>1206185100</date>
      <body>I can't help it that God always gives the US the upper hand. We seem to be protected by him. I know that it hurts you becasue you have so much faith and you have been forsaken by your god. The problem is you have a false god created by a false prophet.</body>
    </post> 
 <post id="MS_12916_40198657">
      <user id="MS_287730911">
        <username>john</username>
        <sex>M</sex>
        <age>40</age>
        <city>BRUNSWICK</city>
        <province>Georgia</province>
        <country>US</country>
      </user>
      <date>1206185520</date>
      <body>ditto what don said</body>
    </post> 
 <post id="MS_12916_40199262">
      <user id="MS_152315605">
        <username>Father Christian</username>
        <sex>M</sex>
        <age>36</age>
        <city>TEMPE</city>
        <province>Arizona</province>
        <country>US</country>
      </user>
      <date>1206186420</date>
      <body>   Damn.</body>
    </post> 
 <post id="MS_12916_40199813">
      <user id="MS_79942830">
        <username>RMWA</username>
        <sex>M</sex>
        <age>34</age>
        <city>Chicago</city>
        <province>Illinois</province>
        <country>US</country>
      </user>
      <date>1206187140</date>
      <body>       Ã¢â&#130;¬Å&#147;DonÃ¢â&#130;¬â&#132;¢t let anybody make you think God chose America as his divine messianic force to be a sort of policeman of the whole world. God has a way of standing before the nations with justice and it seems I can hear God saying to America Ã¢â&#130;¬Ë&#156;you are too arrogant, and if you donÃ¢â&#130;¬â&#132;¢t change your ways, I will rise up and break the backbone of your power, and I will place it in the hands of a nation that doesnÃ¢â&#130;¬â&#132;¢t even know my name. Be still and know that IÃ¢â&#130;¬â&#132;¢m God. Men will beat their swords into plowshafts and their spears into pruning hooks, and nations shall not rise up against nations, neither shall they study war anymore.Ã¢â&#130;¬â&#132;¢ I donÃ¢â&#130;¬â&#132;¢t know about you, I ainÃ¢â&#130;¬â&#132;¢t going to study war anymore.Ã¢â&#130;¬</body>
    </post> 
 <post id="MS_12916_40255297">
      <user id="MS_71284023">
        <username>don Cliff</username>
        <sex>M</sex>
        <age>34</age>
        <city>Spokane</city>
        <province>Washington</province>
        <country>US</country>
      </user>
      <date>1206284880</date>
      <body>RMWA, go and join Iran with you your friends the Muslim terrorist who wants to destry Isreal before you get snuffed out here in the land of the free.</body>
    </post> 
 <post id="MS_12916_40255507">
      <user id="MS_24509500">
        <username>Hey Arron... grow up.</username>
        <sex>M</sex>
        <age>19</age>
        <city>New Waterford</city>
        <province>Ohio</province>
        <country>US</country>
      </user>
      <date>1206285180</date>
      <body>Don you're idiodic piece of shit.  I don't need a source.  Anyone who reads one of your posts can tell.    If there is a God, he's turned his back on this country so many times it's a wonder he haven't nuked heaven.</body>
    </post>
</posts> 
