<?xml version="1.0" encoding="UTF-8"?> 
 <posts> 
 <post id="MS_26205_42748529">
      <user id="MS_56471204">
        <username>KoalaofDoom, The Humble Magnificent</username>
        <sex>M</sex>
        <age>26</age>
        <city>Gotham City</city>
        <province/>
        <country>UK</country>
      </user>
      <date>1210305480</date>
      <body>In the adress you have to copy, their is a break inbetween (fi lms) delete the space and try again.....</body>
    </post> 
 <post id="MS_26205_42748827">
      <user id="MS_15274787">
        <username>McGinty</username>
        <sex>M</sex>
        <age>40</age>
        <city>Queens</city>
        <province>NEW YORK</province>
        <country>US</country>
      </user>
      <date>1210306140</date>
      <body>I found the article on this link:  http://glipress.blogspot.com/2008/05/review-13-rule-breaking-fil ms.html  The author is obviously passionate about film, and makes some good points.  Although I think there's too much attention paid to The Empire Strikes Back, which I do not view as a groundbreaking film, sorry.  Time Code is a cheap gimmick movie, and very hard to watch for more than 10 minutes.  Requiem for a Dream is not the first anti-drug movie.  And, as groundbreaking films go, where was Citizen Kane?  I would have also mentioned Metropolis, M, The Day the Earth Stood Still, 2001, Dr. Strangelove, Anatomy of a Murder, Blade Runner, Rope, and several silent films like The Cabinet of Dr. Caligari &amp; The Passion of Joan of Arc if I was talking about films with a notable influence years after they were made.</body>
    </post> 
 <post id="MS_26205_42748868">
      <user id="MS_141172136">
        <username>annie</username>
        <sex>F</sex>
        <age>37</age>
        <city>ROCKAWAY</city>
        <province>New York</province>
        <country>US</country>
      </user>
      <date>1210306200</date>
      <body> ahhhh...will do</body>
    </post> 
 <post id="MS_26205_42749188">
      <user id="MS_141172136">
        <username>annie</username>
        <sex>F</sex>
        <age>37</age>
        <city>ROCKAWAY</city>
        <province>New York</province>
        <country>US</country>
      </user>
      <date>1210306860</date>
      <body>Okay...cool article...But I'm quite sure the good guys lost before The Empire Strikes Back... Where was Last Tango in Paris...X-rated feature film, not a porn is quite ground-breaking...that they went with it without cutting it to suit the ratings people...  Goodfellas?...hmmm...I don't think so.... I would go more into this...but I'm strapped for time right now</body>
    </post> 
 <post id="MS_26205_42753031">
      <user id="MS_281376640">
        <username>Chris</username>
        <sex>M</sex>
        <age>24</age>
        <city>New Hampshire</city>
        <province/>
        <country>US</country>
      </user>
      <date>1210313580</date>
      <body> Yes, Citizen Kane and those other films were ground-breaking, but they didn't "break the rules" of what conventional film-making wisdom seems to dictate audiences will put up with.</body>
    </post> 
 <post id="MS_26205_42764631">
      <user id="MS_3671064">
        <username>3671064 â&#153;&#140;</username>
        <sex>M</sex>
        <age>38</age>
        <city>Lexington</city>
        <province>Kentucky</province>
        <country>US</country>
      </user>
      <date>1210327560</date>
      <body>meh. Only one comment.  Russian ark is flat out boring... And Hitchcock did the one continuous shot thing in  Rope (1948). Difference being that Hitch didn't have a digital camera.</body>
    </post> 
 <post id="MS_26205_42766574">
      <user id="MS_25079542">
        <username>Helter Skelter</username>
        <sex>M</sex>
        <age>21</age>
        <city>Ft. Lauderdale</city>
        <province>Florida</province>
        <country>US</country>
      </user>
      <date>1210330020</date>
      <body>None of these films actually broke any rules... Cannibal Holocaust actually broke rules... the director was arrested for animal cruelty, and the dead people had to be shown in court so as to prove they weren't really killed...</body>
    </post> 
 <post id="MS_26205_42770082">
      <user id="MS_60439146">
        <username>El REY a.k.a. Da Franchise</username>
        <sex>M</sex>
        <age>25</age>
        <city>BRONX</city>
        <province>New York</province>
        <country>US</country>
      </user>
      <date>1210334160</date>
      <body>I agree with Mike M, citizen Kane shouldve been on there. Theres a reason why film schools all over emphasize this film so much.  I prob will catch some heat for saying this but maybe reservior dogs should've shown the heist. that movie was pretty boring to me the way it was told. I kind of came in expecting a lot more than what I got.</body>
    </post> 
 <post id="MS_26205_42775332">
      <user id="MS_281376640">
        <username>Chris</username>
        <sex>M</sex>
        <age>24</age>
        <city>New Hampshire</city>
        <province/>
        <country>US</country>
      </user>
      <date>1210340700</date>
      <body> No one's disputing that Citizen Kane was a watershed in cinema, but what qualifies it to be on a list of "rule-breakers"?</body>
    </post> 
 <post id="MS_26205_42777191">
      <user id="MS_25079542">
        <username>Helter Skelter</username>
        <sex>M</sex>
        <age>21</age>
        <city>Ft. Lauderdale</city>
        <province>Florida</province>
        <country>US</country>
      </user>
      <date>1210343520</date>
      <body>  I am one of the few against the film, it is pretentious</body>
    </post>
</posts> 
