<?xml version="1.0" encoding="UTF-8"?> 
 <posts> 
 <post id="MS_31001_44100674">
      <user id="MS_141172136">
        <username>annie</username>
        <sex>F</sex>
        <age>37</age>
        <city>ROCKAWAY</city>
        <province>New York</province>
        <country>US</country>
      </user>
      <date>1212561480</date>
      <body> Yes, I'd love to see them in maybe a Hostel type movie...</body>
    </post> 
 <post id="MS_31001_44100801">
      <user id="MS_165864578">
        <username>C. Allen Bell</username>
        <sex>M</sex>
        <age>108</age>
        <city>South philadelphia</city>
        <province>Pennsylvania</province>
        <country>US</country>
      </user>
      <date>1212561660</date>
      <body>wow radbelle will have to get on this one.</body>
    </post> 
 <post id="MS_31001_44101175">
      <user id="MS_141172136">
        <username>annie</username>
        <sex>F</sex>
        <age>37</age>
        <city>ROCKAWAY</city>
        <province>New York</province>
        <country>US</country>
      </user>
      <date>1212562140</date>
      <body> a huge summer blockbuster for Radbelle</body>
    </post> 
 <post id="MS_31001_44101239">
      <user id="MS_165864578">
        <username>C. Allen Bell</username>
        <sex>M</sex>
        <age>108</age>
        <city>South philadelphia</city>
        <province>Pennsylvania</province>
        <country>US</country>
      </user>
      <date>1212562200</date>
      <body>Let me just talk to my partner about it and we'll see if we can get it in our rigorous schedule.</body>
    </post> 
 <post id="MS_31001_44101629">
      <user id="MS_141172136">
        <username>annie</username>
        <sex>F</sex>
        <age>37</age>
        <city>ROCKAWAY</city>
        <province>New York</province>
        <country>US</country>
      </user>
      <date>1212562800</date>
      <body> There's got to be a ton of people who would love to see Ross and the gang tortured...</body>
    </post> 
 <post id="MS_31001_44102363">
      <user id="MS_165864578">
        <username>C. Allen Bell</username>
        <sex>M</sex>
        <age>108</age>
        <city>South philadelphia</city>
        <province>Pennsylvania</province>
        <country>US</country>
      </user>
      <date>1212563880</date>
      <body>I'm defiantly one of them.</body>
    </post> 
 <post id="MS_31001_44103567">
      <user id="MS_13098932">
        <username>The Question</username>
        <sex>M</sex>
        <age>31</age>
        <city>Maryland</city>
        <province/>
        <country>US</country>
      </user>
      <date>1212565560</date>
      <body>The King Of Queens.</body>
    </post> 
 <post id="MS_31001_44105235">
      <user id="MS_165864578">
        <username>C. Allen Bell</username>
        <sex>M</sex>
        <age>108</age>
        <city>South philadelphia</city>
        <province>Pennsylvania</province>
        <country>US</country>
      </user>
      <date>1212567900</date>
      <body>I loathe that show.</body>
    </post> 
 <post id="MS_31001_44105359">
      <user id="MS_141172136">
        <username>annie</username>
        <sex>F</sex>
        <age>37</age>
        <city>ROCKAWAY</city>
        <province>New York</province>
        <country>US</country>
      </user>
      <date>1212568020</date>
      <body>Any sitcom could be made a slasher film and make good money</body>
    </post> 
 <post id="MS_31001_44105482">
      <user id="MS_165864578">
        <username>C. Allen Bell</username>
        <sex>M</sex>
        <age>108</age>
        <city>South philadelphia</city>
        <province>Pennsylvania</province>
        <country>US</country>
      </user>
      <date>1212568200</date>
      <body>redbelle is prepared to start a new trend.</body>
    </post>
</posts> 
