<?xml version="1.0" encoding="UTF-8"?> 
 <posts> 
 <post id="MS_31001_44139534">
      <user id="MS_129435035">
        <username>Dixie Duke</username>
        <sex>F</sex>
        <age>23</age>
        <city>Hazzard County</city>
        <province>Georgia</province>
        <country>US</country>
      </user>
      <date>1212607980</date>
      <body>Baywatch: The movie. I predict Oscars for DavidÃ&#130;Â Hasselhoff and Pamela Anderson.</body>
    </post> 
 <post id="MS_31001_44141228">
      <user id="MS_60439146">
        <username>El REY a.k.a. Da Franchise</username>
        <sex>M</sex>
        <age>25</age>
        <city>BRONX</city>
        <province>New York</province>
        <country>US</country>
      </user>
      <date>1212610080</date>
      <body>I would like to see who they would cast for these shows.   Saved By the Bell Family Matters Fresh Prince of Bel Air Full House</body>
    </post> 
 <post id="MS_31001_44154177">
      <user id="MS_165864578">
        <username>C. Allen Bell</username>
        <sex>M</sex>
        <age>108</age>
        <city>South philadelphia</city>
        <province>Pennsylvania</province>
        <country>US</country>
      </user>
      <date>1212639180</date>
      <body> why without hannibal?</body>
    </post> 
 <post id="MS_31001_44154339">
      <user id="MS_141172136">
        <username>annie</username>
        <sex>F</sex>
        <age>37</age>
        <city>ROCKAWAY</city>
        <province>New York</province>
        <country>US</country>
      </user>
      <date>1212639600</date>
      <body> George Peppard died :(</body>
    </post> 
 <post id="MS_31001_44156493">
      <user id="MS_165864578">
        <username>C. Allen Bell</username>
        <sex>M</sex>
        <age>108</age>
        <city>South philadelphia</city>
        <province>Pennsylvania</province>
        <country>US</country>
      </user>
      <date>1212643800</date>
      <body>oh i was unaware.</body>
    </post> 
 <post id="MS_31001_44156569">
      <user id="MS_207188824">
        <username>Robo-Pennies 2.0</username>
        <sex>M</sex>
        <age>26</age>
        <city>Texas</city>
        <province/>
        <country>US</country>
      </user>
      <date>1212643920</date>
      <body>you shouldn't be, you're the one who hit him with your car.</body>
    </post> 
 <post id="MS_31001_44157004">
      <user id="MS_165864578">
        <username>C. Allen Bell</username>
        <sex>M</sex>
        <age>108</age>
        <city>South philadelphia</city>
        <province>Pennsylvania</province>
        <country>US</country>
      </user>
      <date>1212644640</date>
      <body>No way! I had no idea that was him. i was in such a rush to ditch the body. He wasn't even totally dead. I had to kick in his face until he finally stopped jerking around.</body>
    </post> 
 <post id="MS_31001_44157693">
      <user id="MS_207188824">
        <username>Robo-Pennies 2.0</username>
        <sex>M</sex>
        <age>26</age>
        <city>Texas</city>
        <province/>
        <country>US</country>
      </user>
      <date>1212645660</date>
      <body>that's so inconsiderate when victims hang on and don't just die.</body>
    </post> 
 <post id="MS_31001_44157742">
      <user id="MS_165864578">
        <username>C. Allen Bell</username>
        <sex>M</sex>
        <age>108</age>
        <city>South philadelphia</city>
        <province>Pennsylvania</province>
        <country>US</country>
      </user>
      <date>1212645720</date>
      <body>No it totally wasn't his fault. his limbs were suck in there it was real weird. i never knew limbs could twist like that.</body>
    </post> 
 <post id="MS_31001_44157879">
      <user id="MS_207188824">
        <username>Robo-Pennies 2.0</username>
        <sex>M</sex>
        <age>26</age>
        <city>Texas</city>
        <province/>
        <country>US</country>
      </user>
      <date>1212645900</date>
      <body>you give people the benefit of the doubt too much.</body>
    </post>
</posts> 
