<?xml version="1.0" encoding="UTF-8"?> 
 <posts> 
 <post id="MS_31001_44097750">
      <user id="MS_207188824">
        <username>Robo-Pennies 2.0</username>
        <sex>M</sex>
        <age>26</age>
        <city>Texas</city>
        <province/>
        <country>US</country>
      </user>
      <date>1212556020</date>
      <body>  so pretty much anything on HBO</body>
    </post> 
 <post id="MS_31001_44097830">
      <user id="MS_141172136">
        <username>annie</username>
        <sex>F</sex>
        <age>37</age>
        <city>ROCKAWAY</city>
        <province>New York</province>
        <country>US</country>
      </user>
      <date>1212556140</date>
      <body> not JOhn From Cincinatti...or that polygamist show...what is the name of that show...Christ, I even watch it....something Love... If Sex and the City is a hit...The boys from Entourage should join jump on that bandwagon now</body>
    </post> 
 <post id="MS_31001_44099130">
      <user id="MS_16820684">
        <username>jivemonkey</username>
        <sex>M</sex>
        <age>39</age>
        <city>WILLIAMSPORT</city>
        <province>INDIANA</province>
        <country>US</country>
      </user>
      <date>1212558600</date>
      <body>This may sound terrible, but with the success of the 40-Year Old Virgin, Knocked Up and Superbad, I would LOVE to see a Freaks &amp; Geeks movie. Pick up with the Weir family reunion. The cast would be AMAZING: Directed and produced by Paul Feig and Judd Apatow (original creators)  Seth Rogan Linda Cardellini James Franco Jason Segel John Frances Daley Martin Starr Joe Flaherty Samm Levine Busy Philipps  Since it only go one season, we could find out what happened to Lindsey after she gets on the bus, see what the Freaks have done with their lives, etc. I would love to see that happen.</body>
    </post> 
 <post id="MS_31001_44099208">
      <user id="MS_165864578">
        <username>C. Allen Bell</username>
        <sex>M</sex>
        <age>108</age>
        <city>South philadelphia</city>
        <province>Pennsylvania</province>
        <country>US</country>
      </user>
      <date>1212558780</date>
      <body>I thought HBO already made their own movies. home box office. home where you live.</body>
    </post> 
 <post id="MS_31001_44099246">
      <user id="MS_207188824">
        <username>Robo-Pennies 2.0</username>
        <sex>M</sex>
        <age>26</age>
        <city>Texas</city>
        <province/>
        <country>US</country>
      </user>
      <date>1212558900</date>
      <body>they should do a csi:maimi/pink panther crossover.</body>
    </post> 
 <post id="MS_31001_44099283">
      <user id="MS_165864578">
        <username>C. Allen Bell</username>
        <sex>M</sex>
        <age>108</age>
        <city>South philadelphia</city>
        <province>Pennsylvania</province>
        <country>US</country>
      </user>
      <date>1212558960</date>
      <body>will it have beyonce in it?</body>
    </post> 
 <post id="MS_31001_44099307">
      <user id="MS_207188824">
        <username>Robo-Pennies 2.0</username>
        <sex>M</sex>
        <age>26</age>
        <city>Texas</city>
        <province/>
        <country>US</country>
      </user>
      <date>1212559020</date>
      <body>she's contributing 3 new songs to the soundtrack. david caruso is doing 2.</body>
    </post> 
 <post id="MS_31001_44099479">
      <user id="MS_165864578">
        <username>C. Allen Bell</username>
        <sex>M</sex>
        <age>108</age>
        <city>South philadelphia</city>
        <province>Pennsylvania</province>
        <country>US</country>
      </user>
      <date>1212559380</date>
      <body>This all sounds very promising. it will be PG right? we need to shelter the innocent.</body>
    </post> 
 <post id="MS_31001_44099488">
      <user id="MS_284857110">
        <username>dep</username>
        <sex>M</sex>
        <age>99</age>
        <city>Where the Horny Girls Aren't.</city>
        <province>Florida</province>
        <country>US</country>
      </user>
      <date>1212559380</date>
      <body>Sliders.</body>
    </post> 
 <post id="MS_31001_44100254">
      <user id="MS_344194763">
        <username>michelle</username>
        <sex>F</sex>
        <age>32</age>
        <city>UK</city>
        <province/>
        <country/>
      </user>
      <date>1212560880</date>
      <body>i would love to see friends</body>
    </post>
</posts> 
