<?xml version="1.0" encoding="UTF-8"?> 
 <posts> 
 <post id="MS_1275_44529748">
      <user id="MS_239251549">
        <username>â&#156;&#152;[C] A T.â&#153;¥&lt;33[Ñ&#143;Î±Ï&#137;r ã&#131;&#132;</username>
        <sex>F</sex>
        <age>16</age>
        <city>costa mesa</city>
        <province>California</province>
        <country>US</country>
      </user>
      <date>1213210440</date>
      <body>um...</body>
    </post> 
 <post id="MS_1275_44530072">
      <user id="MS_88876286">
        <username>Beto =/</username>
        <sex>M</sex>
        <age>21</age>
        <city>California</city>
        <province/>
        <country>US</country>
      </user>
      <date>1213210860</date>
      <body>hmmm.... single</body>
    </post> 
 <post id="MS_1275_44530119">
      <user id="MS_350808254">
        <username>The [Epit0me] of PerFecTion</username>
        <sex>F</sex>
        <age>23</age>
        <city>WiDe AwaKe/Kenly</city>
        <province>North Carolina</province>
        <country>US</country>
      </user>
      <date>1213210920</date>
      <body>single</body>
    </post> 
 <post id="MS_1275_44530366">
      <user id="MS_182070469">
        <username>The Mighty S Man</username>
        <sex>M</sex>
        <age>17</age>
        <city>Anoka</city>
        <province>Minnesota</province>
        <country>US</country>
      </user>
      <date>1213211220</date>
      <body>taken</body>
    </post> 
 <post id="MS_1275_44530447">
      <user id="MS_350808254">
        <username>The [Epit0me] of PerFecTion</username>
        <sex>F</sex>
        <age>23</age>
        <city>WiDe AwaKe/Kenly</city>
        <province>North Carolina</province>
        <country>US</country>
      </user>
      <date>1213211340</date>
      <body> im single</body>
    </post> 
 <post id="MS_1275_44530510">
      <user id="MS_182070469">
        <username>The Mighty S Man</username>
        <sex>M</sex>
        <age>17</age>
        <city>Anoka</city>
        <province>Minnesota</province>
        <country>US</country>
      </user>
      <date>1213211400</date>
      <body>oh you don't look it</body>
    </post> 
 <post id="MS_1275_44530631">
      <user id="MS_350808254">
        <username>The [Epit0me] of PerFecTion</username>
        <sex>F</sex>
        <age>23</age>
        <city>WiDe AwaKe/Kenly</city>
        <province>North Carolina</province>
        <country>US</country>
      </user>
      <date>1213211520</date>
      <body>how does a person look single or taken</body>
    </post> 
 <post id="MS_1275_44530698">
      <user id="MS_182070469">
        <username>The Mighty S Man</username>
        <sex>M</sex>
        <age>17</age>
        <city>Anoka</city>
        <province>Minnesota</province>
        <country>US</country>
      </user>
      <date>1213211580</date>
      <body>uhduhnuh you have a bottle of champagne in your mouth and you look like your in a hotel room</body>
    </post> 
 <post id="MS_1275_44530998">
      <user id="MS_350808254">
        <username>The [Epit0me] of PerFecTion</username>
        <sex>F</sex>
        <age>23</age>
        <city>WiDe AwaKe/Kenly</city>
        <province>North Carolina</province>
        <country>US</country>
      </user>
      <date>1213211940</date>
      <body>lmfao....it was for my best friends birthday</body>
    </post> 
 <post id="MS_1275_44534525">
      <user id="MS_306209318">
        <username>R0b3rT</username>
        <sex>M</sex>
        <age>15</age>
        <city>Virginia</city>
        <province/>
        <country>US</country>
      </user>
      <date>1213216440</date>
      <body>u look like a partier, imma say single</body>
    </post>
</posts> 
