<?xml version="1.0" encoding="UTF-8"?> 
 <posts> 
 <post id="MS_29174_46035423">
      <user id="MS_165864578">
        <username>C. Allen Bell</username>
        <sex>M</sex>
        <age>108</age>
        <city>South philadelphia</city>
        <province>Pennsylvania</province>
        <country>US</country>
      </user>
      <date>1215683640</date>
      <body>Whore!!!!</body>
    </post> 
 <post id="MS_29174_46035890">
      <user id="MS_2278378">
        <username>Surf</username>
        <sex>M</sex>
        <age>27</age>
        <city>Riverside (No Longer San Diego :(</city>
        <province>California</province>
        <country>US</country>
      </user>
      <date>1215684120</date>
      <body>  I believe you mean "Magnum"  </body>
    </post> 
 <post id="MS_29174_46036211">
      <user id="MS_103342454">
        <username>Heidi</username>
        <sex>F</sex>
        <age>33</age>
        <city>Tampa</city>
        <province>Florida</province>
        <country>US</country>
      </user>
      <date>1215684480</date>
      <body/>
    </post> 
 <post id="MS_29174_46036318">
      <user id="MS_97326494">
        <username>Duncan Destruction</username>
        <sex>M</sex>
        <age>25</age>
        <city>Dundee</city>
        <province>Scotland</province>
        <country>UK</country>
      </user>
      <date>1215684540</date>
      <body>All of them, FUCKING ACTORS!</body>
    </post> 
 <post id="MS_29174_46036538">
      <user id="MS_141172136">
        <username>annie</username>
        <sex>F</sex>
        <age>37</age>
        <city>ROCKAWAY</city>
        <province>New York</province>
        <country>US</country>
      </user>
      <date>1215684780</date>
      <body>Linsey Lohan Will Farrell Anjelina Jolie Jessica Alba...she cannot act, sorry fellas</body>
    </post> 
 <post id="MS_29174_46036646">
      <user id="MS_97326494">
        <username>Duncan Destruction</username>
        <sex>M</sex>
        <age>25</age>
        <city>Dundee</city>
        <province>Scotland</province>
        <country>UK</country>
      </user>
      <date>1215684900</date>
      <body>  Also Scarlett Johansson, she's only good if the role requires her to look confused all the time.</body>
    </post> 
 <post id="MS_29174_46036651">
      <user id="MS_2278378">
        <username>Surf</username>
        <sex>M</sex>
        <age>27</age>
        <city>Riverside (No Longer San Diego :(</city>
        <province>California</province>
        <country>US</country>
      </user>
      <date>1215684900</date>
      <body>  We know, that's not why we like her.  </body>
    </post> 
 <post id="MS_29174_46036658">
      <user id="MS_165864578">
        <username>C. Allen Bell</username>
        <sex>M</sex>
        <age>108</age>
        <city>South philadelphia</city>
        <province>Pennsylvania</province>
        <country>US</country>
      </user>
      <date>1215684900</date>
      <body>I don't tihnk anyone s under the illusion that she can in fact act but she does have tits. Those in some cases make up for acting all togther.</body>
    </post> 
 <post id="MS_29174_46042032">
      <user id="MS_60439146">
        <username>El REY a.k.a. Da Franchise</username>
        <sex>M</sex>
        <age>25</age>
        <city>BRONX</city>
        <province>New York</province>
        <country>US</country>
      </user>
      <date>1215690300</date>
      <body>  I never thought he was in snl and i dont think hes funny now.</body>
    </post> 
 <post id="MS_29174_46042224">
      <user id="MS_165864578">
        <username>C. Allen Bell</username>
        <sex>M</sex>
        <age>108</age>
        <city>South philadelphia</city>
        <province>Pennsylvania</province>
        <country>US</country>
      </user>
      <date>1215690480</date>
      <body> Ahmen.</body>
    </post>
</posts> 
