<?xml version="1.0" encoding="UTF-8"?> 
 <posts> 
 <post id="MS_29174_46035147">
      <user id="MS_153954866">
        <username>Patrick</username>
        <sex>M</sex>
        <age>34</age>
        <city>Lake Villa</city>
        <province>Illinois</province>
        <country>US</country>
      </user>
      <date>1215683280</date>
      <body>Ben stiller, Vince Vaughn, Owen Wilson........Enough already.....</body>
    </post> 
 <post id="MS_29174_46035221">
      <user id="MS_2278378">
        <username>Surf</username>
        <sex>M</sex>
        <age>27</age>
        <city>Riverside (No Longer San Diego :(</city>
        <province>California</province>
        <country>US</country>
      </user>
      <date>1215683400</date>
      <body>  Gonna be a bit before we see Owen Wilson doing any starring roles. That suicide attempt didn't do wonders for his career I'm sure.</body>
    </post> 
 <post id="MS_29174_46035230">
      <user id="MS_118204420">
        <username>Dain bramaged</username>
        <sex>M</sex>
        <age>29</age>
        <city>The last place you look</city>
        <province>Florida</province>
        <country>US</country>
      </user>
      <date>1215683400</date>
      <body> thats b/c he needs to master blue steel   also I'm sick of Ben Stiller.</body>
    </post> 
 <post id="MS_29174_46035362">
      <user id="MS_320148833">
        <username>â&#152; Jennâ&#152; </username>
        <sex>F</sex>
        <age>28</age>
        <city>SACRAMENTO</city>
        <province>California</province>
        <country>US</country>
      </user>
      <date>1215683580</date>
      <body>   Drillbit Taylor?</body>
    </post> 
 <post id="MS_29174_46035423">
      <user id="MS_165864578">
        <username>C. Allen Bell</username>
        <sex>M</sex>
        <age>108</age>
        <city>South philadelphia</city>
        <province>Pennsylvania</province>
        <country>US</country>
      </user>
      <date>1215683640</date>
      <body>Whore!!!!</body>
    </post> 
 <post id="MS_29174_46035890">
      <user id="MS_2278378">
        <username>Surf</username>
        <sex>M</sex>
        <age>27</age>
        <city>Riverside (No Longer San Diego :(</city>
        <province>California</province>
        <country>US</country>
      </user>
      <date>1215684120</date>
      <body>  I believe you mean "Magnum"  </body>
    </post> 
 <post id="MS_29174_46036211">
      <user id="MS_103342454">
        <username>Heidi</username>
        <sex>F</sex>
        <age>33</age>
        <city>Tampa</city>
        <province>Florida</province>
        <country>US</country>
      </user>
      <date>1215684480</date>
      <body/>
    </post> 
 <post id="MS_29174_46036318">
      <user id="MS_97326494">
        <username>Duncan Destruction</username>
        <sex>M</sex>
        <age>25</age>
        <city>Dundee</city>
        <province>Scotland</province>
        <country>UK</country>
      </user>
      <date>1215684540</date>
      <body>All of them, FUCKING ACTORS!</body>
    </post> 
 <post id="MS_29174_46036538">
      <user id="MS_141172136">
        <username>annie</username>
        <sex>F</sex>
        <age>37</age>
        <city>ROCKAWAY</city>
        <province>New York</province>
        <country>US</country>
      </user>
      <date>1215684780</date>
      <body>Linsey Lohan Will Farrell Anjelina Jolie Jessica Alba...she cannot act, sorry fellas</body>
    </post> 
 <post id="MS_29174_46036646">
      <user id="MS_97326494">
        <username>Duncan Destruction</username>
        <sex>M</sex>
        <age>25</age>
        <city>Dundee</city>
        <province>Scotland</province>
        <country>UK</country>
      </user>
      <date>1215684900</date>
      <body>  Also Scarlett Johansson, she's only good if the role requires her to look confused all the time.</body>
    </post>
</posts> 
