<?xml version="1.0" encoding="UTF-8"?> 
 <posts> 
 <post id="MS_12612_51815236">
      <user id="MS_35158736">
        <username>5 days for 5 minutes?!</username>
        <sex>M</sex>
        <age>23</age>
        <city>Freakville</city>
        <province>Florida</province>
        <country>US</country>
      </user>
      <date>1225196460</date>
      <body>Because my candidate dropped out. And I don't think that either mainstream candidate has the best interests of the country and it's citizens in their real plan. I also think the founding fathers would want another revoloution by now.</body>
    </post> 
 <post id="MS_12612_51815283">
      <user id="MS_26692575">
        <username>Todd</username>
        <sex>M</sex>
        <age>26</age>
        <city>Nashville</city>
        <province>TENNESSEE</province>
        <country>US</country>
      </user>
      <date>1225196460</date>
      <body> Some people don't watch TV or listen to the radio. not because they are lazy but because the political system in this country is flawed. Dems try to make it about hope and future (even though they can't really bring about a better future) and the Republican try and win by using fear (a vote for Obama is a vote for a terrorist) as the videos you have posted proves (so thanks for proving my point for me Desperate Republicans).</body>
    </post> 
 <post id="MS_12612_51815316">
      <user id="MS_26692575">
        <username>Todd</username>
        <sex>M</sex>
        <age>26</age>
        <city>Nashville</city>
        <province>TENNESSEE</province>
        <country>US</country>
      </user>
      <date>1225196520</date>
      <body> I don't have the power to delete forums. I can only show you how you are an idiot.</body>
    </post> 
 <post id="MS_12612_51815341">
      <user id="MS_101676732">
        <username>Dawn</username>
        <sex>F</sex>
        <age>20</age>
        <city>Puyallup</city>
        <province>Washington</province>
        <country>US</country>
      </user>
      <date>1225196580</date>
      <body>  Last-minute research and listening to pundits does not quite equal the same as actually following the campaigns. And a lot of people have died for a lot of rights we don't invoke at every opportunity.  Also it really did sneak up on me.</body>
    </post> 
 <post id="MS_12612_51815367">
      <user id="MS_423020769">
        <username>Desperate Republicans</username>
        <sex>M</sex>
        <age>38</age>
        <city>CHICAGO</city>
        <province>Illinois</province>
        <country>US</country>
      </user>
      <date>1225196580</date>
      <body>Hey  cut down on your meat intake. Blood pressure not good.</body>
    </post> 
 <post id="MS_12612_51815441">
      <user id="MS_101676732">
        <username>Dawn</username>
        <sex>F</sex>
        <age>20</age>
        <city>Puyallup</city>
        <province>Washington</province>
        <country>US</country>
      </user>
      <date>1225196700</date>
      <body>  I think we're a few generations past when they would just want one, actually.</body>
    </post> 
 <post id="MS_12612_51815534">
      <user id="MS_35158736">
        <username>5 days for 5 minutes?!</username>
        <sex>M</sex>
        <age>23</age>
        <city>Freakville</city>
        <province>Florida</province>
        <country>US</country>
      </user>
      <date>1225196820</date>
      <body>   Yea... Probably.</body>
    </post> 
 <post id="MS_12612_51815536">
      <user id="MS_423020769">
        <username>Desperate Republicans</username>
        <sex>M</sex>
        <age>38</age>
        <city>CHICAGO</city>
        <province>Illinois</province>
        <country>US</country>
      </user>
      <date>1225196820</date>
      <body>quick headlines         </body>
    </post> 
 <post id="MS_12612_51815542">
      <user id="MS_26692575">
        <username>Todd</username>
        <sex>M</sex>
        <age>26</age>
        <city>Nashville</city>
        <province>TENNESSEE</province>
        <country>US</country>
      </user>
      <date>1225196820</date>
      <body> I'll agree with you on the last min thing. What did Desperate Republicans say about meat intake. I think he is loosing it. We already know he is in denial about who is going to win the election.</body>
    </post> 
 <post id="MS_12612_51815604">
      <user id="MS_26692575">
        <username>Todd</username>
        <sex>M</sex>
        <age>26</age>
        <city>Nashville</city>
        <province>TENNESSEE</province>
        <country>US</country>
      </user>
      <date>1225196880</date>
      <body> DOES THAT REALLY SAY DON'T FACT CHECK JUST ELECT.......Thats my point. you don't want people to look to closely. because if they do they will vte for someone else.</body>
    </post>
</posts> 
