<?xml version="1.0" encoding="UTF-8"?> 
 <posts> 
 <post id="MS_675_2016">
      <user id="MS_281935">
        <username>Patrick</username>
        <sex>M</sex>
        <age>26</age>
        <city>hobo town</city>
        <province>Washington DC</province>
        <country>US</country>
      </user>
      <date>1081172760</date>
      <body>any frat guys in the dc area looking for a hot redhead, give me a call. i'm your man.</body>
    </post> 
 <post id="MS_675_47595051">
      <user id="MS_54308340">
        <username>Mirko "Cro Cop" Filipovic is GOD!!</username>
        <sex>M</sex>
        <age>18</age>
        <city>Louisiana</city>
        <province/>
        <country>US</country>
      </user>
      <date>1218156120</date>
      <body>id let u shove it up my bum</body>
    </post>
</posts> 
