<?xml version="1.0" encoding="UTF-8"?> 
 <posts> 
 <post id="MS_9212_41297053">
      <user id="MS_254122372">
        <username>Black Sheep SuzieQ</username>
        <sex>F</sex>
        <age>47</age>
        <city>North Myrtle Beach</city>
        <province>South Carolina</province>
        <country>US</country>
      </user>
      <date>1207918020</date>
      <body>The friends on your list say a lot.</body>
    </post> 
 <post id="MS_9212_41297647">
      <user id="MS_47339035">
        <username>Agent Working Myspace</username>
        <sex>M</sex>
        <age>38</age>
        <city>Bananastan</city>
        <province>Georgia</province>
        <country>US</country>
      </user>
      <date>1207918860</date>
      <body>  From the closing paragraph:  "Once we have absorbed and understood the fact of Jewish media control, it is our inescapable responsibility to do whatever is necessary to break that control."  Their emphasis, not mine.  What's that all about?</body>
    </post> 
 <post id="MS_9212_41298052">
      <user id="MS_254122372">
        <username>Black Sheep SuzieQ</username>
        <sex>F</sex>
        <age>47</age>
        <city>North Myrtle Beach</city>
        <province>South Carolina</province>
        <country>US</country>
      </user>
      <date>1207919460</date>
      <body>   Pretty simple. We as Americans need to take back our country from Zionist Israel.</body>
    </post> 
 <post id="MS_9212_41300612">
      <user id="MS_47339035">
        <username>Agent Working Myspace</username>
        <sex>M</sex>
        <age>38</age>
        <city>Bananastan</city>
        <province>Georgia</province>
        <country>US</country>
      </user>
      <date>1207923480</date>
      <body>  Do you think you can make a valid case for that without posting links to sophomoric literature that's used to fool an bunch of stupid skinheads?</body>
    </post> 
 <post id="MS_9212_41302572">
      <user id="MS_10438961">
        <username>Mike the roboslayer, like, killing robots and shit</username>
        <sex>M</sex>
        <age>31</age>
        <city>PHOENIX</city>
        <province>Arizona</province>
        <country>US</country>
      </user>
      <date>1207926600</date>
      <body>EVeryone on myspace already has foot-in-mouth disease, so why should any of you even care?</body>
    </post> 
 <post id="MS_9212_41303837">
      <user id="MS_254122372">
        <username>Black Sheep SuzieQ</username>
        <sex>F</sex>
        <age>47</age>
        <city>North Myrtle Beach</city>
        <province>South Carolina</province>
        <country>US</country>
      </user>
      <date>1207928580</date>
      <body>   It would take me days to gather the information required to explain everything within the websites I've posted. Believe me, it's only a fraction of what you're not learning from the mainstream media. I gave you a jump start on things I consider to be of importance and now it's your turn to do research.  I never said I was smarter than anyone. I just don't have my head in the sand pretending all is well with this country. While you're researching check out the NAU, or the North American Union and PNAC (Project For A New American Century).  Bye now.</body>
    </post> 
 <post id="MS_9212_41304068">
      <user id="MS_73245433">
        <username>B.C. Bud</username>
        <sex>F</sex>
        <age>58</age>
        <city>Fraser Valley</city>
        <province>British Columbia</province>
        <country>CA</country>
      </user>
      <date>1207928940</date>
      <body>   Oh gawd, another f**king southern red neck...I guess your daddy was the grand pooh-ba dragon of the KKK. Take your country back, now that's a joke, Israel is the US's pit stop in the ME, why do you think they support them? Duh...</body>
    </post> 
 <post id="MS_9212_41307069">
      <user id="MS_254122372">
        <username>Black Sheep SuzieQ</username>
        <sex>F</sex>
        <age>47</age>
        <city>North Myrtle Beach</city>
        <province>South Carolina</province>
        <country>US</country>
      </user>
      <date>1207933740</date>
      <body>  Get a grip!  I'm from Annapolis, MD and have many past and present high level NSA relatives. I know a lot of things you couldn't even imagine!  You say Israel is the US's pit stop to the Middle East. HA! Israel is the REASON the Middle East hates us so much. Israel is one of THE WORST TERRORIST... if not THE WORST... nations in the world. Look what they've done to the Palestinians. But the Zionist controlled media spins it as if Palestine is the bad guy and Israel is wonderful. Get your head out of your ass and learn the truth.</body>
    </post> 
 <post id="MS_9212_41309761">
      <user id="MS_35280508">
        <username>LuCidiTy</username>
        <sex>F</sex>
        <age>46</age>
        <city>Alpha Centauri</city>
        <province/>
        <country>UM</country>
      </user>
      <date>1207938600</date>
      <body>  Suz!!!!!!!!!!!!!!!!!!!1</body>
    </post> 
 <post id="MS_9212_41309950">
      <user id="MS_254122372">
        <username>Black Sheep SuzieQ</username>
        <sex>F</sex>
        <age>47</age>
        <city>North Myrtle Beach</city>
        <province>South Carolina</province>
        <country>US</country>
      </user>
      <date>1207938900</date>
      <body>   HEY!!!!! How are things?</body>
    </post>
</posts> 
