<?xml version="1.0" encoding="UTF-8"?> 
 <posts> 
 <post id="MS_9212_41278295">
      <user id="MS_203423677">
        <username>I am not Beer</username>
        <sex>M</sex>
        <age>34</age>
        <city>FRANKLIN SQUARE</city>
        <province>New York</province>
        <country>US</country>
      </user>
      <date>1207891560</date>
      <body>  Learn to think or have the chemtrails eaten away your brain?</body>
    </post> 
 <post id="MS_9212_41279281">
      <user id="MS_203423677">
        <username>I am not Beer</username>
        <sex>M</sex>
        <age>34</age>
        <city>FRANKLIN SQUARE</city>
        <province>New York</province>
        <country>US</country>
      </user>
      <date>1207893300</date>
      <body>I find it funny how you think Fox News lies but you used Fox News as a source for this story.</body>
    </post> 
 <post id="MS_9212_41279896">
      <user id="MS_4016436">
        <username>:.::Sick Salvaâ&#128; ion:.::</username>
        <sex>M</sex>
        <age>24</age>
        <city>Van Nuys</city>
        <province>California</province>
        <country>US</country>
      </user>
      <date>1207894260</date>
      <body> Alcohol......making the stupid stupider.</body>
    </post> 
 <post id="MS_9212_41279999">
      <user id="MS_203423677">
        <username>I am not Beer</username>
        <sex>M</sex>
        <age>34</age>
        <city>FRANKLIN SQUARE</city>
        <province>New York</province>
        <country>US</country>
      </user>
      <date>1207894380</date>
      <body>  Or helping you get laid</body>
    </post> 
 <post id="MS_9212_41280668">
      <user id="MS_4016436">
        <username>:.::Sick Salvaâ&#128; ion:.::</username>
        <sex>M</sex>
        <age>24</age>
        <city>Van Nuys</city>
        <province>California</province>
        <country>US</country>
      </user>
      <date>1207895580</date>
      <body> sucks you need it to get laid man. sorry to hear that.</body>
    </post> 
 <post id="MS_9212_41280738">
      <user id="MS_203423677">
        <username>I am not Beer</username>
        <sex>M</sex>
        <age>34</age>
        <city>FRANKLIN SQUARE</city>
        <province>New York</province>
        <country>US</country>
      </user>
      <date>1207895700</date>
      <body>  </body>
    </post> 
 <post id="MS_9212_41287463">
      <user id="MS_35280508">
        <username>LuCidiTy</username>
        <sex>F</sex>
        <age>46</age>
        <city>Alpha Centauri</city>
        <province/>
        <country>UM</country>
      </user>
      <date>1207904520</date>
      <body>  this is an AP story, you dumb shit. give up already. you've proven how retarded you are. it's getting boring.</body>
    </post> 
 <post id="MS_9212_41287574">
      <user id="MS_203423677">
        <username>I am not Beer</username>
        <sex>M</sex>
        <age>34</age>
        <city>FRANKLIN SQUARE</city>
        <province>New York</province>
        <country>US</country>
      </user>
      <date>1207904640</date>
      <body>  I clicked your link and got this  http://www.foxnews.com/story/0,2933,350135,00.html</body>
    </post> 
 <post id="MS_9212_41288040">
      <user id="MS_35280508">
        <username>LuCidiTy</username>
        <sex>F</sex>
        <age>46</age>
        <city>Alpha Centauri</city>
        <province/>
        <country>UM</country>
      </user>
      <date>1207905360</date>
      <body>like i said. dumb shit.</body>
    </post> 
 <post id="MS_9212_41290354">
      <user id="MS_254122372">
        <username>Black Sheep SuzieQ</username>
        <sex>F</sex>
        <age>47</age>
        <city>North Myrtle Beach</city>
        <province>South Carolina</province>
        <country>US</country>
      </user>
      <date>1207908660</date>
      <body>Here are alternate links to the above mentioned Dumb Shit on the same story:  http://seattletimes.nwsource.com/html/politics/2004341625_apanim aldisease.html?syndication=rss  http://www.physorg.com/news127128392.html  http://news.yahoo.com/s/ap/20080411/ap_on_go_ot/animal_disease   http://www.huffingtonpost.com/2008/04/11/bush-admin-wants-to-mov e_n_96203.html  OK, I'll stop now. It's fun to cut and paste! Dumb Shit needs to know, however, I run with scissors.  xo</body>
    </post>
</posts> 
