<?xml version="1.0" encoding="UTF-8"?> 
 <posts> 
 <post id="MS_9212_41293514">
      <user id="MS_254122372">
        <username>Black Sheep SuzieQ</username>
        <sex>F</sex>
        <age>47</age>
        <city>North Myrtle Beach</city>
        <province>South Carolina</province>
        <country>US</country>
      </user>
      <date>1207912980</date>
      <body>Excuse me. Texas. My eyes caught the "Mexico" in your locale and I typed in New Mexico.</body>
    </post> 
 <post id="MS_9212_41293660">
      <user id="MS_47339035">
        <username>Agent Working Myspace</username>
        <sex>M</sex>
        <age>38</age>
        <city>Bananastan</city>
        <province>Georgia</province>
        <country>US</country>
      </user>
      <date>1207913160</date>
      <body>  This one was my favorite. I never knew that people like Gilbert Gottfried and Geddy Lee were secretly controlling television broadcasts. I knew there HAD to be a reason we had over a decade of Jerry Seinfeld on TV. Now it's all clear.</body>
    </post> 
 <post id="MS_9212_41294530">
      <user id="MS_248540846">
        <username>Say No To Microchip Implants</username>
        <sex>M</sex>
        <age>36</age>
        <city>US</city>
        <province/>
        <country/>
      </user>
      <date>1207914360</date>
      <body> What a lovely man.  I wonder what he does for a living.</body>
    </post> 
 <post id="MS_9212_41296992">
      <user id="MS_254122372">
        <username>Black Sheep SuzieQ</username>
        <sex>F</sex>
        <age>47</age>
        <city>North Myrtle Beach</city>
        <province>South Carolina</province>
        <country>US</country>
      </user>
      <date>1207917960</date>
      <body>http://www.stormfront.org/jewish/whorules.html</body>
    </post> 
 <post id="MS_9212_41297053">
      <user id="MS_254122372">
        <username>Black Sheep SuzieQ</username>
        <sex>F</sex>
        <age>47</age>
        <city>North Myrtle Beach</city>
        <province>South Carolina</province>
        <country>US</country>
      </user>
      <date>1207918020</date>
      <body>The friends on your list say a lot.</body>
    </post> 
 <post id="MS_9212_41297647">
      <user id="MS_47339035">
        <username>Agent Working Myspace</username>
        <sex>M</sex>
        <age>38</age>
        <city>Bananastan</city>
        <province>Georgia</province>
        <country>US</country>
      </user>
      <date>1207918860</date>
      <body>  From the closing paragraph:  "Once we have absorbed and understood the fact of Jewish media control, it is our inescapable responsibility to do whatever is necessary to break that control."  Their emphasis, not mine.  What's that all about?</body>
    </post> 
 <post id="MS_9212_41298052">
      <user id="MS_254122372">
        <username>Black Sheep SuzieQ</username>
        <sex>F</sex>
        <age>47</age>
        <city>North Myrtle Beach</city>
        <province>South Carolina</province>
        <country>US</country>
      </user>
      <date>1207919460</date>
      <body>   Pretty simple. We as Americans need to take back our country from Zionist Israel.</body>
    </post> 
 <post id="MS_9212_41300612">
      <user id="MS_47339035">
        <username>Agent Working Myspace</username>
        <sex>M</sex>
        <age>38</age>
        <city>Bananastan</city>
        <province>Georgia</province>
        <country>US</country>
      </user>
      <date>1207923480</date>
      <body>  Do you think you can make a valid case for that without posting links to sophomoric literature that's used to fool an bunch of stupid skinheads?</body>
    </post> 
 <post id="MS_9212_41302572">
      <user id="MS_10438961">
        <username>Mike the roboslayer, like, killing robots and shit</username>
        <sex>M</sex>
        <age>31</age>
        <city>PHOENIX</city>
        <province>Arizona</province>
        <country>US</country>
      </user>
      <date>1207926600</date>
      <body>EVeryone on myspace already has foot-in-mouth disease, so why should any of you even care?</body>
    </post> 
 <post id="MS_9212_41303837">
      <user id="MS_254122372">
        <username>Black Sheep SuzieQ</username>
        <sex>F</sex>
        <age>47</age>
        <city>North Myrtle Beach</city>
        <province>South Carolina</province>
        <country>US</country>
      </user>
      <date>1207928580</date>
      <body>   It would take me days to gather the information required to explain everything within the websites I've posted. Believe me, it's only a fraction of what you're not learning from the mainstream media. I gave you a jump start on things I consider to be of importance and now it's your turn to do research.  I never said I was smarter than anyone. I just don't have my head in the sand pretending all is well with this country. While you're researching check out the NAU, or the North American Union and PNAC (Project For A New American Century).  Bye now.</body>
    </post>
</posts> 
