<?xml version="1.0" encoding="UTF-8"?> 
 <posts> 
 <post id="MS_9212_41291316">
      <user id="MS_203423677">
        <username>I am not Beer</username>
        <sex>M</sex>
        <age>34</age>
        <city>FRANKLIN SQUARE</city>
        <province>New York</province>
        <country>US</country>
      </user>
      <date>1207910040</date>
      <body>  I can't. I have to go to work.   I went to your links, thank you</body>
    </post> 
 <post id="MS_9212_41292460">
      <user id="MS_47339035">
        <username>Agent Working Myspace</username>
        <sex>M</sex>
        <age>38</age>
        <city>Bananastan</city>
        <province>Georgia</province>
        <country>US</country>
      </user>
      <date>1207911540</date>
      <body>So let me get this straight. If Bush warns of a possible bird flu pandemic, that's fearmongering neocon bullshit. But if the media accuses Bush of introducing foot &amp; mouth disease to the mainland, that's something to genuinely fear. I think I see the picture now.</body>
    </post> 
 <post id="MS_9212_41292466">
      <user id="MS_254122372">
        <username>Black Sheep SuzieQ</username>
        <sex>F</sex>
        <age>47</age>
        <city>North Myrtle Beach</city>
        <province>South Carolina</province>
        <country>US</country>
      </user>
      <date>1207911540</date>
      <body>Quite an ironic quote coming from someone I gather supports the Bush agenda.</body>
    </post> 
 <post id="MS_9212_41292539">
      <user id="MS_47339035">
        <username>Agent Working Myspace</username>
        <sex>M</sex>
        <age>38</age>
        <city>Bananastan</city>
        <province>Georgia</province>
        <country>US</country>
      </user>
      <date>1207911660</date>
      <body>  You gathered wrong. By the look of your blogs it seems this isn't the first time.</body>
    </post> 
 <post id="MS_9212_41292559">
      <user id="MS_254122372">
        <username>Black Sheep SuzieQ</username>
        <sex>F</sex>
        <age>47</age>
        <city>North Myrtle Beach</city>
        <province>South Carolina</province>
        <country>US</country>
      </user>
      <date>1207911720</date>
      <body>You must take into account it's still the mainstream media which IS controlled by the U.S. government.</body>
    </post> 
 <post id="MS_9212_41292612">
      <user id="MS_254122372">
        <username>Black Sheep SuzieQ</username>
        <sex>F</sex>
        <age>47</age>
        <city>North Myrtle Beach</city>
        <province>South Carolina</province>
        <country>US</country>
      </user>
      <date>1207911780</date>
      <body>Tell me where I'm wrong.</body>
    </post> 
 <post id="MS_9212_41292702">
      <user id="MS_47339035">
        <username>Agent Working Myspace</username>
        <sex>M</sex>
        <age>38</age>
        <city>Bananastan</city>
        <province>Georgia</province>
        <country>US</country>
      </user>
      <date>1207911900</date>
      <body>  You gathered that I support the Bush agenda. I don't. But being polarized with such bias how can you be expected to see clearly?</body>
    </post> 
 <post id="MS_9212_41292878">
      <user id="MS_254122372">
        <username>Black Sheep SuzieQ</username>
        <sex>F</sex>
        <age>47</age>
        <city>North Myrtle Beach</city>
        <province>South Carolina</province>
        <country>US</country>
      </user>
      <date>1207912080</date>
      <body>I was speaking to the guy from New Mexico</body>
    </post> 
 <post id="MS_9212_41293419">
      <user id="MS_254122372">
        <username>Black Sheep SuzieQ</username>
        <sex>F</sex>
        <age>47</age>
        <city>North Myrtle Beach</city>
        <province>South Carolina</province>
        <country>US</country>
      </user>
      <date>1207912860</date>
      <body>Start here:  http://theoneworldgovernment.com/content/view/25/38/  http://www.corporations.org/media/  http://www.sweetliberty.org/issues/shadow/jewishmedia.htm</body>
    </post> 
 <post id="MS_9212_41293514">
      <user id="MS_254122372">
        <username>Black Sheep SuzieQ</username>
        <sex>F</sex>
        <age>47</age>
        <city>North Myrtle Beach</city>
        <province>South Carolina</province>
        <country>US</country>
      </user>
      <date>1207912980</date>
      <body>Excuse me. Texas. My eyes caught the "Mexico" in your locale and I typed in New Mexico.</body>
    </post>
</posts> 
