<?xml version="1.0" encoding="UTF-8"?> 
 <posts> 
 <post id="MS_9212_41277952">
      <user id="MS_35280508">
        <username>LuCidiTy</username>
        <sex>F</sex>
        <age>46</age>
        <city>Alpha Centauri</city>
        <province/>
        <country>UM</country>
      </user>
      <date>1207890960</date>
      <body>Friday, April 11, 2008   Associated Press WASHINGTONÂ â&#128;&#148;Â  The Bush administration is likely to move its research on one of the most contagious animal diseases from an isolated island laboratory to the U.S. mainland near herds of livestock, raising concerns about a catastrophic outbreak. Skeptical Democrats in Congress are demanding to see internal documents they believe highlight the risks and consequences of thedecision. An epidemic of the disease, foot and mouth, which only affectsanimals, could devastate the livestock industry.  One such government report, produced last year and already turned over to lawmakers by the Homeland Security Department, combined commercial satellite images and federal farm data to show the proximity to livestock herds of locations that have been considered for the new lab. "Would an accidental laboratory release at these locations have the potential to affect nearby livestock?" asked the nine-page documentÂ· It did not directly answer the question. Read the Rest</body>
    </post> 
 <post id="MS_9212_41278053">
      <user id="MS_203423677">
        <username>I am not Beer</username>
        <sex>M</sex>
        <age>34</age>
        <city>FRANKLIN SQUARE</city>
        <province>New York</province>
        <country>US</country>
      </user>
      <date>1207891140</date>
      <body/>
    </post> 
 <post id="MS_9212_41278249">
      <user id="MS_35280508">
        <username>LuCidiTy</username>
        <sex>F</sex>
        <age>46</age>
        <city>Alpha Centauri</city>
        <province/>
        <country>UM</country>
      </user>
      <date>1207891500</date>
      <body>grow the fuck up</body>
    </post> 
 <post id="MS_9212_41278295">
      <user id="MS_203423677">
        <username>I am not Beer</username>
        <sex>M</sex>
        <age>34</age>
        <city>FRANKLIN SQUARE</city>
        <province>New York</province>
        <country>US</country>
      </user>
      <date>1207891560</date>
      <body>  Learn to think or have the chemtrails eaten away your brain?</body>
    </post> 
 <post id="MS_9212_41279281">
      <user id="MS_203423677">
        <username>I am not Beer</username>
        <sex>M</sex>
        <age>34</age>
        <city>FRANKLIN SQUARE</city>
        <province>New York</province>
        <country>US</country>
      </user>
      <date>1207893300</date>
      <body>I find it funny how you think Fox News lies but you used Fox News as a source for this story.</body>
    </post> 
 <post id="MS_9212_41279896">
      <user id="MS_4016436">
        <username>:.::Sick Salvaâ&#128; ion:.::</username>
        <sex>M</sex>
        <age>24</age>
        <city>Van Nuys</city>
        <province>California</province>
        <country>US</country>
      </user>
      <date>1207894260</date>
      <body> Alcohol......making the stupid stupider.</body>
    </post> 
 <post id="MS_9212_41279999">
      <user id="MS_203423677">
        <username>I am not Beer</username>
        <sex>M</sex>
        <age>34</age>
        <city>FRANKLIN SQUARE</city>
        <province>New York</province>
        <country>US</country>
      </user>
      <date>1207894380</date>
      <body>  Or helping you get laid</body>
    </post> 
 <post id="MS_9212_41280668">
      <user id="MS_4016436">
        <username>:.::Sick Salvaâ&#128; ion:.::</username>
        <sex>M</sex>
        <age>24</age>
        <city>Van Nuys</city>
        <province>California</province>
        <country>US</country>
      </user>
      <date>1207895580</date>
      <body> sucks you need it to get laid man. sorry to hear that.</body>
    </post> 
 <post id="MS_9212_41280738">
      <user id="MS_203423677">
        <username>I am not Beer</username>
        <sex>M</sex>
        <age>34</age>
        <city>FRANKLIN SQUARE</city>
        <province>New York</province>
        <country>US</country>
      </user>
      <date>1207895700</date>
      <body>  </body>
    </post> 
 <post id="MS_9212_41287463">
      <user id="MS_35280508">
        <username>LuCidiTy</username>
        <sex>F</sex>
        <age>46</age>
        <city>Alpha Centauri</city>
        <province/>
        <country>UM</country>
      </user>
      <date>1207904520</date>
      <body>  this is an AP story, you dumb shit. give up already. you've proven how retarded you are. it's getting boring.</body>
    </post>
</posts> 
