<?xml version="1.0" encoding="UTF-8"?> 
 <posts> 
 <post id="MS_26304_42489618">
      <user id="MS_343490795">
        <username>The man the myth</username>
        <sex>M</sex>
        <age>25</age>
        <city>MILWAUKEE</city>
        <province>Wisconsin</province>
        <country>US</country>
      </user>
      <date>1209886740</date>
      <body>It seems like a lot of movies coming out aren't quality.</body>
    </post> 
 <post id="MS_26304_42489974">
      <user id="MS_499699">
        <username>cliffie</username>
        <sex>M</sex>
        <age>33</age>
        <city>w3rd</city>
        <province>Texas</province>
        <country>US</country>
      </user>
      <date>1209887220</date>
      <body> i might not listen to garbage but come on now she's hawt</body>
    </post> 
 <post id="MS_26304_42490209">
      <user id="MS_242426362">
        <username>Nix</username>
        <sex>F</sex>
        <age>18</age>
        <city>UK</city>
        <province/>
        <country/>
      </user>
      <date>1209887520</date>
      <body>Because they banned pens from insane people =]. And what's wrong with Garbage? They're a brilliant band - Infact my favourite lol!  xxxxxxxxxxxxxxxxx</body>
    </post> 
 <post id="MS_26304_42490443">
      <user id="MS_343490795">
        <username>The man the myth</username>
        <sex>M</sex>
        <age>25</age>
        <city>MILWAUKEE</city>
        <province>Wisconsin</province>
        <country>US</country>
      </user>
      <date>1209887820</date>
      <body>Whst</body>
    </post> 
 <post id="MS_26304_42491417">
      <user id="MS_85933201">
        <username>Jay,Next-Gen Creations CEO (Multi-Media Creations)</username>
        <sex>M</sex>
        <age>18</age>
        <city>East London BABY!</city>
        <province/>
        <country>UK</country>
      </user>
      <date>1209889200</date>
      <body>Becuase Holly wood no longer knows how to write great movies that's why we get all these crappy insiderable remakes  Or has no one come to noticed this year's most anticipated movies and next years are all super hero based  2008  The Dark Knight Iron Man The Incredible Hulk Hell Boy 2  2009  Spiderman 3 Transformer 2 G.I Joe Friday the 13th (Remake) Child's Play (Remake) Tekken Dragon Ball  the list goes on</body>
    </post> 
 <post id="MS_26304_42493762">
      <user id="MS_343490795">
        <username>The man the myth</username>
        <sex>M</sex>
        <age>25</age>
        <city>MILWAUKEE</city>
        <province>Wisconsin</province>
        <country>US</country>
      </user>
      <date>1209892320</date>
      <body>Friday the 13th (Remake) Child's Play (Remake) Tekken Dragon Ball  Those are probably gonna be hot garbage.</body>
    </post> 
 <post id="MS_26304_42495468">
      <user id="MS_499699">
        <username>cliffie</username>
        <sex>M</sex>
        <age>33</age>
        <city>w3rd</city>
        <province>Texas</province>
        <country>US</country>
      </user>
      <date>1209894960</date>
      <body>  lolz no that would be my first post</body>
    </post> 
 <post id="MS_26304_42500629">
      <user id="MS_85933201">
        <username>Jay,Next-Gen Creations CEO (Multi-Media Creations)</username>
        <sex>M</sex>
        <age>18</age>
        <city>East London BABY!</city>
        <province/>
        <country>UK</country>
      </user>
      <date>1209905640</date>
      <body>  No they will be a load of Hyped Bullocks Garbage  Child's Play could work but what else can they do with it make it more scarier nada, just probably add more gore and CGI  Dragon Ball, do i hear a fan riot for making a white guy, Goku  Friday the 13th being produced by Michael Bay, juss gonna have more gore and under developed character background on Jason Voorhees as for Bay has poor developmental writing skills. Which will also be his flaw when he comes to produced and co-write 'A Nightmare On Elm St (2010).  Tekken automatically fails</body>
    </post> 
 <post id="MS_26304_42505674">
      <user id="MS_304844635">
        <username>Jay The Magnificent</username>
        <sex>M</sex>
        <age>99</age>
        <city>Awesomeville</city>
        <province>North Carolina</province>
        <country>US</country>
      </user>
      <date>1209911820</date>
      <body>because trash makes money</body>
    </post> 
 <post id="MS_26304_42506291">
      <user id="MS_148699584">
        <username>Dave</username>
        <sex>M</sex>
        <age>32</age>
        <city>US</city>
        <province/>
        <country/>
      </user>
      <date>1209912600</date>
      <body>Because the younger generation have shitty taste in movies.</body>
    </post>
</posts> 
