<?xml version="1.0" encoding="UTF-8"?> 
 <posts> 
 <post id="MS_26304_42512685">
      <user id="MS_291076347">
        <username>ADAM RAINBERG</username>
        <sex>M</sex>
        <age>23</age>
        <city>Brisbane</city>
        <province>Queensland</province>
        <country>AU</country>
      </user>
      <date>1209921660</date>
      <body>^Thats an article I found somewhere a few weeks back and saved it to my hard-drive. It saved me typing what I already knew though:)</body>
    </post> 
 <post id="MS_26304_42512868">
      <user id="MS_291076347">
        <username>ADAM RAINBERG</username>
        <sex>M</sex>
        <age>23</age>
        <city>Brisbane</city>
        <province>Queensland</province>
        <country>AU</country>
      </user>
      <date>1209921960</date>
      <body>In total...From a studio standpoint it's much easier to go with a sure thing and proven commodities/formulas than to risk allot of money an a "personal original film" from an artist(which can take years to create and make).</body>
    </post> 
 <post id="MS_26304_42514749">
      <user id="MS_85933201">
        <username>Jay,Next-Gen Creations CEO (Multi-Media Creations)</username>
        <sex>M</sex>
        <age>18</age>
        <city>East London BABY!</city>
        <province/>
        <country>UK</country>
      </user>
      <date>1209924600</date>
      <body>  My bad lol ahhh yeah i cant believe i fucking forgot Avatar  Even tough it aint anticipated i'm looking forward to seeing the comeback of Cameron in FULL IMAX 3D</body>
    </post> 
 <post id="MS_26304_42515400">
      <user id="MS_85933201">
        <username>Jay,Next-Gen Creations CEO (Multi-Media Creations)</username>
        <sex>M</sex>
        <age>18</age>
        <city>East London BABY!</city>
        <province/>
        <country>UK</country>
      </user>
      <date>1209925500</date>
      <body>  True but its still early for Avatar but i do reckon by Christmas this year Cameron will definately send us a present to hold us until Dec 2009.  I mean the Viral marketing for The Dark Knight didn't begin until a year before it was due release to hit Cinema, when we saw that beautiful teaser revealing Ledger voice and laugh.</body>
    </post> 
 <post id="MS_26304_42517356">
      <user id="MS_83691292">
        <username>teh killing machine</username>
        <sex>M</sex>
        <age>33</age>
        <city> &lt;/</city>
        <province>Bikini Bottom</province>
        <country>US</country>
      </user>
      <date>1209928260</date>
      <body>  its sitting next to me but i havent had time to watch it yet =(</body>
    </post> 
 <post id="MS_26304_42521516">
      <user id="MS_60439146">
        <username>El REY a.k.a. Da Franchise</username>
        <sex>M</sex>
        <age>25</age>
        <city>BRONX</city>
        <province>New York</province>
        <country>US</country>
      </user>
      <date>1209934560</date>
      <body>Because too much thought is put on special effects and not enough on the scripts.</body>
    </post> 
 <post id="MS_26304_42522521">
      <user id="MS_313086945">
        <username>coolscorp</username>
        <sex>F</sex>
        <age>18</age>
        <city>New Mexico</city>
        <province/>
        <country>US</country>
      </user>
      <date>1209936480</date>
      <body>hmm.. idk interesting observation^</body>
    </post> 
 <post id="MS_26304_42522986">
      <user id="MS_374176043">
        <username>From the Clouds to the Resistance</username>
        <sex>M</sex>
        <age>99</age>
        <city>Florida</city>
        <province/>
        <country>US</country>
      </user>
      <date>1209937320</date>
      <body>Yes, a lot of new movies are garbage. A lot of old movies are also garbage. There has always been garbage and there will always be garbage. Still, some really good movies are being made. It's just that most people don't bother to go see them. Because they are FOREIGN. *shocking* That said, a lot of foreign films are also garbage. :lol:</body>
    </post> 
 <post id="MS_26304_42523769">
      <user id="MS_350147746">
        <username>Wolverine</username>
        <sex>M</sex>
        <age>100</age>
        <city>South Carolina</city>
        <province/>
        <country>US</country>
      </user>
      <date>1209938880</date>
      <body>Because they are trying to sell tickets. Crap sells just as good as quality. Not as many, mind you if the project sucks, but it sells. In this corner we have Iron Man. In the other corner we have Never Back Down. Movies are not about artistic expression or character development and a good plot. It's about making whatever it is PG-13 so kids with money can go see it alone and spend that money on tickets.</body>
    </post> 
 <post id="MS_26304_42528238">
      <user id="MS_73024193">
        <username>Robert</username>
        <sex>M</sex>
        <age>29</age>
        <city>LATONIA</city>
        <province>Kentucky</province>
        <country>US</country>
      </user>
      <date>1209953340</date>
      <body> Exactly, and if you don't believe what he just said.. Just try giving New Line a call.. oh wait you can't, because they are now owned by WB, since that Failure called the Golden Compass tanked horribly.. even despite doing very, very well overseas it was still a 75% loss..</body>
    </post>
</posts> 
