<?xml version="1.0" encoding="UTF-8"?> 
 <posts> 
 <post id="MS_26304_42491417">
      <user id="MS_85933201">
        <username>Jay,Next-Gen Creations CEO (Multi-Media Creations)</username>
        <sex>M</sex>
        <age>18</age>
        <city>East London BABY!</city>
        <province/>
        <country>UK</country>
      </user>
      <date>1209889200</date>
      <body>Becuase Holly wood no longer knows how to write great movies that's why we get all these crappy insiderable remakes  Or has no one come to noticed this year's most anticipated movies and next years are all super hero based  2008  The Dark Knight Iron Man The Incredible Hulk Hell Boy 2  2009  Spiderman 3 Transformer 2 G.I Joe Friday the 13th (Remake) Child's Play (Remake) Tekken Dragon Ball  the list goes on</body>
    </post> 
 <post id="MS_26304_42493762">
      <user id="MS_343490795">
        <username>The man the myth</username>
        <sex>M</sex>
        <age>25</age>
        <city>MILWAUKEE</city>
        <province>Wisconsin</province>
        <country>US</country>
      </user>
      <date>1209892320</date>
      <body>Friday the 13th (Remake) Child's Play (Remake) Tekken Dragon Ball  Those are probably gonna be hot garbage.</body>
    </post> 
 <post id="MS_26304_42495468">
      <user id="MS_499699">
        <username>cliffie</username>
        <sex>M</sex>
        <age>33</age>
        <city>w3rd</city>
        <province>Texas</province>
        <country>US</country>
      </user>
      <date>1209894960</date>
      <body>  lolz no that would be my first post</body>
    </post> 
 <post id="MS_26304_42500629">
      <user id="MS_85933201">
        <username>Jay,Next-Gen Creations CEO (Multi-Media Creations)</username>
        <sex>M</sex>
        <age>18</age>
        <city>East London BABY!</city>
        <province/>
        <country>UK</country>
      </user>
      <date>1209905640</date>
      <body>  No they will be a load of Hyped Bullocks Garbage  Child's Play could work but what else can they do with it make it more scarier nada, just probably add more gore and CGI  Dragon Ball, do i hear a fan riot for making a white guy, Goku  Friday the 13th being produced by Michael Bay, juss gonna have more gore and under developed character background on Jason Voorhees as for Bay has poor developmental writing skills. Which will also be his flaw when he comes to produced and co-write 'A Nightmare On Elm St (2010).  Tekken automatically fails</body>
    </post> 
 <post id="MS_26304_42505674">
      <user id="MS_304844635">
        <username>Jay The Magnificent</username>
        <sex>M</sex>
        <age>99</age>
        <city>Awesomeville</city>
        <province>North Carolina</province>
        <country>US</country>
      </user>
      <date>1209911820</date>
      <body>because trash makes money</body>
    </post> 
 <post id="MS_26304_42506291">
      <user id="MS_148699584">
        <username>Dave</username>
        <sex>M</sex>
        <age>32</age>
        <city>US</city>
        <province/>
        <country/>
      </user>
      <date>1209912600</date>
      <body>Because the younger generation have shitty taste in movies.</body>
    </post> 
 <post id="MS_26304_42507932">
      <user id="MS_29521275">
        <username>tomAZING</username>
        <sex>M</sex>
        <age>32</age>
        <city>Florence</city>
        <province>Kentucky</province>
        <country>US</country>
      </user>
      <date>1209915060</date>
      <body>  That's exactly it.  I'm actually kind of curious on Dave's comment.  Remakes equal easy money. Then again, the originals stand to earn money too. Remake comes out, then it makes people want to see the original. According to my list, 2009 stands to be a much bigger year than 2008. Incredible Hulk can suck a fat one. Even though it looks better than the last one, still looks like shit.</body>
    </post> 
 <post id="MS_26304_42508453">
      <user id="MS_25079542">
        <username>Helter Skelter</username>
        <sex>M</sex>
        <age>21</age>
        <city>Ft. Lauderdale</city>
        <province>Florida</province>
        <country>US</country>
      </user>
      <date>1209915780</date>
      <body>They make crappy movies because you pay to see them. People payed money to see Meet the Spartans, Date movie, Epic Movie, etc... but nobody paid to see There Will Be Blood... so... which movies will the studio continue to produce?</body>
    </post> 
 <post id="MS_26304_42509040">
      <user id="MS_3671064">
        <username>3671064 â&#153;&#140;</username>
        <sex>M</sex>
        <age>38</age>
        <city>Lexington</city>
        <province>Kentucky</province>
        <country>US</country>
      </user>
      <date>1209916620</date>
      <body>Define new?  2007 was one of the strongest years in recent memory.  2008 is off to a weak start.  Both of those have something to do with the writers strike, I think.  And yes, expand the horizons and stop watching what Hollywood wants you to watch. Also, while you're at it, turn off your FM radios and delete your MTVs. You'll thank me later.  Garbage does rock though...</body>
    </post> 
 <post id="MS_26304_42509393">
      <user id="MS_25079542">
        <username>Helter Skelter</username>
        <sex>M</sex>
        <age>21</age>
        <city>Ft. Lauderdale</city>
        <province>Florida</province>
        <country>US</country>
      </user>
      <date>1209917100</date>
      <body>You mean, 2 bucks too many</body>
    </post>
</posts> 
