<?xml version="1.0" encoding="UTF-8"?> 
 <posts> 
 <post id="MS_26304_42495468">
      <user id="MS_499699">
        <username>cliffie</username>
        <sex>M</sex>
        <age>33</age>
        <city>w3rd</city>
        <province>Texas</province>
        <country>US</country>
      </user>
      <date>1209894960</date>
      <body>  lolz no that would be my first post</body>
    </post> 
 <post id="MS_26304_42500629">
      <user id="MS_85933201">
        <username>Jay,Next-Gen Creations CEO (Multi-Media Creations)</username>
        <sex>M</sex>
        <age>18</age>
        <city>East London BABY!</city>
        <province/>
        <country>UK</country>
      </user>
      <date>1209905640</date>
      <body>  No they will be a load of Hyped Bullocks Garbage  Child's Play could work but what else can they do with it make it more scarier nada, just probably add more gore and CGI  Dragon Ball, do i hear a fan riot for making a white guy, Goku  Friday the 13th being produced by Michael Bay, juss gonna have more gore and under developed character background on Jason Voorhees as for Bay has poor developmental writing skills. Which will also be his flaw when he comes to produced and co-write 'A Nightmare On Elm St (2010).  Tekken automatically fails</body>
    </post> 
 <post id="MS_26304_42505674">
      <user id="MS_304844635">
        <username>Jay The Magnificent</username>
        <sex>M</sex>
        <age>99</age>
        <city>Awesomeville</city>
        <province>North Carolina</province>
        <country>US</country>
      </user>
      <date>1209911820</date>
      <body>because trash makes money</body>
    </post> 
 <post id="MS_26304_42506291">
      <user id="MS_148699584">
        <username>Dave</username>
        <sex>M</sex>
        <age>32</age>
        <city>US</city>
        <province/>
        <country/>
      </user>
      <date>1209912600</date>
      <body>Because the younger generation have shitty taste in movies.</body>
    </post> 
 <post id="MS_26304_42507932">
      <user id="MS_29521275">
        <username>tomAZING</username>
        <sex>M</sex>
        <age>32</age>
        <city>Florence</city>
        <province>Kentucky</province>
        <country>US</country>
      </user>
      <date>1209915060</date>
      <body>  That's exactly it.  I'm actually kind of curious on Dave's comment.  Remakes equal easy money. Then again, the originals stand to earn money too. Remake comes out, then it makes people want to see the original. According to my list, 2009 stands to be a much bigger year than 2008. Incredible Hulk can suck a fat one. Even though it looks better than the last one, still looks like shit.</body>
    </post> 
 <post id="MS_26304_42508453">
      <user id="MS_25079542">
        <username>Helter Skelter</username>
        <sex>M</sex>
        <age>21</age>
        <city>Ft. Lauderdale</city>
        <province>Florida</province>
        <country>US</country>
      </user>
      <date>1209915780</date>
      <body>They make crappy movies because you pay to see them. People payed money to see Meet the Spartans, Date movie, Epic Movie, etc... but nobody paid to see There Will Be Blood... so... which movies will the studio continue to produce?</body>
    </post> 
 <post id="MS_26304_42509040">
      <user id="MS_3671064">
        <username>3671064 â&#153;&#140;</username>
        <sex>M</sex>
        <age>38</age>
        <city>Lexington</city>
        <province>Kentucky</province>
        <country>US</country>
      </user>
      <date>1209916620</date>
      <body>Define new?  2007 was one of the strongest years in recent memory.  2008 is off to a weak start.  Both of those have something to do with the writers strike, I think.  And yes, expand the horizons and stop watching what Hollywood wants you to watch. Also, while you're at it, turn off your FM radios and delete your MTVs. You'll thank me later.  Garbage does rock though...</body>
    </post> 
 <post id="MS_26304_42509393">
      <user id="MS_25079542">
        <username>Helter Skelter</username>
        <sex>M</sex>
        <age>21</age>
        <city>Ft. Lauderdale</city>
        <province>Florida</province>
        <country>US</country>
      </user>
      <date>1209917100</date>
      <body>You mean, 2 bucks too many</body>
    </post> 
 <post id="MS_26304_42510858">
      <user id="MS_73024193">
        <username>Robert</username>
        <sex>M</sex>
        <age>29</age>
        <city>LATONIA</city>
        <province>Kentucky</province>
        <country>US</country>
      </user>
      <date>1209919200</date>
      <body> No, it's just because we the movie goers don't care to see originals therefore they don't get released everywhere, nor during the summer..  Box office shows that we prefer popcorn movies over movies that are really good like say, No Country for Old men, There will be blood, those movie didn't do a fraction of what that mess called Spider-man 3 did..  And like i said, we will just see how many of you that keep screaming for something original in hollywood, that will head out to watch The Strangers May 30th.. in fact how many of you have even bothered to rent The Orphanage?</body>
    </post> 
 <post id="MS_26304_42511233">
      <user id="MS_3671064">
        <username>3671064 Ã¢â&#132;¢Å&#146;</username>
        <sex>M</sex>
        <age>38</age>
        <city>Lexington</city>
        <province>Kentucky</province>
        <country>US</country>
      </user>
      <date>1209919800</date>
      <body>  Saw it at the theater... But it's not a Hollywood picture.  Which backs up my point, there were a LOT of good films released in 2007, it's up to you to track them down.</body>
    </post>
</posts> 
