<?xml version="1.0" encoding="UTF-8"?> 
 <posts> 
 <post id="MS_28709_43199276">
      <user id="MS_281376640">
        <username>Chris</username>
        <sex>M</sex>
        <age>24</age>
        <city>New Hampshire</city>
        <province/>
        <country>US</country>
      </user>
      <date>1211093880</date>
      <body> I wouldn't have said it at all, but you went after Americans. Oh, and you also came to the defense of a liberal.</body>
    </post> 
 <post id="MS_28709_43208447">
      <user id="MS_73024193">
        <username>Robert</username>
        <sex>M</sex>
        <age>29</age>
        <city>LATONIA</city>
        <province>Kentucky</province>
        <country>US</country>
      </user>
      <date>1211107740</date>
      <body> once again i did INCLUDE myself as well being a American and all......cause i do things like that myself sometimes...  And i can care less if your a Liberal, Conservative, green party, Gay, Jew whatever, it doesn't matter to me because i don't live by labels, but it appears if you live in America you are forced to because that's just the way things are here.. I don't discriminate my discriminations, i attack any, all, and everyone. Sort of like South Park....</body>
    </post> 
 <post id="MS_28709_43208564">
      <user id="MS_205379997">
        <username>Apollo</username>
        <sex>M</sex>
        <age>26</age>
        <city>US</city>
        <province/>
        <country/>
      </user>
      <date>1211107920</date>
      <body>  And thats the way it supposed to be Robert.</body>
    </post> 
 <post id="MS_28709_43212825">
      <user id="MS_85537819">
        <username>Space Jesus</username>
        <sex>M</sex>
        <age>19</age>
        <city>Space</city>
        <province>Michigan</province>
        <country>US</country>
      </user>
      <date>1211114160</date>
      <body> His entire presidency makes him look silly Also makes him look like a fascist</body>
    </post> 
 <post id="MS_28709_43215929">
      <user id="MS_281376640">
        <username>Chris</username>
        <sex>M</sex>
        <age>24</age>
        <city>New Hampshire</city>
        <province/>
        <country>US</country>
      </user>
      <date>1211118480</date>
      <body> You don't know what a fascist is, and you should thank your lucky stars for that.</body>
    </post> 
 <post id="MS_28709_43218070">
      <user id="MS_85537819">
        <username>Space Jesus</username>
        <sex>M</sex>
        <age>19</age>
        <city>Space</city>
        <province>Michigan</province>
        <country>US</country>
      </user>
      <date>1211121780</date>
      <body> Secret torture prisons Domestic Wire Taps Suspension of habeas corpus  Sweet land of liberty, of thee I sing....</body>
    </post> 
 <post id="MS_28709_43218456">
      <user id="MS_320148833">
        <username>Ã¢Ë&#156;Â JennÃ¢Ë&#156;Â </username>
        <sex>F</sex>
        <age>28</age>
        <city>SACRAMENTO</city>
        <province>California</province>
        <country>US</country>
      </user>
      <date>1211122380</date>
      <body>   I like this kid.</body>
    </post> 
 <post id="MS_28709_43220167">
      <user id="MS_340785522">
        <username>HurryUpAndWait</username>
        <sex>M</sex>
        <age>26</age>
        <city>BEREA</city>
        <province>Kentucky</province>
        <country>US</country>
      </user>
      <date>1211125140</date>
      <body>Josh ALWAYS looks meaner...</body>
    </post> 
 <post id="MS_28709_43220458">
      <user id="MS_340785522">
        <username>HurryUpAndWait</username>
        <sex>M</sex>
        <age>26</age>
        <city>BEREA</city>
        <province>Kentucky</province>
        <country>US</country>
      </user>
      <date>1211125620</date>
      <body>  Josh ALWAYS looks meaner...</body>
    </post> 
 <post id="MS_28709_43221435">
      <user id="MS_85537819">
        <username>Space Jesus</username>
        <sex>M</sex>
        <age>19</age>
        <city>Space</city>
        <province>Michigan</province>
        <country>US</country>
      </user>
      <date>1211127000</date>
      <body> ftw</body>
    </post>
</posts> 
