<?xml version="1.0" encoding="UTF-8"?> 
 <posts> 
 <post id="MS_28709_43108698">
      <user id="MS_85537819">
        <username>Space Jesus</username>
        <sex>M</sex>
        <age>19</age>
        <city>Space</city>
        <province>Michigan</province>
        <country>US</country>
      </user>
      <date>1210933680</date>
      <body> You're as much a conspiracy theorist as anybody else</body>
    </post> 
 <post id="MS_28709_43122015">
      <user id="MS_41188208">
        <username>nickdriftwood</username>
        <sex>M</sex>
        <age>42</age>
        <city>LAWRENCE</city>
        <province>Kansas</province>
        <country>US</country>
      </user>
      <date>1210948980</date>
      <body>Did Josh study history books of Ulysses S. Grant and Warren G. Harding like W did on the subject of "unbelievably inept and abominable attempts of some men to completely f*ck up an entire nation as president" ?</body>
    </post> 
 <post id="MS_28709_43135267">
      <user id="MS_134032878">
        <username>Terry</username>
        <sex>M</sex>
        <age>38</age>
        <city>Hualien</city>
        <province/>
        <country>TW</country>
      </user>
      <date>1210967820</date>
      <body>   No. And the word you should have used was independent. 'liberal' is a word for people who don't know who or why or what they're so angry for.</body>
    </post> 
 <post id="MS_28709_43135682">
      <user id="MS_134032878">
        <username>Terry</username>
        <sex>M</sex>
        <age>38</age>
        <city>Hualien</city>
        <province/>
        <country>TW</country>
      </user>
      <date>1210968300</date>
      <body>  Hey, whadaya mean, f*ck up an entire nation? He's just living the american dream! You know, financing two wars with credit cards from china! For as much as has been spent in the wars, is how much the US will have to pay back to china, plus interest. This isn't pinko liberal faggity talk. This is money talk. Some dumbass who got the pulitzer prize in economics wrote a book saying this war is going to cost at least 3 trillion dollars (trillion is a word liberals like to use, 3 syllables). anyway, china will own the US, and bush still doesn't own Iraq, and the US soldiers who don't own their arms or legs or brains will be cared for, until they die, and that bill hasn't even started to come in yet. Wow, sounds like this could be a very interesting movie! Can't wait! I wonder if it will be as sick as the real thing.</body>
    </post> 
 <post id="MS_28709_43136029">
      <user id="MS_115019883">
        <username>Evil Red Ninja</username>
        <sex>M</sex>
        <age>100</age>
        <city>Neon Trailer Park</city>
        <province>Georgia</province>
        <country>US</country>
      </user>
      <date>1210968780</date>
      <body>  It will probably be PG-13 . . .Ã&#130;Â  I don't really think so</body>
    </post> 
 <post id="MS_28709_43147428">
      <user id="MS_134032878">
        <username>Terry</username>
        <sex>M</sex>
        <age>38</age>
        <city>Hualien</city>
        <province/>
        <country>TW</country>
      </user>
      <date>1211000220</date>
      <body>   whatever. Try to bully me out of watching Stone's movie, tough guy.</body>
    </post> 
 <post id="MS_28709_43147524">
      <user id="MS_134032878">
        <username>Terry</username>
        <sex>M</sex>
        <age>38</age>
        <city>Hualien</city>
        <province/>
        <country>TW</country>
      </user>
      <date>1211000520</date>
      <body>   whoops, responded to the wrong post. anyway, I'm curious to see what stone will do with the material recent history has presented him, and hopefully will stir intelligent debate, rather than the shouting and name calling that is passed off as political discourse on FUX and CNN.</body>
    </post> 
 <post id="MS_28709_43148700">
      <user id="MS_73024193">
        <username>Robert</username>
        <sex>M</sex>
        <age>29</age>
        <city>LATONIA</city>
        <province>Kentucky</province>
        <country>US</country>
      </user>
      <date>1211003340</date>
      <body> Ah, so i bet you believe that Roosevelt had absolutely NO idea about Pearl harbor huh?  not saying Bush did or didn't have anything to do with his daddy's enemy for whom till this day we have no caught nor went after...  Also did we ever find the WMDs? you know the ones that were in the country that had Nothing to do with 9/11?  point is, You DON'T know he didn't just as we don't know he did, cause you are not in the office to know what goes on in the lying politicians doors..  THEY ALL LIE, so how do you even know what to believe?  he has his right to say Bush may have planned it, but in term you call him a name for his opinion, thats very American, no wonder why other countries hate us, hell we can't even like nor respect each other...unless we are being blown up</body>
    </post> 
 <post id="MS_28709_43148737">
      <user id="MS_73024193">
        <username>Robert</username>
        <sex>M</sex>
        <age>29</age>
        <city>LATONIA</city>
        <province>Kentucky</province>
        <country>US</country>
      </user>
      <date>1211003460</date>
      <body>i see this thread becoming locked just as the Anti-Christian..  2 things that should never be discussed on non related boards to the topics..  Religion and Politics.. they are the same thing and lead to the same end result...</body>
    </post> 
 <post id="MS_28709_43172959">
      <user id="MS_281376640">
        <username>Chris</username>
        <sex>M</sex>
        <age>24</age>
        <city>New Hampshire</city>
        <province/>
        <country>US</country>
      </user>
      <date>1211041620</date>
      <body> And it's very black of you to get up on your soapbox and talk about America.  Wanna keep going? 'Cause I will.</body>
    </post>
</posts> 
