<?xml version="1.0" encoding="UTF-8"?> 
 <posts> 
 <post id="MS_28709_43098499">
      <user id="MS_43445330">
        <username>ç&#155;¸ç&#149;¶ è©²æ­» RANDOM</username>
        <sex>M</sex>
        <age>26</age>
        <city>FORT WORTH</city>
        <province>Texas</province>
        <country>US</country>
      </user>
      <date>1210920240</date>
      <body>It's not a very good one but here's a picture of Josh Brolin as George Bush  </body>
    </post> 
 <post id="MS_28709_43098573">
      <user id="MS_141172136">
        <username>annie</username>
        <sex>F</sex>
        <age>37</age>
        <city>ROCKAWAY</city>
        <province>New York</province>
        <country>US</country>
      </user>
      <date>1210920360</date>
      <body> close enough...I guess...Josh looks meaner that W</body>
    </post> 
 <post id="MS_28709_43098736">
      <user id="MS_281376640">
        <username>Chris</username>
        <sex>M</sex>
        <age>24</age>
        <city>New Hampshire</city>
        <province/>
        <country>US</country>
      </user>
      <date>1210920600</date>
      <body> I don't see how that's possible, considering that Bush caused 9/11. Josh would never do that.</body>
    </post> 
 <post id="MS_28709_43098993">
      <user id="MS_141172136">
        <username>annie</username>
        <sex>F</sex>
        <age>37</age>
        <city>ROCKAWAY</city>
        <province>New York</province>
        <country>US</country>
      </user>
      <date>1210920960</date>
      <body> stop that...</body>
    </post> 
 <post id="MS_28709_43102436">
      <user id="MS_235821724">
        <username>christopher</username>
        <sex>M</sex>
        <age>26</age>
        <city>US</city>
        <province/>
        <country/>
      </user>
      <date>1210925760</date>
      <body>I absolutely do not think that. It was the use of the word liberal as an insult. But I've already adressed that in another thread.</body>
    </post> 
 <post id="MS_28709_43102487">
      <user id="MS_235821724">
        <username>christopher</username>
        <sex>M</sex>
        <age>26</age>
        <city>US</city>
        <province/>
        <country/>
      </user>
      <date>1210925820</date>
      <body>Yeah. Like "nucular" option. :)</body>
    </post> 
 <post id="MS_28709_43108698">
      <user id="MS_85537819">
        <username>Space Jesus</username>
        <sex>M</sex>
        <age>19</age>
        <city>Space</city>
        <province>Michigan</province>
        <country>US</country>
      </user>
      <date>1210933680</date>
      <body> You're as much a conspiracy theorist as anybody else</body>
    </post> 
 <post id="MS_28709_43122015">
      <user id="MS_41188208">
        <username>nickdriftwood</username>
        <sex>M</sex>
        <age>42</age>
        <city>LAWRENCE</city>
        <province>Kansas</province>
        <country>US</country>
      </user>
      <date>1210948980</date>
      <body>Did Josh study history books of Ulysses S. Grant and Warren G. Harding like W did on the subject of "unbelievably inept and abominable attempts of some men to completely f*ck up an entire nation as president" ?</body>
    </post> 
 <post id="MS_28709_43135267">
      <user id="MS_134032878">
        <username>Terry</username>
        <sex>M</sex>
        <age>38</age>
        <city>Hualien</city>
        <province/>
        <country>TW</country>
      </user>
      <date>1210967820</date>
      <body>   No. And the word you should have used was independent. 'liberal' is a word for people who don't know who or why or what they're so angry for.</body>
    </post> 
 <post id="MS_28709_43135682">
      <user id="MS_134032878">
        <username>Terry</username>
        <sex>M</sex>
        <age>38</age>
        <city>Hualien</city>
        <province/>
        <country>TW</country>
      </user>
      <date>1210968300</date>
      <body>  Hey, whadaya mean, f*ck up an entire nation? He's just living the american dream! You know, financing two wars with credit cards from china! For as much as has been spent in the wars, is how much the US will have to pay back to china, plus interest. This isn't pinko liberal faggity talk. This is money talk. Some dumbass who got the pulitzer prize in economics wrote a book saying this war is going to cost at least 3 trillion dollars (trillion is a word liberals like to use, 3 syllables). anyway, china will own the US, and bush still doesn't own Iraq, and the US soldiers who don't own their arms or legs or brains will be cared for, until they die, and that bill hasn't even started to come in yet. Wow, sounds like this could be a very interesting movie! Can't wait! I wonder if it will be as sick as the real thing.</body>
    </post>
</posts> 
