<?xml version="1.0" encoding="UTF-8"?> 
 <posts> 
 <post id="MS_28709_43148700">
      <user id="MS_73024193">
        <username>Robert</username>
        <sex>M</sex>
        <age>29</age>
        <city>LATONIA</city>
        <province>Kentucky</province>
        <country>US</country>
      </user>
      <date>1211003340</date>
      <body> Ah, so i bet you believe that Roosevelt had absolutely NO idea about Pearl harbor huh?  not saying Bush did or didn't have anything to do with his daddy's enemy for whom till this day we have no caught nor went after...  Also did we ever find the WMDs? you know the ones that were in the country that had Nothing to do with 9/11?  point is, You DON'T know he didn't just as we don't know he did, cause you are not in the office to know what goes on in the lying politicians doors..  THEY ALL LIE, so how do you even know what to believe?  he has his right to say Bush may have planned it, but in term you call him a name for his opinion, thats very American, no wonder why other countries hate us, hell we can't even like nor respect each other...unless we are being blown up</body>
    </post> 
 <post id="MS_28709_43148737">
      <user id="MS_73024193">
        <username>Robert</username>
        <sex>M</sex>
        <age>29</age>
        <city>LATONIA</city>
        <province>Kentucky</province>
        <country>US</country>
      </user>
      <date>1211003460</date>
      <body>i see this thread becoming locked just as the Anti-Christian..  2 things that should never be discussed on non related boards to the topics..  Religion and Politics.. they are the same thing and lead to the same end result...</body>
    </post> 
 <post id="MS_28709_43172959">
      <user id="MS_281376640">
        <username>Chris</username>
        <sex>M</sex>
        <age>24</age>
        <city>New Hampshire</city>
        <province/>
        <country>US</country>
      </user>
      <date>1211041620</date>
      <body> And it's very black of you to get up on your soapbox and talk about America.  Wanna keep going? 'Cause I will.</body>
    </post> 
 <post id="MS_28709_43174010">
      <user id="MS_281376640">
        <username>Chris</username>
        <sex>M</sex>
        <age>24</age>
        <city>New Hampshire</city>
        <province/>
        <country>US</country>
      </user>
      <date>1211043060</date>
      <body> If it's something that makes Bush look silly, you can bet Stone will show it.</body>
    </post> 
 <post id="MS_28709_43174267">
      <user id="MS_188910048">
        <username>Ross</username>
        <sex>M</sex>
        <age>17</age>
        <city>Manhattan</city>
        <province>New York</province>
        <country>US</country>
      </user>
      <date>1211043480</date>
      <body>this is what's wrong with Hollywood these days,they focus way too much on politics.I mean I hate Bush,but come on enough is enough.</body>
    </post> 
 <post id="MS_28709_43174696">
      <user id="MS_3671064">
        <username>3671064 Ã¢â&#132;¢Å&#146;</username>
        <sex>M</sex>
        <age>38</age>
        <city>Lexington</city>
        <province>Kentucky</province>
        <country>US</country>
      </user>
      <date>1211044080</date>
      <body>  As for the movie... I'm not really interested in seeing it. Stone hasn't made a film that's interested me since U-Turn. Yeah, that was hardly cinematic greatness but it was interesting.</body>
    </post> 
 <post id="MS_28709_43195555">
      <user id="MS_73024193">
        <username>Robert</username>
        <sex>M</sex>
        <age>29</age>
        <city>LATONIA</city>
        <province>Kentucky</province>
        <country>US</country>
      </user>
      <date>1211085600</date>
      <body> ah yes, the wise Internet slurs that would never be said to the face, because you my friend have figured out my secret you have won and i concede good sir..  here i make a statement that includes me, and you fire back with one that only includes my entire race.. good one;)</body>
    </post> 
 <post id="MS_28709_43199276">
      <user id="MS_281376640">
        <username>Chris</username>
        <sex>M</sex>
        <age>24</age>
        <city>New Hampshire</city>
        <province/>
        <country>US</country>
      </user>
      <date>1211093880</date>
      <body> I wouldn't have said it at all, but you went after Americans. Oh, and you also came to the defense of a liberal.</body>
    </post> 
 <post id="MS_28709_43208447">
      <user id="MS_73024193">
        <username>Robert</username>
        <sex>M</sex>
        <age>29</age>
        <city>LATONIA</city>
        <province>Kentucky</province>
        <country>US</country>
      </user>
      <date>1211107740</date>
      <body> once again i did INCLUDE myself as well being a American and all......cause i do things like that myself sometimes...  And i can care less if your a Liberal, Conservative, green party, Gay, Jew whatever, it doesn't matter to me because i don't live by labels, but it appears if you live in America you are forced to because that's just the way things are here.. I don't discriminate my discriminations, i attack any, all, and everyone. Sort of like South Park....</body>
    </post> 
 <post id="MS_28709_43208564">
      <user id="MS_205379997">
        <username>Apollo</username>
        <sex>M</sex>
        <age>26</age>
        <city>US</city>
        <province/>
        <country/>
      </user>
      <date>1211107920</date>
      <body>  And thats the way it supposed to be Robert.</body>
    </post>
</posts> 
