<?xml version="1.0" encoding="UTF-8"?> 
 <posts> 
 <post id="MS_28709_43088645">
      <user id="MS_2278378">
        <username>Surf</username>
        <sex>M</sex>
        <age>27</age>
        <city>Riverside (No Longer San Diego :(</city>
        <province>California</province>
        <country>US</country>
      </user>
      <date>1210896360</date>
      <body>This will flop big time. It's way to soon. We've seen the guy for 8 years, no one wants to sit through 2 hours of boredom about him.</body>
    </post> 
 <post id="MS_28709_43091846">
      <user id="MS_134032878">
        <username>Terry</username>
        <sex>M</sex>
        <age>38</age>
        <city>Hualien</city>
        <province/>
        <country>TW</country>
      </user>
      <date>1210907460</date>
      <body>  Boredom? He's the most exciting vice president we've ever had! Name me another who was the brains behind the prez, who directed our wars, ensured that choice corporations would enjoy insane profits, and perhaps even orchestrated 9/11? But i'm guessing stone will probably spend too much time on cheney's daughter (wow, a lesbian in a reptpublican family!)</body>
    </post> 
 <post id="MS_28709_43092358">
      <user id="MS_281376640">
        <username>Chris</username>
        <sex>M</sex>
        <age>24</age>
        <city>New Hampshire</city>
        <province/>
        <country>US</country>
      </user>
      <date>1210908780</date>
      <body> Fuck off, liberal.</body>
    </post> 
 <post id="MS_28709_43097233">
      <user id="MS_235821724">
        <username>christopher</username>
        <sex>M</sex>
        <age>26</age>
        <city>US</city>
        <province/>
        <country/>
      </user>
      <date>1210918440</date>
      <body>Fuck off, dipshit.</body>
    </post> 
 <post id="MS_28709_43098247">
      <user id="MS_281376640">
        <username>Chris</username>
        <sex>M</sex>
        <age>24</age>
        <city>New Hampshire</city>
        <province/>
        <country>US</country>
      </user>
      <date>1210919940</date>
      <body>If you think that Bush orchestrated 9/11, then you're the dipshit.</body>
    </post> 
 <post id="MS_28709_43098267">
      <user id="MS_115019883">
        <username>Evil Red Ninja</username>
        <sex>M</sex>
        <age>100</age>
        <city>Neon Trailer Park</city>
        <province>Georgia</province>
        <country>US</country>
      </user>
      <date>1210919940</date>
      <body>  I love how well you liberals use such, fancy big words to makeÂ your point!</body>
    </post> 
 <post id="MS_28709_43098499">
      <user id="MS_43445330">
        <username>ç&#155;¸ç&#149;¶ è©²æ­» RANDOM</username>
        <sex>M</sex>
        <age>26</age>
        <city>FORT WORTH</city>
        <province>Texas</province>
        <country>US</country>
      </user>
      <date>1210920240</date>
      <body>It's not a very good one but here's a picture of Josh Brolin as George Bush  </body>
    </post> 
 <post id="MS_28709_43098573">
      <user id="MS_141172136">
        <username>annie</username>
        <sex>F</sex>
        <age>37</age>
        <city>ROCKAWAY</city>
        <province>New York</province>
        <country>US</country>
      </user>
      <date>1210920360</date>
      <body> close enough...I guess...Josh looks meaner that W</body>
    </post> 
 <post id="MS_28709_43098736">
      <user id="MS_281376640">
        <username>Chris</username>
        <sex>M</sex>
        <age>24</age>
        <city>New Hampshire</city>
        <province/>
        <country>US</country>
      </user>
      <date>1210920600</date>
      <body> I don't see how that's possible, considering that Bush caused 9/11. Josh would never do that.</body>
    </post> 
 <post id="MS_28709_43098993">
      <user id="MS_141172136">
        <username>annie</username>
        <sex>F</sex>
        <age>37</age>
        <city>ROCKAWAY</city>
        <province>New York</province>
        <country>US</country>
      </user>
      <date>1210920960</date>
      <body> stop that...</body>
    </post>
</posts> 
