<?xml version="1.0" encoding="UTF-8"?> 
 <posts> 
 <post id="MS_28709_43172959">
      <user id="MS_281376640">
        <username>Chris</username>
        <sex>M</sex>
        <age>24</age>
        <city>New Hampshire</city>
        <province/>
        <country>US</country>
      </user>
      <date>1211041620</date>
      <body> And it's very black of you to get up on your soapbox and talk about America.  Wanna keep going? 'Cause I will.</body>
    </post> 
 <post id="MS_28709_43174010">
      <user id="MS_281376640">
        <username>Chris</username>
        <sex>M</sex>
        <age>24</age>
        <city>New Hampshire</city>
        <province/>
        <country>US</country>
      </user>
      <date>1211043060</date>
      <body> If it's something that makes Bush look silly, you can bet Stone will show it.</body>
    </post> 
 <post id="MS_28709_43174267">
      <user id="MS_188910048">
        <username>Ross</username>
        <sex>M</sex>
        <age>17</age>
        <city>Manhattan</city>
        <province>New York</province>
        <country>US</country>
      </user>
      <date>1211043480</date>
      <body>this is what's wrong with Hollywood these days,they focus way too much on politics.I mean I hate Bush,but come on enough is enough.</body>
    </post> 
 <post id="MS_28709_43174696">
      <user id="MS_3671064">
        <username>3671064 Ã¢â&#132;¢Å&#146;</username>
        <sex>M</sex>
        <age>38</age>
        <city>Lexington</city>
        <province>Kentucky</province>
        <country>US</country>
      </user>
      <date>1211044080</date>
      <body>  As for the movie... I'm not really interested in seeing it. Stone hasn't made a film that's interested me since U-Turn. Yeah, that was hardly cinematic greatness but it was interesting.</body>
    </post> 
 <post id="MS_28709_43195555">
      <user id="MS_73024193">
        <username>Robert</username>
        <sex>M</sex>
        <age>29</age>
        <city>LATONIA</city>
        <province>Kentucky</province>
        <country>US</country>
      </user>
      <date>1211085600</date>
      <body> ah yes, the wise Internet slurs that would never be said to the face, because you my friend have figured out my secret you have won and i concede good sir..  here i make a statement that includes me, and you fire back with one that only includes my entire race.. good one;)</body>
    </post> 
 <post id="MS_28709_43199276">
      <user id="MS_281376640">
        <username>Chris</username>
        <sex>M</sex>
        <age>24</age>
        <city>New Hampshire</city>
        <province/>
        <country>US</country>
      </user>
      <date>1211093880</date>
      <body> I wouldn't have said it at all, but you went after Americans. Oh, and you also came to the defense of a liberal.</body>
    </post> 
 <post id="MS_28709_43208447">
      <user id="MS_73024193">
        <username>Robert</username>
        <sex>M</sex>
        <age>29</age>
        <city>LATONIA</city>
        <province>Kentucky</province>
        <country>US</country>
      </user>
      <date>1211107740</date>
      <body> once again i did INCLUDE myself as well being a American and all......cause i do things like that myself sometimes...  And i can care less if your a Liberal, Conservative, green party, Gay, Jew whatever, it doesn't matter to me because i don't live by labels, but it appears if you live in America you are forced to because that's just the way things are here.. I don't discriminate my discriminations, i attack any, all, and everyone. Sort of like South Park....</body>
    </post> 
 <post id="MS_28709_43208564">
      <user id="MS_205379997">
        <username>Apollo</username>
        <sex>M</sex>
        <age>26</age>
        <city>US</city>
        <province/>
        <country/>
      </user>
      <date>1211107920</date>
      <body>  And thats the way it supposed to be Robert.</body>
    </post> 
 <post id="MS_28709_43212825">
      <user id="MS_85537819">
        <username>Space Jesus</username>
        <sex>M</sex>
        <age>19</age>
        <city>Space</city>
        <province>Michigan</province>
        <country>US</country>
      </user>
      <date>1211114160</date>
      <body> His entire presidency makes him look silly Also makes him look like a fascist</body>
    </post> 
 <post id="MS_28709_43215929">
      <user id="MS_281376640">
        <username>Chris</username>
        <sex>M</sex>
        <age>24</age>
        <city>New Hampshire</city>
        <province/>
        <country>US</country>
      </user>
      <date>1211118480</date>
      <body> You don't know what a fascist is, and you should thank your lucky stars for that.</body>
    </post>
</posts> 
