<?xml version="1.0" encoding="UTF-8"?> 
 <posts> 
 <post id="MS_28709_43098993">
      <user id="MS_141172136">
        <username>annie</username>
        <sex>F</sex>
        <age>37</age>
        <city>ROCKAWAY</city>
        <province>New York</province>
        <country>US</country>
      </user>
      <date>1210920960</date>
      <body> stop that...</body>
    </post> 
 <post id="MS_28709_43102436">
      <user id="MS_235821724">
        <username>christopher</username>
        <sex>M</sex>
        <age>26</age>
        <city>US</city>
        <province/>
        <country/>
      </user>
      <date>1210925760</date>
      <body>I absolutely do not think that. It was the use of the word liberal as an insult. But I've already adressed that in another thread.</body>
    </post> 
 <post id="MS_28709_43102487">
      <user id="MS_235821724">
        <username>christopher</username>
        <sex>M</sex>
        <age>26</age>
        <city>US</city>
        <province/>
        <country/>
      </user>
      <date>1210925820</date>
      <body>Yeah. Like "nucular" option. :)</body>
    </post> 
 <post id="MS_28709_43108698">
      <user id="MS_85537819">
        <username>Space Jesus</username>
        <sex>M</sex>
        <age>19</age>
        <city>Space</city>
        <province>Michigan</province>
        <country>US</country>
      </user>
      <date>1210933680</date>
      <body> You're as much a conspiracy theorist as anybody else</body>
    </post> 
 <post id="MS_28709_43122015">
      <user id="MS_41188208">
        <username>nickdriftwood</username>
        <sex>M</sex>
        <age>42</age>
        <city>LAWRENCE</city>
        <province>Kansas</province>
        <country>US</country>
      </user>
      <date>1210948980</date>
      <body>Did Josh study history books of Ulysses S. Grant and Warren G. Harding like W did on the subject of "unbelievably inept and abominable attempts of some men to completely f*ck up an entire nation as president" ?</body>
    </post> 
 <post id="MS_28709_43135267">
      <user id="MS_134032878">
        <username>Terry</username>
        <sex>M</sex>
        <age>38</age>
        <city>Hualien</city>
        <province/>
        <country>TW</country>
      </user>
      <date>1210967820</date>
      <body>   No. And the word you should have used was independent. 'liberal' is a word for people who don't know who or why or what they're so angry for.</body>
    </post> 
 <post id="MS_28709_43135682">
      <user id="MS_134032878">
        <username>Terry</username>
        <sex>M</sex>
        <age>38</age>
        <city>Hualien</city>
        <province/>
        <country>TW</country>
      </user>
      <date>1210968300</date>
      <body>  Hey, whadaya mean, f*ck up an entire nation? He's just living the american dream! You know, financing two wars with credit cards from china! For as much as has been spent in the wars, is how much the US will have to pay back to china, plus interest. This isn't pinko liberal faggity talk. This is money talk. Some dumbass who got the pulitzer prize in economics wrote a book saying this war is going to cost at least 3 trillion dollars (trillion is a word liberals like to use, 3 syllables). anyway, china will own the US, and bush still doesn't own Iraq, and the US soldiers who don't own their arms or legs or brains will be cared for, until they die, and that bill hasn't even started to come in yet. Wow, sounds like this could be a very interesting movie! Can't wait! I wonder if it will be as sick as the real thing.</body>
    </post> 
 <post id="MS_28709_43136029">
      <user id="MS_115019883">
        <username>Evil Red Ninja</username>
        <sex>M</sex>
        <age>100</age>
        <city>Neon Trailer Park</city>
        <province>Georgia</province>
        <country>US</country>
      </user>
      <date>1210968780</date>
      <body>  It will probably be PG-13 . . .Ã&#130;Â  I don't really think so</body>
    </post> 
 <post id="MS_28709_43147428">
      <user id="MS_134032878">
        <username>Terry</username>
        <sex>M</sex>
        <age>38</age>
        <city>Hualien</city>
        <province/>
        <country>TW</country>
      </user>
      <date>1211000220</date>
      <body>   whatever. Try to bully me out of watching Stone's movie, tough guy.</body>
    </post> 
 <post id="MS_28709_43147524">
      <user id="MS_134032878">
        <username>Terry</username>
        <sex>M</sex>
        <age>38</age>
        <city>Hualien</city>
        <province/>
        <country>TW</country>
      </user>
      <date>1211000520</date>
      <body>   whoops, responded to the wrong post. anyway, I'm curious to see what stone will do with the material recent history has presented him, and hopefully will stir intelligent debate, rather than the shouting and name calling that is passed off as political discourse on FUX and CNN.</body>
    </post>
</posts> 
