<?xml version="1.0" encoding="UTF-8"?> 
 <posts> 
 <post id="MS_9825_44258128">
      <user id="MS_383137218">
        <username>Adolf</username>
        <sex>M</sex>
        <age>28</age>
        <city>Ontario</city>
        <province/>
        <country>CA</country>
      </user>
      <date>1212782280</date>
      <body>  Ã&#130;Â  No, even our libtard government wanted them to leave. It was their equally libtarded voters who demanded the cowards be allowed to remain on my soil.</body>
    </post> 
 <post id="MS_9825_44258232">
      <user id="MS_383137218">
        <username>Adolf</username>
        <sex>M</sex>
        <age>28</age>
        <city>Ontario</city>
        <province/>
        <country>CA</country>
      </user>
      <date>1212782400</date>
      <body>  Ã&#130;Â  I neither want your deserters, nor your Mexicans. The moment Mexicans start to trickle through our border, I suggest it is time to retrieve our troops from Afghanistan, and have them shoot any of the fuckers attempting to make the mess of our country that they have of yours. Not going to happen on my watch. I am already working towards getting Muslims booted out of Canada since a few of their own were spying on one of our nuclear power plants with the sole intention of bombing it.</body>
    </post> 
 <post id="MS_9825_44258294">
      <user id="MS_383137218">
        <username>Adolf</username>
        <sex>M</sex>
        <age>28</age>
        <city>Ontario</city>
        <province/>
        <country>CA</country>
      </user>
      <date>1212782520</date>
      <body>  Ã&#130;Â  Why? He's a libtard who claims to be conservative. He is nowhere near such a thing. The man is clearly a socialist bitch. I want no part of him. Strangely enough, he is member of the ruling Conservative Party of Canada.</body>
    </post> 
 <post id="MS_9825_44259572">
      <user id="MS_164473103">
        <username>Ã&#144;Â¨Ã&#144;Â°Ã&#144;Â³Ã&#144;Â¾Ã&#145;â&#128;¦Ã&#144;Â¾Ã&#144;Â´!</username>
        <sex>M</sex>
        <age>22</age>
        <city>Liberty City</city>
        <province>New York</province>
        <country>US</country>
      </user>
      <date>1212784200</date>
      <body>  Did you know that the first wave of draft deserters during the Vietnam War that settled in Canada shifted the country's politcs a few odd points left.  Granted, the times and demographics are different and the number of deserters is a miniscule fraction of the first wave but after the Babylonian clusterfuck (Iraq War) is done away with, it'll be interesting to see how many draft-dodgers choose to stay in Canada.  Also, if they'll ever be pardoned for deserting like what Carter did after Nam.</body>
    </post> 
 <post id="MS_9825_44260472">
      <user id="MS_383137218">
        <username>Adolf</username>
        <sex>M</sex>
        <age>28</age>
        <city>Ontario</city>
        <province/>
        <country>CA</country>
      </user>
      <date>1212785460</date>
      <body>  Ã&#130;Â  Absolutely untrue. Canada was leftist long before the arrival of Vietnam War draft dodgers. Canada was barely aware of socialism until American 'farmers' moved into Canada to get away from growing conservatism in the USA. Canada has become 'leftist' thanks to the import of Americans, but not draft-dodgers. The reason the draft-dodgers were even allowed to stay would be thanks to the fact Canada was already leftist. Their presence did nothing to Canadian politics. Canadians were being called 'commies' long before the Vietnam War.</body>
    </post> 
 <post id="MS_9825_44261876">
      <user id="MS_20526400">
        <username>Alfred B...With no regard for human life!</username>
        <sex>M</sex>
        <age>29</age>
        <city>SJC-Central Ghetto/La Porte</city>
        <province>Texas</province>
        <country>US</country>
      </user>
      <date>1212787260</date>
      <body>   I agree with the premise, but think about this for a second...  If your commander-in-chief is more than willing to toss you (you = the average deserter) in the brig on a whim any time an Iraqi cries "wolf" without so much as a trial...Haditha comes to mind.</body>
    </post> 
 <post id="MS_9825_44265495">
      <user id="MS_347006598">
        <username>Cold Steal II</username>
        <sex>F</sex>
        <age>104</age>
        <city>CHICO</city>
        <province>California</province>
        <country>US</country>
      </user>
      <date>1212793740</date>
      <body>its a win win all the way around if they keep them Great for us, if they boot them back to the US they get arested for Deserting even better for us.</body>
    </post> 
 <post id="MS_9825_44272693">
      <user id="MS_363069085">
        <username>j</username>
        <sex>M</sex>
        <age>28</age>
        <city>BROOKLYN</city>
        <province>New York</province>
        <country>US</country>
      </user>
      <date>1212816120</date>
      <body>  Oh don't say that, the Mexicans will just come to Canada to do the jobs the lazy Canadians won't do...lol</body>
    </post> 
 <post id="MS_9825_44273301">
      <user id="MS_73245433">
        <username>B.C. Bud</username>
        <sex>F</sex>
        <age>58</age>
        <city>Fraser Valley</city>
        <province>British Columbia</province>
        <country>CA</country>
      </user>
      <date>1212817440</date>
      <body>   It's my country too and I say let them stay as long as they are productive and don't break any laws. It's so easy for some people to call someone a coward, when they themselves sit on their easy chair and pontificate about war and other races/religions that they know next to nothing about. They have never fought in a war or even been in the military yet deem to know it all. Till you have faced the stress and horror of war, how do you know how it would affect even you? I would suspect that the ones that have come across our border to stay had no idea that they would be fighting an illegal war and coming here is their only way out.  I remember the wave that came during the Vietnam war and met some that came to BC. They were broken and suffering men that couldn't even talk of the horrors they had seen. So, till you've experienced what they have you certainly can't judge them.</body>
    </post> 
 <post id="MS_9825_44274963">
      <user id="MS_50597434">
        <username>Freedom</username>
        <sex>M</sex>
        <age>48</age>
        <city>Third Rock from the Sun</city>
        <province>big iceberg</province>
        <country>AQ</country>
      </user>
      <date>1212821220</date>
      <body>  agreed. I enlisted knowing full well that I may be called upon to do things i didnt want to do.  That i may have to go into combat and be killed.  My son currently is srving. He enlisted with the same foreknowledge.  There is no draft. enlistment is NOT mandatory. If you dont want to uphold the oath you must take to enlist, DONT ENLIST. No one forced them to enter the service.  To most people who are clueless about war, there is NO children. There is NO Women.  When compassion enters into it, you DIE. you team members DIE.  You are no less dead from being shot by a 10 year old then you are from anyone else. WE learned that lesson well in vietnam. 5 year olds walk into a group of GI's and detonate a grenade becuase the "enemy" taught them to.  I woudl have to disagree with some of the IRAQ "vets" howver who claim you are tuaght to kill everything if you recieve fire. This is catergorically incorrect. just as law enforcement are taught to identify threats so are soldiers taught to do the same. You aim a weapon at me, I kill you . you are a woman walking by someone with a weapon shooting at me I DONT shoot her. some people are idiots.</body>
    </post>
</posts> 
