<?xml version="1.0" encoding="UTF-8"?> 
 <posts> 
 <post id="MS_9825_44100213">
      <user id="MS_6349493">
        <username>The Great Complexity.</username>
        <sex>M</sex>
        <age>24</age>
        <city>Dothan</city>
        <province>Alabama</province>
        <country>US</country>
      </user>
      <date>1212560820</date>
      <body>  Ahahahahahahha &lt;deep breathe&gt; ahahahahahahhaahaa  I don't know why but that made me laugh so effin hard.</body>
    </post> 
 <post id="MS_9825_44100863">
      <user id="MS_381973172">
        <username>AnArtistFormerlyCalled</username>
        <sex>M</sex>
        <age>59</age>
        <city>BERKELEY</city>
        <province>California</province>
        <country>US</country>
      </user>
      <date>1212561720</date>
      <body>Again...our GOOD neighbor Canada comes to the moral rescue of the US. God bless Canada...</body>
    </post> 
 <post id="MS_9825_44101446">
      <user id="MS_11836945">
        <username>The J-Train</username>
        <sex>M</sex>
        <age>32</age>
        <city>PUTNAM</city>
        <province>Connecticut</province>
        <country>US</country>
      </user>
      <date>1212562500</date>
      <body>Hey, if that's Canada's stance on this, then that's their business. I don't think this is something that would really be worth taking any sort of international stand on.</body>
    </post> 
 <post id="MS_9825_44102323">
      <user id="MS_76565298">
        <username>"C" (Cowboy Style)</username>
        <sex>M</sex>
        <age>21</age>
        <city>If I Had A choice</city>
        <province>Ontario</province>
        <country>CA</country>
      </user>
      <date>1212563820</date>
      <body>  *holds up meat hook and a can of gas*  so canada is your country eh?</body>
    </post> 
 <post id="MS_9825_44153736">
      <user id="MS_383137218">
        <username>Adolf</username>
        <sex>M</sex>
        <age>28</age>
        <city>Ontario</city>
        <province/>
        <country>CA</country>
      </user>
      <date>1212638280</date>
      <body>  Â  An American who has decided to keep his nose out of Canada's internal affairs? I'll be blinkered! Well, there is always a first time.</body>
    </post> 
 <post id="MS_9825_44157628">
      <user id="MS_35280508">
        <username>LuCidiTy</username>
        <sex>F</sex>
        <age>46</age>
        <city>Alpha Centauri</city>
        <province/>
        <country>UM</country>
      </user>
      <date>1212645540</date>
      <body> you thinking so does not make something so. and your country welcomed them. so...</body>
    </post> 
 <post id="MS_9825_44162224">
      <user id="MS_153486816">
        <username>"IF IT AINT PIT, IT AINT SH*T"</username>
        <sex>M</sex>
        <age>70</age>
        <city>California</city>
        <province/>
        <country>US</country>
      </user>
      <date>1212652020</date>
      <body/>
    </post> 
 <post id="MS_9825_44257004">
      <user id="MS_383137218">
        <username>Adolf</username>
        <sex>M</sex>
        <age>28</age>
        <city>Ontario</city>
        <province/>
        <country>CA</country>
      </user>
      <date>1212780840</date>
      <body>  Ã&#130;Â  Sweetie, Canada did not welcome them. We originally wanted them gone, until libtard fruitcakes crashed the party and demanded the Canadian government allow them to stay.</body>
    </post> 
 <post id="MS_9825_44257095">
      <user id="MS_11836945">
        <username>The J-Train</username>
        <sex>M</sex>
        <age>32</age>
        <city>PUTNAM</city>
        <province>Connecticut</province>
        <country>US</country>
      </user>
      <date>1212780960</date>
      <body>  Hey, if they come back to the States, then throw the book at them. When they're not, it's just not worth fighting with friendly nations about. They're already suffering by not being able to come home to their families, and by being ostracized by everybody who knows them for running off to Canada when things got too rough for them.</body>
    </post> 
 <post id="MS_9825_44257260">
      <user id="MS_35280508">
        <username>LuCidiTy</username>
        <sex>F</sex>
        <age>46</age>
        <city>Alpha Centauri</city>
        <province/>
        <country>UM</country>
      </user>
      <date>1212781140</date>
      <body>  ok. your government welcomed them. damn libtards are everywhere!</body>
    </post>
</posts> 
