<?xml version="1.0" encoding="UTF-8"?> 
 <posts> 
 <post id="MS_9825_44258103">
      <user id="MS_164473103">
        <username>Ã&#144;Â¨Ã&#144;Â°Ã&#144;Â³Ã&#144;Â¾Ã&#145;â&#128;¦Ã&#144;Â¾Ã&#144;Â´!</username>
        <sex>M</sex>
        <age>22</age>
        <city>Liberty City</city>
        <province>New York</province>
        <country>US</country>
      </user>
      <date>1212782220</date>
      <body>  You should write to your representative.</body>
    </post> 
 <post id="MS_9825_44258122">
      <user id="MS_212658772">
        <username>thedude1978</username>
        <sex>M</sex>
        <age>30</age>
        <city>Grand Rapids</city>
        <province>Michigan</province>
        <country>US</country>
      </user>
      <date>1212782280</date>
      <body>so canada wants our deserters, how about some mexicans. we got lots of them also. can we dump the mexicans of on Canadas porch?</body>
    </post> 
 <post id="MS_9825_44258128">
      <user id="MS_383137218">
        <username>Adolf</username>
        <sex>M</sex>
        <age>28</age>
        <city>Ontario</city>
        <province/>
        <country>CA</country>
      </user>
      <date>1212782280</date>
      <body>  Ã&#130;Â  No, even our libtard government wanted them to leave. It was their equally libtarded voters who demanded the cowards be allowed to remain on my soil.</body>
    </post> 
 <post id="MS_9825_44258232">
      <user id="MS_383137218">
        <username>Adolf</username>
        <sex>M</sex>
        <age>28</age>
        <city>Ontario</city>
        <province/>
        <country>CA</country>
      </user>
      <date>1212782400</date>
      <body>  Ã&#130;Â  I neither want your deserters, nor your Mexicans. The moment Mexicans start to trickle through our border, I suggest it is time to retrieve our troops from Afghanistan, and have them shoot any of the fuckers attempting to make the mess of our country that they have of yours. Not going to happen on my watch. I am already working towards getting Muslims booted out of Canada since a few of their own were spying on one of our nuclear power plants with the sole intention of bombing it.</body>
    </post> 
 <post id="MS_9825_44258294">
      <user id="MS_383137218">
        <username>Adolf</username>
        <sex>M</sex>
        <age>28</age>
        <city>Ontario</city>
        <province/>
        <country>CA</country>
      </user>
      <date>1212782520</date>
      <body>  Ã&#130;Â  Why? He's a libtard who claims to be conservative. He is nowhere near such a thing. The man is clearly a socialist bitch. I want no part of him. Strangely enough, he is member of the ruling Conservative Party of Canada.</body>
    </post> 
 <post id="MS_9825_44259572">
      <user id="MS_164473103">
        <username>Ã&#144;Â¨Ã&#144;Â°Ã&#144;Â³Ã&#144;Â¾Ã&#145;â&#128;¦Ã&#144;Â¾Ã&#144;Â´!</username>
        <sex>M</sex>
        <age>22</age>
        <city>Liberty City</city>
        <province>New York</province>
        <country>US</country>
      </user>
      <date>1212784200</date>
      <body>  Did you know that the first wave of draft deserters during the Vietnam War that settled in Canada shifted the country's politcs a few odd points left.  Granted, the times and demographics are different and the number of deserters is a miniscule fraction of the first wave but after the Babylonian clusterfuck (Iraq War) is done away with, it'll be interesting to see how many draft-dodgers choose to stay in Canada.  Also, if they'll ever be pardoned for deserting like what Carter did after Nam.</body>
    </post> 
 <post id="MS_9825_44260472">
      <user id="MS_383137218">
        <username>Adolf</username>
        <sex>M</sex>
        <age>28</age>
        <city>Ontario</city>
        <province/>
        <country>CA</country>
      </user>
      <date>1212785460</date>
      <body>  Ã&#130;Â  Absolutely untrue. Canada was leftist long before the arrival of Vietnam War draft dodgers. Canada was barely aware of socialism until American 'farmers' moved into Canada to get away from growing conservatism in the USA. Canada has become 'leftist' thanks to the import of Americans, but not draft-dodgers. The reason the draft-dodgers were even allowed to stay would be thanks to the fact Canada was already leftist. Their presence did nothing to Canadian politics. Canadians were being called 'commies' long before the Vietnam War.</body>
    </post> 
 <post id="MS_9825_44261876">
      <user id="MS_20526400">
        <username>Alfred B...With no regard for human life!</username>
        <sex>M</sex>
        <age>29</age>
        <city>SJC-Central Ghetto/La Porte</city>
        <province>Texas</province>
        <country>US</country>
      </user>
      <date>1212787260</date>
      <body>   I agree with the premise, but think about this for a second...  If your commander-in-chief is more than willing to toss you (you = the average deserter) in the brig on a whim any time an Iraqi cries "wolf" without so much as a trial...Haditha comes to mind.</body>
    </post> 
 <post id="MS_9825_44265495">
      <user id="MS_347006598">
        <username>Cold Steal II</username>
        <sex>F</sex>
        <age>104</age>
        <city>CHICO</city>
        <province>California</province>
        <country>US</country>
      </user>
      <date>1212793740</date>
      <body>its a win win all the way around if they keep them Great for us, if they boot them back to the US they get arested for Deserting even better for us.</body>
    </post> 
 <post id="MS_9825_44272693">
      <user id="MS_363069085">
        <username>j</username>
        <sex>M</sex>
        <age>28</age>
        <city>BROOKLYN</city>
        <province>New York</province>
        <country>US</country>
      </user>
      <date>1212816120</date>
      <body>  Oh don't say that, the Mexicans will just come to Canada to do the jobs the lazy Canadians won't do...lol</body>
    </post>
</posts> 
