<?xml version="1.0" encoding="UTF-8"?> 
 <posts> 
 <post id="MS_9825_44257095">
      <user id="MS_11836945">
        <username>The J-Train</username>
        <sex>M</sex>
        <age>32</age>
        <city>PUTNAM</city>
        <province>Connecticut</province>
        <country>US</country>
      </user>
      <date>1212780960</date>
      <body>  Hey, if they come back to the States, then throw the book at them. When they're not, it's just not worth fighting with friendly nations about. They're already suffering by not being able to come home to their families, and by being ostracized by everybody who knows them for running off to Canada when things got too rough for them.</body>
    </post> 
 <post id="MS_9825_44257260">
      <user id="MS_35280508">
        <username>LuCidiTy</username>
        <sex>F</sex>
        <age>46</age>
        <city>Alpha Centauri</city>
        <province/>
        <country>UM</country>
      </user>
      <date>1212781140</date>
      <body>  ok. your government welcomed them. damn libtards are everywhere!</body>
    </post> 
 <post id="MS_9825_44257693">
      <user id="MS_164473103">
        <username>Ã&#144;Â¨Ã&#144;Â°Ã&#144;Â³Ã&#144;Â¾Ã&#145;â&#128;¦Ã&#144;Â¾Ã&#144;Â´!</username>
        <sex>M</sex>
        <age>22</age>
        <city>Liberty City</city>
        <province>New York</province>
        <country>US</country>
      </user>
      <date>1212781680</date>
      <body>  I remember when I was a lad, writing letters to my represenatives so that they can fix the problem.  Oh, where did those days go?</body>
    </post> 
 <post id="MS_9825_44258059">
      <user id="MS_383137218">
        <username>Adolf</username>
        <sex>M</sex>
        <age>28</age>
        <city>Ontario</city>
        <province/>
        <country>CA</country>
      </user>
      <date>1212782160</date>
      <body>  Ã&#130;Â  The 'problem' in this case would be that of Americans placing their asses across our border. We need to shut our border with the USA, and the rest of the world.</body>
    </post> 
 <post id="MS_9825_44258103">
      <user id="MS_164473103">
        <username>Ã&#144;Â¨Ã&#144;Â°Ã&#144;Â³Ã&#144;Â¾Ã&#145;â&#128;¦Ã&#144;Â¾Ã&#144;Â´!</username>
        <sex>M</sex>
        <age>22</age>
        <city>Liberty City</city>
        <province>New York</province>
        <country>US</country>
      </user>
      <date>1212782220</date>
      <body>  You should write to your representative.</body>
    </post> 
 <post id="MS_9825_44258122">
      <user id="MS_212658772">
        <username>thedude1978</username>
        <sex>M</sex>
        <age>30</age>
        <city>Grand Rapids</city>
        <province>Michigan</province>
        <country>US</country>
      </user>
      <date>1212782280</date>
      <body>so canada wants our deserters, how about some mexicans. we got lots of them also. can we dump the mexicans of on Canadas porch?</body>
    </post> 
 <post id="MS_9825_44258128">
      <user id="MS_383137218">
        <username>Adolf</username>
        <sex>M</sex>
        <age>28</age>
        <city>Ontario</city>
        <province/>
        <country>CA</country>
      </user>
      <date>1212782280</date>
      <body>  Ã&#130;Â  No, even our libtard government wanted them to leave. It was their equally libtarded voters who demanded the cowards be allowed to remain on my soil.</body>
    </post> 
 <post id="MS_9825_44258232">
      <user id="MS_383137218">
        <username>Adolf</username>
        <sex>M</sex>
        <age>28</age>
        <city>Ontario</city>
        <province/>
        <country>CA</country>
      </user>
      <date>1212782400</date>
      <body>  Ã&#130;Â  I neither want your deserters, nor your Mexicans. The moment Mexicans start to trickle through our border, I suggest it is time to retrieve our troops from Afghanistan, and have them shoot any of the fuckers attempting to make the mess of our country that they have of yours. Not going to happen on my watch. I am already working towards getting Muslims booted out of Canada since a few of their own were spying on one of our nuclear power plants with the sole intention of bombing it.</body>
    </post> 
 <post id="MS_9825_44258294">
      <user id="MS_383137218">
        <username>Adolf</username>
        <sex>M</sex>
        <age>28</age>
        <city>Ontario</city>
        <province/>
        <country>CA</country>
      </user>
      <date>1212782520</date>
      <body>  Ã&#130;Â  Why? He's a libtard who claims to be conservative. He is nowhere near such a thing. The man is clearly a socialist bitch. I want no part of him. Strangely enough, he is member of the ruling Conservative Party of Canada.</body>
    </post> 
 <post id="MS_9825_44259572">
      <user id="MS_164473103">
        <username>Ã&#144;Â¨Ã&#144;Â°Ã&#144;Â³Ã&#144;Â¾Ã&#145;â&#128;¦Ã&#144;Â¾Ã&#144;Â´!</username>
        <sex>M</sex>
        <age>22</age>
        <city>Liberty City</city>
        <province>New York</province>
        <country>US</country>
      </user>
      <date>1212784200</date>
      <body>  Did you know that the first wave of draft deserters during the Vietnam War that settled in Canada shifted the country's politcs a few odd points left.  Granted, the times and demographics are different and the number of deserters is a miniscule fraction of the first wave but after the Babylonian clusterfuck (Iraq War) is done away with, it'll be interesting to see how many draft-dodgers choose to stay in Canada.  Also, if they'll ever be pardoned for deserting like what Carter did after Nam.</body>
    </post>
</posts> 
