<?xml version="1.0" encoding="UTF-8"?> 
 <posts> 
 <post id="MS_9825_44094600">
      <user id="MS_35280508">
        <username>LuCidiTy</username>
        <sex>F</sex>
        <age>46</age>
        <city>Alpha Centauri</city>
        <province/>
        <country>UM</country>
      </user>
      <date>1212549000</date>
      <body>not so friendly.</body>
    </post> 
 <post id="MS_9825_44094621">
      <user id="MS_383137218">
        <username>Adolf</username>
        <sex>M</sex>
        <age>28</age>
        <city>Ontario</city>
        <province/>
        <country>CA</country>
      </user>
      <date>1212549060</date>
      <body>  Â  Sweetie, it's my country, and I want the cowards out.</body>
    </post> 
 <post id="MS_9825_44094697">
      <user id="MS_35280508">
        <username>LuCidiTy</username>
        <sex>F</sex>
        <age>46</age>
        <city>Alpha Centauri</city>
        <province/>
        <country>UM</country>
      </user>
      <date>1212549300</date>
      <body>  calling them cowards is relying on a pretty narrow frame of reference, no?</body>
    </post> 
 <post id="MS_9825_44094787">
      <user id="MS_135055446">
        <username>Yadi</username>
        <sex>M</sex>
        <age>18</age>
        <city>Miami</city>
        <province>Florida</province>
        <country>US</country>
      </user>
      <date>1212549540</date>
      <body>I din't know Adolf owned Canada. Damn I need to read some books on current affairs.</body>
    </post> 
 <post id="MS_9825_44094811">
      <user id="MS_383137218">
        <username>Adolf</username>
        <sex>M</sex>
        <age>28</age>
        <city>Ontario</city>
        <province/>
        <country>CA</country>
      </user>
      <date>1212549600</date>
      <body>  Â  They are cowards. Accept it. As such, they are not fit to be anywhere near my country.</body>
    </post> 
 <post id="MS_9825_44094918">
      <user id="MS_149899577">
        <username>Pickett: Ha-Ha I Touched Your Heart</username>
        <sex>M</sex>
        <age>26</age>
        <city>salem</city>
        <province>Massachusetts</province>
        <country>US</country>
      </user>
      <date>1212549900</date>
      <body>  to say the least the name fits him perfectly...to say the most it sounds like he woke with a hockey puck shoved up his ass</body>
    </post> 
 <post id="MS_9825_44100213">
      <user id="MS_6349493">
        <username>The Great Complexity.</username>
        <sex>M</sex>
        <age>24</age>
        <city>Dothan</city>
        <province>Alabama</province>
        <country>US</country>
      </user>
      <date>1212560820</date>
      <body>  Ahahahahahahha &lt;deep breathe&gt; ahahahahahahhaahaa  I don't know why but that made me laugh so effin hard.</body>
    </post> 
 <post id="MS_9825_44100863">
      <user id="MS_381973172">
        <username>AnArtistFormerlyCalled</username>
        <sex>M</sex>
        <age>59</age>
        <city>BERKELEY</city>
        <province>California</province>
        <country>US</country>
      </user>
      <date>1212561720</date>
      <body>Again...our GOOD neighbor Canada comes to the moral rescue of the US. God bless Canada...</body>
    </post> 
 <post id="MS_9825_44101446">
      <user id="MS_11836945">
        <username>The J-Train</username>
        <sex>M</sex>
        <age>32</age>
        <city>PUTNAM</city>
        <province>Connecticut</province>
        <country>US</country>
      </user>
      <date>1212562500</date>
      <body>Hey, if that's Canada's stance on this, then that's their business. I don't think this is something that would really be worth taking any sort of international stand on.</body>
    </post> 
 <post id="MS_9825_44102323">
      <user id="MS_76565298">
        <username>"C" (Cowboy Style)</username>
        <sex>M</sex>
        <age>21</age>
        <city>If I Had A choice</city>
        <province>Ontario</province>
        <country>CA</country>
      </user>
      <date>1212563820</date>
      <body>  *holds up meat hook and a can of gas*  so canada is your country eh?</body>
    </post>
</posts> 
