<?xml version="1.0" encoding="UTF-8"?> 
 <posts> 
 <post id="MS_11611_45294905">
      <user id="MS_161586832">
        <username>Fred</username>
        <sex>M</sex>
        <age>48</age>
        <city>NOLANVILLE</city>
        <province>Texas</province>
        <country>US</country>
      </user>
      <date>1214467020</date>
      <body>http://www.supremecourtus.gov/opinions/07pdf/07-290.pdf  Sorry... can't seem to pull the text from the PDF.   **********************  The Federalist Papers (the expalinations of the constitution published by the Founding Fathers asking the people to vote to ratify the constitution...  Gave a good explaination of the purpose of the 2nd ammendment.  What it adds up to is:  The people need the ability to oppose an oppressive GOVERNMENT with force.  Yep... the purpose is for the people to be able to REMOVE the people from office by force if they overstep thier constitutional powers.  By the ORIGINAL meaning... we should be allowed to buy fully operational M1 Abrams tanks if we want to.</body>
    </post> 
 <post id="MS_11611_45316728">
      <user id="MS_35280508">
        <username>LuCidiTy</username>
        <sex>F</sex>
        <age>46</age>
        <city>Alpha Centauri</city>
        <province/>
        <country>UM</country>
      </user>
      <date>1214494020</date>
      <body>worth a bump or two</body>
    </post> 
 <post id="MS_11611_45317069">
      <user id="MS_231851322">
        <username>Fred</username>
        <sex>M</sex>
        <age>38</age>
        <city>buffalo</city>
        <province>New York</province>
        <country>US</country>
      </user>
      <date>1214494560</date>
      <body>Im glad the wisdom of the court finally sees fit to agree with natural law and the God given right to self preservation.  I think the other four ARE child rapists.</body>
    </post> 
 <post id="MS_11611_45317150">
      <user id="MS_231851322">
        <username>Fred</username>
        <sex>M</sex>
        <age>38</age>
        <city>buffalo</city>
        <province>New York</province>
        <country>US</country>
      </user>
      <date>1214494680</date>
      <body>And besides , all high goverment officials are given the choice to carry a concealed firearm for thier own protection.  Of course theyre better than you , but still.</body>
    </post> 
 <post id="MS_11611_45317181">
      <user id="MS_231851322">
        <username>Fred</username>
        <sex>M</sex>
        <age>38</age>
        <city>buffalo</city>
        <province>New York</province>
        <country>US</country>
      </user>
      <date>1214494680</date>
      <body>  I hear ya</body>
    </post> 
 <post id="MS_11611_45317464">
      <user id="MS_270761960">
        <username>guerrilla action team</username>
        <sex>M</sex>
        <age>108</age>
        <city>CHICAGO</city>
        <province>IL</province>
        <country>US</country>
      </user>
      <date>1214495160</date>
      <body>this is the best news i've heard all day. now time to challenge chitown's gun ban. and time to get me another glock.</body>
    </post> 
 <post id="MS_11611_45317534">
      <user id="MS_35280508">
        <username>LuCidiTy</username>
        <sex>F</sex>
        <age>46</age>
        <city>Alpha Centauri</city>
        <province/>
        <country>UM</country>
      </user>
      <date>1214495280</date>
      <body>now we gotta work on the states and institutions that don't have carry permits...</body>
    </post> 
 <post id="MS_11611_45318995">
      <user id="MS_161586832">
        <username>Fred</username>
        <sex>M</sex>
        <age>48</age>
        <city>NOLANVILLE</city>
        <province>Texas</province>
        <country>US</country>
      </user>
      <date>1214497560</date>
      <body>  sorry  Child rapists would be one group that is impossible to insult.  Comparing THEM with anyone else brings them up.  Choild rapists are lower than whale shit in the Marianas trench.</body>
    </post> 
 <post id="MS_11611_45319059">
      <user id="MS_35280508">
        <username>LuCidiTy</username>
        <sex>F</sex>
        <age>46</age>
        <city>Alpha Centauri</city>
        <province/>
        <country>UM</country>
      </user>
      <date>1214497620</date>
      <body>they die in jail. even convicts have higher principles than SCOTUS. though to be fair, SCOTUS 1.) probably knows this and 2.) is bound by the Constitution, which doesn't specifically address this.</body>
    </post> 
 <post id="MS_11611_45319298">
      <user id="MS_4057488">
        <username>Dr. Jeff</username>
        <sex>M</sex>
        <age>19</age>
        <city>Lake Titicaca</city>
        <province>Arizona</province>
        <country>US</country>
      </user>
      <date>1214498040</date>
      <body>Here's a fun fact:  In 1929, the Soviet Union established gun control. From 1929 to 1953, about 20 million dissidents, unable to defend themselves, were rounded up and exterminated.  -http://flightpundit.com/archives/2008/03/23/gun-facts/</body>
    </post>
</posts> 
