<?xml version="1.0" encoding="UTF-8"?> 
 <posts> 
 <post id="MS_11611_45288932">
      <user id="MS_128677701">
        <username>Keith</username>
        <sex>M</sex>
        <age>46</age>
        <city>VIRGINIA BEACH</city>
        <province>Virginia</province>
        <country>US</country>
      </user>
      <date>1214458620</date>
      <body> X2</body>
    </post> 
 <post id="MS_11611_45288977">
      <user id="MS_347006598">
        <username>Cold Steal II</username>
        <sex>F</sex>
        <age>104</age>
        <city>CHICO</city>
        <province>California</province>
        <country>US</country>
      </user>
      <date>1214458680</date>
      <body>too bad they screwed up yesterday over the no death for child rapists though</body>
    </post> 
 <post id="MS_11611_45290411">
      <user id="MS_35280508">
        <username>LuCidiTy</username>
        <sex>F</sex>
        <age>46</age>
        <city>Alpha Centauri</city>
        <province/>
        <country>UM</country>
      </user>
      <date>1214461020</date>
      <body>Good. They have almost redeemed themselves.</body>
    </post> 
 <post id="MS_11611_45290443">
      <user id="MS_35280508">
        <username>LuCidiTy</username>
        <sex>F</sex>
        <age>46</age>
        <city>Alpha Centauri</city>
        <province/>
        <country>UM</country>
      </user>
      <date>1214461080</date>
      <body> Ummmm...same thing really.</body>
    </post> 
 <post id="MS_11611_45290586">
      <user id="MS_374957251">
        <username>T</username>
        <sex>M</sex>
        <age>57</age>
        <city>GRAND RAPIDS</city>
        <province>Michigan</province>
        <country>US</country>
      </user>
      <date>1214461320</date>
      <body>Fantastic! It is about time somebody could read English.</body>
    </post> 
 <post id="MS_11611_45292403">
      <user id="MS_1671459">
        <username>Terrorform</username>
        <sex>M</sex>
        <age>26</age>
        <city>SAN ANTONIO</city>
        <province>Texas</province>
        <country>US</country>
      </user>
      <date>1214463960</date>
      <body>A 5-4 decision again? The other 4 should be tested for crack cocaine. A triumph for the 2nd amendment, but mark my words, one day they will come for your guns.</body>
    </post> 
 <post id="MS_11611_45292445">
      <user id="MS_71663225">
        <username>Rakhit</username>
        <sex>M</sex>
        <age>34</age>
        <city>Albuquerque</city>
        <province>New Mexico</province>
        <country>US</country>
      </user>
      <date>1214464020</date>
      <body>I can just see all those anti-gun fanatics foaming at their uneducated mouths.  "A well regulated militia, being necessary to the security of a free state, the right of the people to keep and bear arms, shall not be infringed." The next time an anti-gun activist comes to me talking about how guns kill people I will smack them so hard across their face and remind them that hands don't smakc people, people smack people.</body>
    </post> 
 <post id="MS_11611_45292597">
      <user id="MS_71663225">
        <username>Rakhit</username>
        <sex>M</sex>
        <age>34</age>
        <city>Albuquerque</city>
        <province>New Mexico</province>
        <country>US</country>
      </user>
      <date>1214464260</date>
      <body>  I believe the prisons do a good job at handing out death sentences to child rapists already. Though in the case of Jessica Lunsford, that fucking bottom feeder deserves punishment beyond death. And something in my soul tells me he's going to get it.</body>
    </post> 
 <post id="MS_11611_45293677">
      <user id="MS_71663225">
        <username>Rakhit</username>
        <sex>M</sex>
        <age>34</age>
        <city>Albuquerque</city>
        <province>New Mexico</province>
        <country>US</country>
      </user>
      <date>1214465520</date>
      <body>   rofl .. general population is always a beautiful way of letting child rapists know exactly where as a society we stand when concerning this horrific issue.  These people aren't sick, they're deadmen walking.</body>
    </post> 
 <post id="MS_11611_45294172">
      <user id="MS_93270789">
        <username>Silex</username>
        <sex>F</sex>
        <age>19</age>
        <city>Waco</city>
        <province>Texas</province>
        <country>US</country>
      </user>
      <date>1214466120</date>
      <body>I don't really see how this is breaking news - our constitution has been saying the same exact thing since 1789.</body>
    </post>
</posts> 
