<?xml version="1.0" encoding="UTF-8"?> 
 <posts> 
 <post id="MS_11611_45292403">
      <user id="MS_1671459">
        <username>Terrorform</username>
        <sex>M</sex>
        <age>26</age>
        <city>SAN ANTONIO</city>
        <province>Texas</province>
        <country>US</country>
      </user>
      <date>1214463960</date>
      <body>A 5-4 decision again? The other 4 should be tested for crack cocaine. A triumph for the 2nd amendment, but mark my words, one day they will come for your guns.</body>
    </post> 
 <post id="MS_11611_45292445">
      <user id="MS_71663225">
        <username>Rakhit</username>
        <sex>M</sex>
        <age>34</age>
        <city>Albuquerque</city>
        <province>New Mexico</province>
        <country>US</country>
      </user>
      <date>1214464020</date>
      <body>I can just see all those anti-gun fanatics foaming at their uneducated mouths.  "A well regulated militia, being necessary to the security of a free state, the right of the people to keep and bear arms, shall not be infringed." The next time an anti-gun activist comes to me talking about how guns kill people I will smack them so hard across their face and remind them that hands don't smakc people, people smack people.</body>
    </post> 
 <post id="MS_11611_45292597">
      <user id="MS_71663225">
        <username>Rakhit</username>
        <sex>M</sex>
        <age>34</age>
        <city>Albuquerque</city>
        <province>New Mexico</province>
        <country>US</country>
      </user>
      <date>1214464260</date>
      <body>  I believe the prisons do a good job at handing out death sentences to child rapists already. Though in the case of Jessica Lunsford, that fucking bottom feeder deserves punishment beyond death. And something in my soul tells me he's going to get it.</body>
    </post> 
 <post id="MS_11611_45293677">
      <user id="MS_71663225">
        <username>Rakhit</username>
        <sex>M</sex>
        <age>34</age>
        <city>Albuquerque</city>
        <province>New Mexico</province>
        <country>US</country>
      </user>
      <date>1214465520</date>
      <body>   rofl .. general population is always a beautiful way of letting child rapists know exactly where as a society we stand when concerning this horrific issue.  These people aren't sick, they're deadmen walking.</body>
    </post> 
 <post id="MS_11611_45294172">
      <user id="MS_93270789">
        <username>Silex</username>
        <sex>F</sex>
        <age>19</age>
        <city>Waco</city>
        <province>Texas</province>
        <country>US</country>
      </user>
      <date>1214466120</date>
      <body>I don't really see how this is breaking news - our constitution has been saying the same exact thing since 1789.</body>
    </post> 
 <post id="MS_11611_45294373">
      <user id="MS_161586832">
        <username>Fred</username>
        <sex>M</sex>
        <age>48</age>
        <city>NOLANVILLE</city>
        <province>Texas</province>
        <country>US</country>
      </user>
      <date>1214466420</date>
      <body>I'm listening to this story on the radio now...  Looking for the TEXT of the ruling.  The text was read on the radio and it is POWERFUL  It says that any other decision would be unconstitutional by the fact that it would alter the constitution.</body>
    </post> 
 <post id="MS_11611_45294587">
      <user id="MS_71663225">
        <username>Rakhit</username>
        <sex>M</sex>
        <age>34</age>
        <city>Albuquerque</city>
        <province>New Mexico</province>
        <country>US</country>
      </user>
      <date>1214466660</date>
      <body>  Yes, but the  court had not conclusively interpreted the Second Amendment since its ratification in 1791.</body>
    </post> 
 <post id="MS_11611_45294905">
      <user id="MS_161586832">
        <username>Fred</username>
        <sex>M</sex>
        <age>48</age>
        <city>NOLANVILLE</city>
        <province>Texas</province>
        <country>US</country>
      </user>
      <date>1214467020</date>
      <body>http://www.supremecourtus.gov/opinions/07pdf/07-290.pdf  Sorry... can't seem to pull the text from the PDF.   **********************  The Federalist Papers (the expalinations of the constitution published by the Founding Fathers asking the people to vote to ratify the constitution...  Gave a good explaination of the purpose of the 2nd ammendment.  What it adds up to is:  The people need the ability to oppose an oppressive GOVERNMENT with force.  Yep... the purpose is for the people to be able to REMOVE the people from office by force if they overstep thier constitutional powers.  By the ORIGINAL meaning... we should be allowed to buy fully operational M1 Abrams tanks if we want to.</body>
    </post> 
 <post id="MS_11611_45316728">
      <user id="MS_35280508">
        <username>LuCidiTy</username>
        <sex>F</sex>
        <age>46</age>
        <city>Alpha Centauri</city>
        <province/>
        <country>UM</country>
      </user>
      <date>1214494020</date>
      <body>worth a bump or two</body>
    </post> 
 <post id="MS_11611_45317069">
      <user id="MS_231851322">
        <username>Fred</username>
        <sex>M</sex>
        <age>38</age>
        <city>buffalo</city>
        <province>New York</province>
        <country>US</country>
      </user>
      <date>1214494560</date>
      <body>Im glad the wisdom of the court finally sees fit to agree with natural law and the God given right to self preservation.  I think the other four ARE child rapists.</body>
    </post>
</posts> 
