<?xml version="1.0" encoding="UTF-8"?> 
 <posts> 
 <post id="MS_11611_45288451">
      <user id="MS_347006598">
        <username>Cold Steal II</username>
        <sex>F</sex>
        <age>104</age>
        <city>CHICO</city>
        <province>California</province>
        <country>US</country>
      </user>
      <date>1214457780</date>
      <body>http://www.wtopnews.com/?nid=343&amp;sid=1429208  Supreme Court says Americans have right to guns By MARK SHERMAN Associated Press Writer  WASHINGTON (AP) - The Supreme Court says Americans have a right to own guns for self-defense and hunting, the justices' first major pronouncement on gun rights in U.S. history.  The court's 5-4 ruling strikes down the District of Columbia's 32-year-old ban on handguns as incompatible with gun rights under the Second Amendment. The decision goes further than even the Bush administration wanted, but probably leaves most firearms laws intact.  The court had not conclusively interpreted the Second Amendment since its ratification in 1791. The amendment reads: "A well regulated militia, being necessary to the security of a free state, the right of the people to keep and bear arms, shall not be infringed."  The basic issue for the justices was whether the amendment protects an individual's right to own guns no matter what, or whether that right is somehow tied to service in a state militia.   (Copyright 2008 The Associated Press. All rights reserved. This material may not be published, broadcast, rewritten or redistributed.)</body>
    </post> 
 <post id="MS_11611_45288559">
      <user id="MS_47339035">
        <username>Agent Working Myspace</username>
        <sex>M</sex>
        <age>38</age>
        <city>Bananastan</city>
        <province>Georgia</province>
        <country>US</country>
      </user>
      <date>1214457960</date>
      <body>  So does the Constitution. Thank god the SC can see that.</body>
    </post> 
 <post id="MS_11611_45288810">
      <user id="MS_151422216">
        <username>richard</username>
        <sex>M</sex>
        <age>29</age>
        <city>Texas</city>
        <province/>
        <country>US</country>
      </user>
      <date>1214458380</date>
      <body>  at heart, americans kinda like to kill each other so there are two things you'll never see, a ban on guns or a ban ..ion. so get over it and move on to things you can actually do something about, raising the standard of living for all americans, better education, including sex education, better jobs, etc.  those things will have more impact on the death toll than banning guns or abortion.</body>
    </post> 
 <post id="MS_11611_45288932">
      <user id="MS_128677701">
        <username>Keith</username>
        <sex>M</sex>
        <age>46</age>
        <city>VIRGINIA BEACH</city>
        <province>Virginia</province>
        <country>US</country>
      </user>
      <date>1214458620</date>
      <body> X2</body>
    </post> 
 <post id="MS_11611_45288977">
      <user id="MS_347006598">
        <username>Cold Steal II</username>
        <sex>F</sex>
        <age>104</age>
        <city>CHICO</city>
        <province>California</province>
        <country>US</country>
      </user>
      <date>1214458680</date>
      <body>too bad they screwed up yesterday over the no death for child rapists though</body>
    </post> 
 <post id="MS_11611_45290411">
      <user id="MS_35280508">
        <username>LuCidiTy</username>
        <sex>F</sex>
        <age>46</age>
        <city>Alpha Centauri</city>
        <province/>
        <country>UM</country>
      </user>
      <date>1214461020</date>
      <body>Good. They have almost redeemed themselves.</body>
    </post> 
 <post id="MS_11611_45290443">
      <user id="MS_35280508">
        <username>LuCidiTy</username>
        <sex>F</sex>
        <age>46</age>
        <city>Alpha Centauri</city>
        <province/>
        <country>UM</country>
      </user>
      <date>1214461080</date>
      <body> Ummmm...same thing really.</body>
    </post> 
 <post id="MS_11611_45290586">
      <user id="MS_374957251">
        <username>T</username>
        <sex>M</sex>
        <age>57</age>
        <city>GRAND RAPIDS</city>
        <province>Michigan</province>
        <country>US</country>
      </user>
      <date>1214461320</date>
      <body>Fantastic! It is about time somebody could read English.</body>
    </post> 
 <post id="MS_11611_45292403">
      <user id="MS_1671459">
        <username>Terrorform</username>
        <sex>M</sex>
        <age>26</age>
        <city>SAN ANTONIO</city>
        <province>Texas</province>
        <country>US</country>
      </user>
      <date>1214463960</date>
      <body>A 5-4 decision again? The other 4 should be tested for crack cocaine. A triumph for the 2nd amendment, but mark my words, one day they will come for your guns.</body>
    </post> 
 <post id="MS_11611_45292445">
      <user id="MS_71663225">
        <username>Rakhit</username>
        <sex>M</sex>
        <age>34</age>
        <city>Albuquerque</city>
        <province>New Mexico</province>
        <country>US</country>
      </user>
      <date>1214464020</date>
      <body>I can just see all those anti-gun fanatics foaming at their uneducated mouths.  "A well regulated militia, being necessary to the security of a free state, the right of the people to keep and bear arms, shall not be infringed." The next time an anti-gun activist comes to me talking about how guns kill people I will smack them so hard across their face and remind them that hands don't smakc people, people smack people.</body>
    </post>
</posts> 
