<?xml version="1.0" encoding="UTF-8"?> 
 <posts> 
 <post id="MS_11611_45294172">
      <user id="MS_93270789">
        <username>Silex</username>
        <sex>F</sex>
        <age>19</age>
        <city>Waco</city>
        <province>Texas</province>
        <country>US</country>
      </user>
      <date>1214466120</date>
      <body>I don't really see how this is breaking news - our constitution has been saying the same exact thing since 1789.</body>
    </post> 
 <post id="MS_11611_45294373">
      <user id="MS_161586832">
        <username>Fred</username>
        <sex>M</sex>
        <age>48</age>
        <city>NOLANVILLE</city>
        <province>Texas</province>
        <country>US</country>
      </user>
      <date>1214466420</date>
      <body>I'm listening to this story on the radio now...  Looking for the TEXT of the ruling.  The text was read on the radio and it is POWERFUL  It says that any other decision would be unconstitutional by the fact that it would alter the constitution.</body>
    </post> 
 <post id="MS_11611_45294587">
      <user id="MS_71663225">
        <username>Rakhit</username>
        <sex>M</sex>
        <age>34</age>
        <city>Albuquerque</city>
        <province>New Mexico</province>
        <country>US</country>
      </user>
      <date>1214466660</date>
      <body>  Yes, but the  court had not conclusively interpreted the Second Amendment since its ratification in 1791.</body>
    </post> 
 <post id="MS_11611_45294905">
      <user id="MS_161586832">
        <username>Fred</username>
        <sex>M</sex>
        <age>48</age>
        <city>NOLANVILLE</city>
        <province>Texas</province>
        <country>US</country>
      </user>
      <date>1214467020</date>
      <body>http://www.supremecourtus.gov/opinions/07pdf/07-290.pdf  Sorry... can't seem to pull the text from the PDF.   **********************  The Federalist Papers (the expalinations of the constitution published by the Founding Fathers asking the people to vote to ratify the constitution...  Gave a good explaination of the purpose of the 2nd ammendment.  What it adds up to is:  The people need the ability to oppose an oppressive GOVERNMENT with force.  Yep... the purpose is for the people to be able to REMOVE the people from office by force if they overstep thier constitutional powers.  By the ORIGINAL meaning... we should be allowed to buy fully operational M1 Abrams tanks if we want to.</body>
    </post> 
 <post id="MS_11611_45316728">
      <user id="MS_35280508">
        <username>LuCidiTy</username>
        <sex>F</sex>
        <age>46</age>
        <city>Alpha Centauri</city>
        <province/>
        <country>UM</country>
      </user>
      <date>1214494020</date>
      <body>worth a bump or two</body>
    </post> 
 <post id="MS_11611_45317069">
      <user id="MS_231851322">
        <username>Fred</username>
        <sex>M</sex>
        <age>38</age>
        <city>buffalo</city>
        <province>New York</province>
        <country>US</country>
      </user>
      <date>1214494560</date>
      <body>Im glad the wisdom of the court finally sees fit to agree with natural law and the God given right to self preservation.  I think the other four ARE child rapists.</body>
    </post> 
 <post id="MS_11611_45317150">
      <user id="MS_231851322">
        <username>Fred</username>
        <sex>M</sex>
        <age>38</age>
        <city>buffalo</city>
        <province>New York</province>
        <country>US</country>
      </user>
      <date>1214494680</date>
      <body>And besides , all high goverment officials are given the choice to carry a concealed firearm for thier own protection.  Of course theyre better than you , but still.</body>
    </post> 
 <post id="MS_11611_45317181">
      <user id="MS_231851322">
        <username>Fred</username>
        <sex>M</sex>
        <age>38</age>
        <city>buffalo</city>
        <province>New York</province>
        <country>US</country>
      </user>
      <date>1214494680</date>
      <body>  I hear ya</body>
    </post> 
 <post id="MS_11611_45317464">
      <user id="MS_270761960">
        <username>guerrilla action team</username>
        <sex>M</sex>
        <age>108</age>
        <city>CHICAGO</city>
        <province>IL</province>
        <country>US</country>
      </user>
      <date>1214495160</date>
      <body>this is the best news i've heard all day. now time to challenge chitown's gun ban. and time to get me another glock.</body>
    </post> 
 <post id="MS_11611_45317534">
      <user id="MS_35280508">
        <username>LuCidiTy</username>
        <sex>F</sex>
        <age>46</age>
        <city>Alpha Centauri</city>
        <province/>
        <country>UM</country>
      </user>
      <date>1214495280</date>
      <body>now we gotta work on the states and institutions that don't have carry permits...</body>
    </post>
</posts> 
