<?xml version="1.0" encoding="UTF-8"?> 
 <posts> 
 <post id="MS_9726_45895745">
      <user id="MS_42224493">
        <username>Michael</username>
        <sex>M</sex>
        <age>53</age>
        <city>Chicago</city>
        <province>Illinois</province>
        <country>US</country>
      </user>
      <date>1215467760</date>
      <body> why?...plain and simple....IT GIVES YOU BITCHING RIGHTS!!!!!! If you don't participate shut up....you don't vote you don't count and actually dont deserve any sayso on the matters.....I've seen people in wheelchairs truck a mile to vote...and you don't....that is sad.</body>
    </post> 
 <post id="MS_9726_45896929">
      <user id="MS_20526400">
        <username>Alfred B...With no regard for human life!</username>
        <sex>M</sex>
        <age>29</age>
        <city>SJC-Central Ghetto/La Porte</city>
        <province>Texas</province>
        <country>US</country>
      </user>
      <date>1215470340</date>
      <body>  WINNAR.  To address another point, if voting is a right, why do I have to register to do so?  In that regard, driving or getting married is a right.Ã&#130;Â  I should just be able to walk in and do it when I feel like it.  I'm not up for lesser of two evils garbage, either.Ã&#130;Â  16 years of crap for candidates ought to have taught everyone that a vote for a shitty candidate is...validation of a shitty candidate.  That is how the campaigns looks at it.  The End.</body>
    </post> 
 <post id="MS_9726_45897146">
      <user id="MS_42224493">
        <username>Michael</username>
        <sex>M</sex>
        <age>53</age>
        <city>Chicago</city>
        <province>Illinois</province>
        <country>US</country>
      </user>
      <date>1215470760</date>
      <body> if anyone just can walk up and just vote...how are you gonna know if these people actually are citizens of this country?...dont you think it'd be a little chaotic?....btw..driving is not a "right"...its a privilege...you earn it.</body>
    </post> 
 <post id="MS_9726_45897757">
      <user id="MS_21558879">
        <username>The One who is greatly underestimated</username>
        <sex>M</sex>
        <age>20</age>
        <city>Stockton</city>
        <province>California</province>
        <country>US</country>
      </user>
      <date>1215472320</date>
      <body>  The problem with using popular voting as a definitive method of making decisions about representatives. . .is that the popular vote is VERY easy to f*ck with. Given the motivation, it's really simple for someone to submit dozens of ballots using a falsified identity with each one. Since it's effectively illegal to make people provide identification when voting(and I agree with this, btw), it's makes for very skewed elections. Of course, that might not happen every time. . .but why take the risk?  I'm not saying that I agree with the Electoral College, either, since it has its own flaws. A new system should be created that does a better job at giving people a say in their government, and in the selection of representatives.</body>
    </post> 
 <post id="MS_9726_46066520">
      <user id="MS_14376399">
        <username>Impenitent</username>
        <sex>M</sex>
        <age>20</age>
        <city>Zurich</city>
        <province/>
        <country>CH</country>
      </user>
      <date>1215722880</date>
      <body>It really makes no difference if you do or don't.</body>
    </post> 
 <post id="MS_9726_46069305">
      <user id="MS_42224493">
        <username>Michael</username>
        <sex>M</sex>
        <age>53</age>
        <city>Chicago</city>
        <province>Illinois</province>
        <country>US</country>
      </user>
      <date>1215728040</date>
      <body>we have had Presidential elections decided by a hundred thousand votes..two tenths of a percentage point....and 70 million people voted...literally a small town.</body>
    </post> 
 <post id="MS_9726_46070123">
      <user id="MS_93546095">
        <username>Ã Â¸Â¿-Ã&#145;Ã&#132;Â¬Ã&#143;â&#128;&#154;Ã&#142;Å¾Ã¢â&#128;&#158;Â¢</username>
        <sex>M</sex>
        <age>15</age>
        <city>NEWY!</city>
        <province>New South Wales</province>
        <country>AU</country>
      </user>
      <date>1215729900</date>
      <body/>
    </post> 
 <post id="MS_9726_46156995">
      <user id="MS_70558503">
        <username>Penny</username>
        <sex>F</sex>
        <age>31</age>
        <city>Battle Creek</city>
        <province>Michigan</province>
        <country>US</country>
      </user>
      <date>1215893520</date>
      <body>I completely agree! It's not something I hear many people complain about though. Considering electors are theoretically free to vote for the candidate of their choice, which means our vote might not count at all.</body>
    </post> 
 <post id="MS_9726_46157200">
      <user id="MS_29433620">
        <username>The Sentry</username>
        <sex>M</sex>
        <age>38</age>
        <city>Gold Country</city>
        <province>California</province>
        <country>US</country>
      </user>
      <date>1215893820</date>
      <body>I just registered as a Libertarian! FTW!</body>
    </post> 
 <post id="MS_9726_46160776">
      <user id="MS_82785570">
        <username>THE CLEANER</username>
        <sex>M</sex>
        <age>20</age>
        <city>Loudon</city>
        <province>Tennessee</province>
        <country>US</country>
      </user>
      <date>1215899640</date>
      <body>Dont vote,cant bitch!</body>
    </post>
</posts> 
