<?xml version="1.0" encoding="UTF-8"?> 
 <posts> 
 <post id="MS_9726_45831409">
      <user id="MS_29433620">
        <username>The Sentry</username>
        <sex>M</sex>
        <age>38</age>
        <city>Gold Country</city>
        <province>California</province>
        <country>US</country>
      </user>
      <date>1215367380</date>
      <body>Local and State elections, (and propositions?) Yes...please vote.  On a national level? What difference does it make?</body>
    </post> 
 <post id="MS_9726_45831698">
      <user id="MS_35280508">
        <username>LuCidiTy</username>
        <sex>F</sex>
        <age>46</age>
        <city>Alpha Centauri</city>
        <province/>
        <country>UM</country>
      </user>
      <date>1215367740</date>
      <body>you should vote because it is a right given to you...you either exercise it or you lose it. not voting doesn't change a thing or make any sort of statement or give you more of a right to criticize, no matter what george carlin said, god rest his soul. and voting for a third party or a rebel or a renegade isn't a wasted vote either as most party pollywannacrackers would like you to believe. it's just their way of ensuring that two and only two (arguably one) parties stay in power and to squash that the third, fourth, fifth, sixth, and even seven parties that a nation this age and of such diversity should have by now.</body>
    </post> 
 <post id="MS_9726_45831710">
      <user id="MS_35280508">
        <username>LuCidiTy</username>
        <sex>F</sex>
        <age>46</age>
        <city>Alpha Centauri</city>
        <province/>
        <country>UM</country>
      </user>
      <date>1215367740</date>
      <body> definately.</body>
    </post> 
 <post id="MS_9726_45831761">
      <user id="MS_35280508">
        <username>LuCidiTy</username>
        <sex>F</sex>
        <age>46</age>
        <city>Alpha Centauri</city>
        <province/>
        <country>UM</country>
      </user>
      <date>1215367800</date>
      <body>     </body>
    </post> 
 <post id="MS_9726_45837781">
      <user id="MS_374957251">
        <username>T</username>
        <sex>M</sex>
        <age>57</age>
        <city>GRAND RAPIDS</city>
        <province>Michigan</province>
        <country>US</country>
      </user>
      <date>1215376440</date>
      <body>I don't vote, gave it up for lent. I feel it is the biggest scam going on.</body>
    </post> 
 <post id="MS_9726_45837835">
      <user id="MS_347006598">
        <username>Cold Steal II</username>
        <sex>F</sex>
        <age>104</age>
        <city>CHICO</city>
        <province>California</province>
        <country>US</country>
      </user>
      <date>1215376500</date>
      <body>McCain is relying on lazy voters</body>
    </post> 
 <post id="MS_9726_45872662">
      <user id="MS_54106789">
        <username>Ã¢â&#132;¢Â¥Ã¢â&#132;¢Â¥Ã¢â&#132;¢Â¥Ki KiÃ¢â&#132;¢Â¥Ã¢â&#132;¢Â¥Ã¢â&#132;¢Â¥</username>
        <sex>F</sex>
        <age>29</age>
        <city>Louisville KY &amp; Cincinnati Ohio</city>
        <province>Kentucky</province>
        <country>US</country>
      </user>
      <date>1215436560</date>
      <body>To your question I will just say that the one year that I did not vote Bush won, and in him winning oil prices soared, healthcare, insurance, food prices soared as well. Secondly, It is best that I try to get people in office who will best represent me and the choices I make in life in addition to the lifestyle I choose to keep. I also have a huge fear that if we choose to not be the deciding factors in the candidacy for presidency, then someone else will. Would you feel safe giving that responsibility to any one group in America? Please make your vote count. Consider the most important things in life to you and vote for the person who will most likely help you keep those things close to home. K</body>
    </post> 
 <post id="MS_9726_45891701">
      <user id="MS_1671459">
        <username>Terrorform</username>
        <sex>M</sex>
        <age>26</age>
        <city>SAN ANTONIO</city>
        <province>Texas</province>
        <country>US</country>
      </user>
      <date>1215461160</date>
      <body> #1. It's called freedom of speech. #2.Ã&#130;Â  If I vote for a candidate and he turns into a huge douchebag do I still have grounds to complain? (e.g. Bush) #3.Ã&#130;Â  If you think every candidate sucks ass and none of them are worthy of your vote you get more respect from me than if you vote for the person that sucks the least [out of the top 2 parties because you think a 3rd party vote is a wasted vote]. #4.Ã&#130;Â  They're taking your money, they're running your lives.Ã&#130;Â  You ALWAYS have the right to complain.</body>
    </post> 
 <post id="MS_9726_45895745">
      <user id="MS_42224493">
        <username>Michael</username>
        <sex>M</sex>
        <age>53</age>
        <city>Chicago</city>
        <province>Illinois</province>
        <country>US</country>
      </user>
      <date>1215467760</date>
      <body> why?...plain and simple....IT GIVES YOU BITCHING RIGHTS!!!!!! If you don't participate shut up....you don't vote you don't count and actually dont deserve any sayso on the matters.....I've seen people in wheelchairs truck a mile to vote...and you don't....that is sad.</body>
    </post> 
 <post id="MS_9726_45896929">
      <user id="MS_20526400">
        <username>Alfred B...With no regard for human life!</username>
        <sex>M</sex>
        <age>29</age>
        <city>SJC-Central Ghetto/La Porte</city>
        <province>Texas</province>
        <country>US</country>
      </user>
      <date>1215470340</date>
      <body>  WINNAR.  To address another point, if voting is a right, why do I have to register to do so?  In that regard, driving or getting married is a right.Ã&#130;Â  I should just be able to walk in and do it when I feel like it.  I'm not up for lesser of two evils garbage, either.Ã&#130;Â  16 years of crap for candidates ought to have taught everyone that a vote for a shitty candidate is...validation of a shitty candidate.  That is how the campaigns looks at it.  The End.</body>
    </post>
</posts> 
