<?xml version="1.0" encoding="UTF-8"?> 
 <posts> 
 <post id="MS_9726_46160776">
      <user id="MS_82785570">
        <username>THE CLEANER</username>
        <sex>M</sex>
        <age>20</age>
        <city>Loudon</city>
        <province>Tennessee</province>
        <country>US</country>
      </user>
      <date>1215899640</date>
      <body>Dont vote,cant bitch!</body>
    </post> 
 <post id="MS_9726_46161237">
      <user id="MS_41020799">
        <username>Jon Payne</username>
        <sex>M</sex>
        <age>19</age>
        <city>Mt. Pleasant</city>
        <province>PENNSYLVANIA</province>
        <country>US</country>
      </user>
      <date>1215900600</date>
      <body>By all means if you don't feel like voting don't do it. I believe a big part of the reason this countries gone to shit is because uninformed people with little interest in politics vote because they feel they have a patriotic duty to do so.</body>
    </post> 
 <post id="MS_9726_46161313">
      <user id="MS_82785570">
        <username>THE CLEANER</username>
        <sex>M</sex>
        <age>20</age>
        <city>Loudon</city>
        <province>Tennessee</province>
        <country>US</country>
      </user>
      <date>1215900780</date>
      <body>   i agree completly,but likewise they best keep theyr mouth shut when something comes along they dont agree with. because you know why,they didnt vote and keep up with the times.</body>
    </post> 
 <post id="MS_9726_46162087">
      <user id="MS_369060867">
        <username>Frequency 13</username>
        <sex>F</sex>
        <age>104</age>
        <city>ATLANTA</city>
        <province>Georgia</province>
        <country>US</country>
      </user>
      <date>1215902580</date>
      <body> know how you feel... i had a bumper sticker for awhile that said, "don't blame me, i didn't vote" things that might make me go vote 1. someone runs that i really think represents me 2. "none of the above" actually is counted and has an effect on the election 3. getting rid of the (for presidential elections) the electoral college might get me to register at least 4. noam chomsky running with jello biafra has a chance of me voting 5. some system of accountability put into place so those elected actually have to at least attempt to keep the promises they make during campaigning (maybe if popularity drops below 50% they get booted?)</body>
    </post> 
 <post id="MS_9726_46226501">
      <user id="MS_1671459">
        <username>Terrorform</username>
        <sex>M</sex>
        <age>26</age>
        <city>SAN ANTONIO</city>
        <province>Texas</province>
        <country>US</country>
      </user>
      <date>1216028580</date>
      <body>People that always vote Democrat or Republican are part of the problem. The people that don't vote have enough sense to know all of their choices suck.</body>
    </post> 
 <post id="MS_9726_46226622">
      <user id="MS_356177057">
        <username>Liquid Peace</username>
        <sex>M</sex>
        <age>28</age>
        <city>WILMINGTON</city>
        <province>North Carolina</province>
        <country>US</country>
      </user>
      <date>1216028700</date>
      <body>Vote for Ralph Nader with me so we can be part of the 1% that does not jump on bandwagons!</body>
    </post> 
 <post id="MS_9726_46232071">
      <user id="MS_1671459">
        <username>Terrorform</username>
        <sex>M</sex>
        <age>26</age>
        <city>SAN ANTONIO</city>
        <province>Texas</province>
        <country>US</country>
      </user>
      <date>1216035240</date>
      <body> He's got his own bandwagon going. The "Protest Vote" bandwagon.</body>
    </post> 
 <post id="MS_9726_46232876">
      <user id="MS_151422216">
        <username>richard</username>
        <sex>M</sex>
        <age>29</age>
        <city>Texas</city>
        <province/>
        <country>US</country>
      </user>
      <date>1216036080</date>
      <body>  i have voted and i have failed to vote in the past and i can see why people are getting discouraged about voting. most of the time the candidates you vote in simply disregard what the people want. they often seem more interested in servicing special interests, people who are funded by power groups.  and if you live in a state like texas and you want to vote dem in a presidential election, you can pretty well be assured your vote is meaningless. the same is true if you want to vote gop in new york. so i am for moving toward a popular vote system.  if an i.d. is required to vote, so what? that seems like a reasonable requirement, to prove who you are and that you are only voting once.</body>
    </post> 
 <post id="MS_9726_46235582">
      <user id="MS_82785570">
        <username>THE CLEANER</username>
        <sex>M</sex>
        <age>20</age>
        <city>Loudon</city>
        <province>Tennessee</province>
        <country>US</country>
      </user>
      <date>1216039260</date>
      <body>  this is not true. more people are voting now than ever before! particuly young audiences.</body>
    </post> 
 <post id="MS_9726_46513103">
      <user id="MS_8403529">
        <username>Gary</username>
        <sex>M</sex>
        <age>34</age>
        <city>CLINTON</city>
        <province>Tennessee</province>
        <country>US</country>
      </user>
      <date>1216476960</date>
      <body>  Here's the one and only reason I can think of to vote. How would you like it if you had NO SAY WHATSOEVER in who you think should be President? What if someone said "This is what you get like it or not, your opinion doesn't count". I know come election day the person I vote for won't win BUT I can go to the voting booth and say... "This is who I think should be President." A lot of people in this world don't even get that.</body>
    </post>
</posts> 
