<?xml version="1.0" encoding="UTF-8"?> 
 <posts> 
 <post id="MS_9726_46070123">
      <user id="MS_93546095">
        <username>Ã Â¸Â¿-Ã&#145;Ã&#132;Â¬Ã&#143;â&#128;&#154;Ã&#142;Å¾Ã¢â&#128;&#158;Â¢</username>
        <sex>M</sex>
        <age>15</age>
        <city>NEWY!</city>
        <province>New South Wales</province>
        <country>AU</country>
      </user>
      <date>1215729900</date>
      <body/>
    </post> 
 <post id="MS_9726_46156995">
      <user id="MS_70558503">
        <username>Penny</username>
        <sex>F</sex>
        <age>31</age>
        <city>Battle Creek</city>
        <province>Michigan</province>
        <country>US</country>
      </user>
      <date>1215893520</date>
      <body>I completely agree! It's not something I hear many people complain about though. Considering electors are theoretically free to vote for the candidate of their choice, which means our vote might not count at all.</body>
    </post> 
 <post id="MS_9726_46157200">
      <user id="MS_29433620">
        <username>The Sentry</username>
        <sex>M</sex>
        <age>38</age>
        <city>Gold Country</city>
        <province>California</province>
        <country>US</country>
      </user>
      <date>1215893820</date>
      <body>I just registered as a Libertarian! FTW!</body>
    </post> 
 <post id="MS_9726_46160776">
      <user id="MS_82785570">
        <username>THE CLEANER</username>
        <sex>M</sex>
        <age>20</age>
        <city>Loudon</city>
        <province>Tennessee</province>
        <country>US</country>
      </user>
      <date>1215899640</date>
      <body>Dont vote,cant bitch!</body>
    </post> 
 <post id="MS_9726_46161237">
      <user id="MS_41020799">
        <username>Jon Payne</username>
        <sex>M</sex>
        <age>19</age>
        <city>Mt. Pleasant</city>
        <province>PENNSYLVANIA</province>
        <country>US</country>
      </user>
      <date>1215900600</date>
      <body>By all means if you don't feel like voting don't do it. I believe a big part of the reason this countries gone to shit is because uninformed people with little interest in politics vote because they feel they have a patriotic duty to do so.</body>
    </post> 
 <post id="MS_9726_46161313">
      <user id="MS_82785570">
        <username>THE CLEANER</username>
        <sex>M</sex>
        <age>20</age>
        <city>Loudon</city>
        <province>Tennessee</province>
        <country>US</country>
      </user>
      <date>1215900780</date>
      <body>   i agree completly,but likewise they best keep theyr mouth shut when something comes along they dont agree with. because you know why,they didnt vote and keep up with the times.</body>
    </post> 
 <post id="MS_9726_46162087">
      <user id="MS_369060867">
        <username>Frequency 13</username>
        <sex>F</sex>
        <age>104</age>
        <city>ATLANTA</city>
        <province>Georgia</province>
        <country>US</country>
      </user>
      <date>1215902580</date>
      <body> know how you feel... i had a bumper sticker for awhile that said, "don't blame me, i didn't vote" things that might make me go vote 1. someone runs that i really think represents me 2. "none of the above" actually is counted and has an effect on the election 3. getting rid of the (for presidential elections) the electoral college might get me to register at least 4. noam chomsky running with jello biafra has a chance of me voting 5. some system of accountability put into place so those elected actually have to at least attempt to keep the promises they make during campaigning (maybe if popularity drops below 50% they get booted?)</body>
    </post> 
 <post id="MS_9726_46226501">
      <user id="MS_1671459">
        <username>Terrorform</username>
        <sex>M</sex>
        <age>26</age>
        <city>SAN ANTONIO</city>
        <province>Texas</province>
        <country>US</country>
      </user>
      <date>1216028580</date>
      <body>People that always vote Democrat or Republican are part of the problem. The people that don't vote have enough sense to know all of their choices suck.</body>
    </post> 
 <post id="MS_9726_46226622">
      <user id="MS_356177057">
        <username>Liquid Peace</username>
        <sex>M</sex>
        <age>28</age>
        <city>WILMINGTON</city>
        <province>North Carolina</province>
        <country>US</country>
      </user>
      <date>1216028700</date>
      <body>Vote for Ralph Nader with me so we can be part of the 1% that does not jump on bandwagons!</body>
    </post> 
 <post id="MS_9726_46232071">
      <user id="MS_1671459">
        <username>Terrorform</username>
        <sex>M</sex>
        <age>26</age>
        <city>SAN ANTONIO</city>
        <province>Texas</province>
        <country>US</country>
      </user>
      <date>1216035240</date>
      <body> He's got his own bandwagon going. The "Protest Vote" bandwagon.</body>
    </post>
</posts> 
