<?xml version="1.0" encoding="UTF-8"?> 
 <posts> 
 <post id="MS_9726_45897757">
      <user id="MS_21558879">
        <username>The One who is greatly underestimated</username>
        <sex>M</sex>
        <age>20</age>
        <city>Stockton</city>
        <province>California</province>
        <country>US</country>
      </user>
      <date>1215472320</date>
      <body>  The problem with using popular voting as a definitive method of making decisions about representatives. . .is that the popular vote is VERY easy to f*ck with. Given the motivation, it's really simple for someone to submit dozens of ballots using a falsified identity with each one. Since it's effectively illegal to make people provide identification when voting(and I agree with this, btw), it's makes for very skewed elections. Of course, that might not happen every time. . .but why take the risk?  I'm not saying that I agree with the Electoral College, either, since it has its own flaws. A new system should be created that does a better job at giving people a say in their government, and in the selection of representatives.</body>
    </post> 
 <post id="MS_9726_46066520">
      <user id="MS_14376399">
        <username>Impenitent</username>
        <sex>M</sex>
        <age>20</age>
        <city>Zurich</city>
        <province/>
        <country>CH</country>
      </user>
      <date>1215722880</date>
      <body>It really makes no difference if you do or don't.</body>
    </post> 
 <post id="MS_9726_46069305">
      <user id="MS_42224493">
        <username>Michael</username>
        <sex>M</sex>
        <age>53</age>
        <city>Chicago</city>
        <province>Illinois</province>
        <country>US</country>
      </user>
      <date>1215728040</date>
      <body>we have had Presidential elections decided by a hundred thousand votes..two tenths of a percentage point....and 70 million people voted...literally a small town.</body>
    </post> 
 <post id="MS_9726_46070123">
      <user id="MS_93546095">
        <username>Ã Â¸Â¿-Ã&#145;Ã&#132;Â¬Ã&#143;â&#128;&#154;Ã&#142;Å¾Ã¢â&#128;&#158;Â¢</username>
        <sex>M</sex>
        <age>15</age>
        <city>NEWY!</city>
        <province>New South Wales</province>
        <country>AU</country>
      </user>
      <date>1215729900</date>
      <body/>
    </post> 
 <post id="MS_9726_46156995">
      <user id="MS_70558503">
        <username>Penny</username>
        <sex>F</sex>
        <age>31</age>
        <city>Battle Creek</city>
        <province>Michigan</province>
        <country>US</country>
      </user>
      <date>1215893520</date>
      <body>I completely agree! It's not something I hear many people complain about though. Considering electors are theoretically free to vote for the candidate of their choice, which means our vote might not count at all.</body>
    </post> 
 <post id="MS_9726_46157200">
      <user id="MS_29433620">
        <username>The Sentry</username>
        <sex>M</sex>
        <age>38</age>
        <city>Gold Country</city>
        <province>California</province>
        <country>US</country>
      </user>
      <date>1215893820</date>
      <body>I just registered as a Libertarian! FTW!</body>
    </post> 
 <post id="MS_9726_46160776">
      <user id="MS_82785570">
        <username>THE CLEANER</username>
        <sex>M</sex>
        <age>20</age>
        <city>Loudon</city>
        <province>Tennessee</province>
        <country>US</country>
      </user>
      <date>1215899640</date>
      <body>Dont vote,cant bitch!</body>
    </post> 
 <post id="MS_9726_46161237">
      <user id="MS_41020799">
        <username>Jon Payne</username>
        <sex>M</sex>
        <age>19</age>
        <city>Mt. Pleasant</city>
        <province>PENNSYLVANIA</province>
        <country>US</country>
      </user>
      <date>1215900600</date>
      <body>By all means if you don't feel like voting don't do it. I believe a big part of the reason this countries gone to shit is because uninformed people with little interest in politics vote because they feel they have a patriotic duty to do so.</body>
    </post> 
 <post id="MS_9726_46161313">
      <user id="MS_82785570">
        <username>THE CLEANER</username>
        <sex>M</sex>
        <age>20</age>
        <city>Loudon</city>
        <province>Tennessee</province>
        <country>US</country>
      </user>
      <date>1215900780</date>
      <body>   i agree completly,but likewise they best keep theyr mouth shut when something comes along they dont agree with. because you know why,they didnt vote and keep up with the times.</body>
    </post> 
 <post id="MS_9726_46162087">
      <user id="MS_369060867">
        <username>Frequency 13</username>
        <sex>F</sex>
        <age>104</age>
        <city>ATLANTA</city>
        <province>Georgia</province>
        <country>US</country>
      </user>
      <date>1215902580</date>
      <body> know how you feel... i had a bumper sticker for awhile that said, "don't blame me, i didn't vote" things that might make me go vote 1. someone runs that i really think represents me 2. "none of the above" actually is counted and has an effect on the election 3. getting rid of the (for presidential elections) the electoral college might get me to register at least 4. noam chomsky running with jello biafra has a chance of me voting 5. some system of accountability put into place so those elected actually have to at least attempt to keep the promises they make during campaigning (maybe if popularity drops below 50% they get booted?)</body>
    </post>
</posts> 
