<?xml version="1.0" encoding="UTF-8"?> 
 <posts> 
 <post id="MS_11467_46036290">
      <user id="MS_347006598">
        <username>Cold Steal II</username>
        <sex>F</sex>
        <age>104</age>
        <city>CHICO</city>
        <province>California</province>
        <country>US</country>
      </user>
      <date>1215684540</date>
      <body>  I feel yoru pain bro'</body>
    </post> 
 <post id="MS_11467_46036357">
      <user id="MS_347006598">
        <username>Cold Steal II</username>
        <sex>F</sex>
        <age>104</age>
        <city>CHICO</city>
        <province>California</province>
        <country>US</country>
      </user>
      <date>1215684600</date>
      <body>  exactly, actualy they could have killed this guy the way they did it, dead prisoners make for lousy information</body>
    </post> 
 <post id="MS_11467_46036371">
      <user id="MS_10933375">
        <username>Sample Junkeez</username>
        <sex>F</sex>
        <age>104</age>
        <city>AUSTIN</city>
        <province>TEXAS</province>
        <country>US</country>
      </user>
      <date>1215684600</date>
      <body>  . . . and I'll feel it again before you get off work.  *rimshot*</body>
    </post> 
 <post id="MS_11467_46036451">
      <user id="MS_347006598">
        <username>Cold Steal II</username>
        <sex>F</sex>
        <age>104</age>
        <city>CHICO</city>
        <province>California</province>
        <country>US</country>
      </user>
      <date>1215684720</date>
      <body>  The difference in the old way was they lowered their heads into a bathtub, not pour water over a rag</body>
    </post> 
 <post id="MS_11467_46078447">
      <user id="MS_10933375">
        <username>Sample Junkeez</username>
        <sex>F</sex>
        <age>104</age>
        <city>AUSTIN</city>
        <province>TEXAS</province>
        <country>US</country>
      </user>
      <date>1215754440</date>
      <body>  The quote above was from AFJ, with no verbiage added from me.</body>
    </post> 
 <post id="MS_11467_46106294">
      <user id="MS_133843882">
        <username>Seti</username>
        <sex>M</sex>
        <age>36</age>
        <city>Kodiak</city>
        <province>Alaska</province>
        <country>US</country>
      </user>
      <date>1215793260</date>
      <body>He lasted 30 seconds then acted like he couldn't get up.........UUUU yea</body>
    </post> 
 <post id="MS_11467_46136438">
      <user id="MS_6629984">
        <username>Phil Colons</username>
        <sex>M</sex>
        <age>98</age>
        <city>California</city>
        <province/>
        <country>US</country>
      </user>
      <date>1215860580</date>
      <body>  And a girly man like you wouldn't last 10 seconds.</body>
    </post> 
 <post id="MS_11467_46137882">
      <user id="MS_3783684">
        <username>Ascension Tattoo _( ANT )_</username>
        <sex>M</sex>
        <age>33</age>
        <city>Winter Park...ORLANDO</city>
        <province>Florida</province>
        <country>US</country>
      </user>
      <date>1215862800</date>
      <body>whats with the "disoriantating music"?</body>
    </post> 
 <post id="MS_11467_46139800">
      <user id="MS_3784914">
        <username>Luke (NLD-MN)</username>
        <sex>M</sex>
        <age>19</age>
        <city>Genocide is our Business</city>
        <province>Minnesota</province>
        <country>US</country>
      </user>
      <date>1215866040</date>
      <body>  Girly man? Get that shit out of here, nobody cares how tough you can be over the internet.</body>
    </post> 
 <post id="MS_11467_46145018">
      <user id="MS_3784914">
        <username>Luke (NLD-MN)</username>
        <sex>M</sex>
        <age>19</age>
        <city>Genocide is our Business</city>
        <province>Minnesota</province>
        <country>US</country>
      </user>
      <date>1215874800</date>
      <body>  Hey, unless you have ever been waterboarded...</body>
    </post>
</posts> 
