<?xml version="1.0" encoding="UTF-8"?> 
 <posts> 
 <post id="MS_11467_46032008">
      <user id="MS_134764324">
        <username>Cheops</username>
        <sex>M</sex>
        <age>41</age>
        <city>Iowa</city>
        <province/>
        <country>US</country>
      </user>
      <date>1215680040</date>
      <body>  They are doing it wrong. It is clear he gets water in his lungs in this demonstration.</body>
    </post> 
 <post id="MS_11467_46032094">
      <user id="MS_108081378">
        <username>El Diablo</username>
        <sex>M</sex>
        <age>37</age>
        <city>Talladega</city>
        <province>Alabama</province>
        <country>US</country>
      </user>
      <date>1215680160</date>
      <body>It was such horrible torture that he went back for more.</body>
    </post> 
 <post id="MS_11467_46032261">
      <user id="MS_134764324">
        <username>Cheops</username>
        <sex>M</sex>
        <age>41</age>
        <city>Iowa</city>
        <province/>
        <country>US</country>
      </user>
      <date>1215680340</date>
      <body>This how it is done.  http://www.foxnews.com/video2/player.html?110606/110606_greta_ha rrigan&amp;On_the_Record&amp;Harrigan%20Reporting&amp;acc&amp;On%20the%20Record&amp;-1&amp;Sho ws&amp;219&amp;&amp;&amp;new</body>
    </post> 
 <post id="MS_11467_46032441">
      <user id="MS_134764324">
        <username>Cheops</username>
        <sex>M</sex>
        <age>41</age>
        <city>Iowa</city>
        <province/>
        <country>US</country>
      </user>
      <date>1215680520</date>
      <body>           </body>
    </post> 
 <post id="MS_11467_46035407">
      <user id="MS_10933375">
        <username>Sample Junkeez</username>
        <sex>F</sex>
        <age>104</age>
        <city>AUSTIN</city>
        <province>TEXAS</province>
        <country>US</country>
      </user>
      <date>1215683580</date>
      <body>This isn't even debatable anymore. The ARMED FORCES JOURNAL (the bunch of pansy, pacifist liberals that they are) argued that waterboarding = torture some time ago.  http://www.armedforcesjournal.com/2007/12/3230108  TO RUDY GIULIANI AND ATTORNEY GENERAL NOMINEE MICHAEL MUKASEY For their tacit support of waterboarding. In an interview, Giuliani was asked for his views on using Ã¢â&#130;¬Å&#147;enhanced interrogation techniques,Ã¢â&#130;¬ including waterboarding. He responded that in a hypothetical scenario that assumed an attack, Ã¢â&#130;¬Å&#147;I would tell the people who had to do the interrogation to use every method they can think of.Ã¢â&#130;¬ Prompted again on the specific use of waterboarding, he repeated Ã¢â&#130;¬Å&#147;every method they could think of.Ã¢â&#130;¬ Mukasey said he found waterboarding to be Ã¢â&#130;¬Å&#147;repugnant,Ã¢â&#130;¬ but he wouldnÃ¢â&#130;¬â&#132;¢t answer whether it amounted to torture.  Let AFJ be crystal clear on a subject where these men are opaque: Waterboarding is a torture technique that has its history rooted in the Spanish Inquisition. In 1947, the U.S. prosecuted a Japanese military officer for carrying out a form of waterboarding on a U.S. civilian during World War II.  Waterboarding inflicts on its victims the terror of imminent death. And as with all torture techniques, it is, therefore, an inherently flawed method for gaining reliable information. In short, it doesnÃ¢â&#130;¬â&#132;¢t work. That blunt truth means all U.S. leaders, present and future, should be clear on the issue.</body>
    </post> 
 <post id="MS_11467_46036290">
      <user id="MS_347006598">
        <username>Cold Steal II</username>
        <sex>F</sex>
        <age>104</age>
        <city>CHICO</city>
        <province>California</province>
        <country>US</country>
      </user>
      <date>1215684540</date>
      <body>  I feel yoru pain bro'</body>
    </post> 
 <post id="MS_11467_46036357">
      <user id="MS_347006598">
        <username>Cold Steal II</username>
        <sex>F</sex>
        <age>104</age>
        <city>CHICO</city>
        <province>California</province>
        <country>US</country>
      </user>
      <date>1215684600</date>
      <body>  exactly, actualy they could have killed this guy the way they did it, dead prisoners make for lousy information</body>
    </post> 
 <post id="MS_11467_46036371">
      <user id="MS_10933375">
        <username>Sample Junkeez</username>
        <sex>F</sex>
        <age>104</age>
        <city>AUSTIN</city>
        <province>TEXAS</province>
        <country>US</country>
      </user>
      <date>1215684600</date>
      <body>  . . . and I'll feel it again before you get off work.  *rimshot*</body>
    </post> 
 <post id="MS_11467_46036451">
      <user id="MS_347006598">
        <username>Cold Steal II</username>
        <sex>F</sex>
        <age>104</age>
        <city>CHICO</city>
        <province>California</province>
        <country>US</country>
      </user>
      <date>1215684720</date>
      <body>  The difference in the old way was they lowered their heads into a bathtub, not pour water over a rag</body>
    </post> 
 <post id="MS_11467_46078447">
      <user id="MS_10933375">
        <username>Sample Junkeez</username>
        <sex>F</sex>
        <age>104</age>
        <city>AUSTIN</city>
        <province>TEXAS</province>
        <country>US</country>
      </user>
      <date>1215754440</date>
      <body>  The quote above was from AFJ, with no verbiage added from me.</body>
    </post>
</posts> 
