<?xml version="1.0" encoding="UTF-8"?> 
 <posts> 
 <post id="MS_11467_46136438">
      <user id="MS_6629984">
        <username>Phil Colons</username>
        <sex>M</sex>
        <age>98</age>
        <city>California</city>
        <province/>
        <country>US</country>
      </user>
      <date>1215860580</date>
      <body>  And a girly man like you wouldn't last 10 seconds.</body>
    </post> 
 <post id="MS_11467_46137882">
      <user id="MS_3783684">
        <username>Ascension Tattoo _( ANT )_</username>
        <sex>M</sex>
        <age>33</age>
        <city>Winter Park...ORLANDO</city>
        <province>Florida</province>
        <country>US</country>
      </user>
      <date>1215862800</date>
      <body>whats with the "disoriantating music"?</body>
    </post> 
 <post id="MS_11467_46139800">
      <user id="MS_3784914">
        <username>Luke (NLD-MN)</username>
        <sex>M</sex>
        <age>19</age>
        <city>Genocide is our Business</city>
        <province>Minnesota</province>
        <country>US</country>
      </user>
      <date>1215866040</date>
      <body>  Girly man? Get that shit out of here, nobody cares how tough you can be over the internet.</body>
    </post> 
 <post id="MS_11467_46145018">
      <user id="MS_3784914">
        <username>Luke (NLD-MN)</username>
        <sex>M</sex>
        <age>19</age>
        <city>Genocide is our Business</city>
        <province>Minnesota</province>
        <country>US</country>
      </user>
      <date>1215874800</date>
      <body>  Hey, unless you have ever been waterboarded...</body>
    </post> 
 <post id="MS_11467_46145327">
      <user id="MS_1850005">
        <username>nologo</username>
        <sex>M</sex>
        <age>32</age>
        <city>Toronto</city>
        <province>Ont</province>
        <country>CA</country>
      </user>
      <date>1215875280</date>
      <body>once again cons are showing the hypocrites that they are.  waterboarding is torture, you have hung people for committing this crime.  you can't even live up to the justice you espouse others to follow...  any of you in this thread excusing the "type" of method, if you believe in a higher power, he certainly is looking down on you today. but then, your only true god has been money anyways...  shameless hypocrites  its indefensible. its torture. and you no longer should ever be given the keys to any power what-so-ever. you have lost every inch of credibility to govern. you have turned your back on the constitution, morality, the american people, the soldiers and humanity.   you have completely lost your shit</body>
    </post> 
 <post id="MS_11467_46145578">
      <user id="MS_137166938">
        <username>Jusrhymzslams</username>
        <sex>F</sex>
        <age>104</age>
        <city>CHICAGO</city>
        <province>Illinois</province>
        <country>US</country>
      </user>
      <date>1215875760</date>
      <body>I respect christopher hitchens for subjecting himself to this to learn more and be more credible when writing about it. This is great journalism. I wish whoever becomes presidnt would have the balls to do this before deciding on it. Even in war it used to be leaders would lead on the field in battle. george washington lead in the field. Today presidents lead wars from air conditioned offices.  Also black journalist need to step up, we should of volunteered for this first and make news on the subject. As a spoken Word artist who wants to write a poem on the subject I am willing to volunteer for it but dont know how to make it happen.  I wonder could I bet hitchens. I think all I would have to do is just hold my breath for 1 minute. How hard could that be? You go under water you can hold your breathe for one minute. Why did it look painless? he said the CIA says about 30 seconds is average for the arabs being subjected to it. We need to see a waterboarding video of the real thing. And how in the hell is playing pop music gonna terrify hitchens? that music is only annoying to muslim extremist. They should of found out the worse music hitchens likes and used that.</body>
    </post> 
 <post id="MS_11467_46149820">
      <user id="MS_6629984">
        <username>Phil Colons</username>
        <sex>M</sex>
        <age>98</age>
        <city>California</city>
        <province/>
        <country>US</country>
      </user>
      <date>1215882480</date>
      <body>  Why don't you tell that to the idiot who says Hitchens was "acting like he couldn't get up" after actually being waterboarded. Get your shit out of here Luke, fucking loser.</body>
    </post> 
 <post id="MS_11467_46149951">
      <user id="MS_6629984">
        <username>Phil Colons</username>
        <sex>M</sex>
        <age>98</age>
        <city>California</city>
        <province/>
        <country>US</country>
      </user>
      <date>1215882720</date>
      <body>Note: I'm calling you (Luke) a loser for singling me out when CLEARLY I was not the one pretending to be tough on the internet. Hell, I would never volunteer to be waterboarded so you can hardly call me the type to act tough on the internet. Get your facts straight before playing internet forum regulator, why don't you?</body>
    </post> 
 <post id="MS_11467_46149959">
      <user id="MS_34025493">
        <username>Je m'appelle Evette, j' apprendre FranÃ&#131;Â§ais</username>
        <sex>F</sex>
        <age>34</age>
        <city>Somewhere in between heaven and hell</city>
        <province>Hawaii</province>
        <country>US</country>
      </user>
      <date>1215882780</date>
      <body>good they should have drowned his ass!!!</body>
    </post> 
 <post id="MS_11467_46152746">
      <user id="MS_3784914">
        <username>Luke (NLD-MN)</username>
        <sex>M</sex>
        <age>19</age>
        <city>Genocide is our Business</city>
        <province>Minnesota</province>
        <country>US</country>
      </user>
      <date>1215886740</date>
      <body>  Fine, but nobody is a pussy because they "only" last 15 seconds being waterboarded.</body>
    </post>
</posts> 
