<?xml version="1.0" encoding="UTF-8"?> 
 <posts> 
 <post id="MS_11467_45962396">
      <user id="MS_386589257">
        <username>Big Dumb Jerk</username>
        <sex>M</sex>
        <age>48</age>
        <city>TACOMA</city>
        <province>Washington</province>
        <country>US</country>
      </user>
      <date>1215572760</date>
      <body>If that had been beer we wouldn't have ever seen this video.</body>
    </post> 
 <post id="MS_11467_45962522">
      <user id="MS_347006598">
        <username>Cold Steal II</username>
        <sex>F</sex>
        <age>104</age>
        <city>CHICO</city>
        <province>California</province>
        <country>US</country>
      </user>
      <date>1215573120</date>
      <body>It made my day watching him get it   By the way, all US Military that go through flight training and S.E.R.E. Training go through the same thing. Anyone that swims or surfs alot can easily beat this</body>
    </post> 
 <post id="MS_11467_45962572">
      <user id="MS_347006598">
        <username>Cold Steal II</username>
        <sex>F</sex>
        <age>104</age>
        <city>CHICO</city>
        <province>California</province>
        <country>US</country>
      </user>
      <date>1215573240</date>
      <body>PS they are doing it wrong, must be amatures you are suposed to raise the feet up at a 30% angle so there is no possiblity of getting water in your lungs the way these guys are doing it isnt the way our military does it</body>
    </post> 
 <post id="MS_11467_45963006">
      <user id="MS_4138075">
        <username>Charlie</username>
        <sex>M</sex>
        <age>31</age>
        <city>LOS ANGELES</city>
        <province>California</province>
        <country>US</country>
      </user>
      <date>1215574440</date>
      <body>Let's briefly recap waterboarding in the US for some of the more senile, shellshocked, and/or generally stupid Americans who support this torture:  -As far back as the Spanish-American War, American servicemen were court-martialed for waterboarding suspected insurgents in the Philippines.  -Japanese troops and the Nazi Gestapo used this torture. Japanese were later convicted of war crimes due to their use of the practice on American POWs.  -During the Vietnam war, US Generals declared the practice illegal and several court martials occurred due to the revelation that the practice was being carried out by US and South Vietnamese troops.   The Imperial Japanese, the Fascist Nazis, the Pinochet regime, the Khmer Rouge, etc have all used waterboarding. And now the US does. Nice company we keep, don't you think?</body>
    </post> 
 <post id="MS_11467_45969932">
      <user id="MS_3783684">
        <username>Ascension Tattoo _( ANT )_</username>
        <sex>M</sex>
        <age>33</age>
        <city>Winter Park...ORLANDO</city>
        <province>Florida</province>
        <country>US</country>
      </user>
      <date>1215586920</date>
      <body> they go through it to be able to withstand it and recognize it so that if they are captured they won't succumb to the TORTURE that it IS.</body>
    </post> 
 <post id="MS_11467_46020621">
      <user id="MS_45588774">
        <username>suga dawg</username>
        <sex>M</sex>
        <age>36</age>
        <city>COLORADO</city>
        <province/>
        <country>US</country>
      </user>
      <date>1215663300</date>
      <body> Another reason they go through it is to weed out weaklings. Steal-your assertion that "anyone who swims or surfs alot can easily beat this" is completely ridiculous. Do you really think this is where the interrogation stops if no information is obtained? They go straight from waterboarding to beatings and electric shocks. The difference with this video, and the training of our military personnel, is that the training eventually stops. The torture to extract information does not.  I'd really like to see any of the dumbasses in here who support this go through it just once. They'd admit to having sex with their own mother or father to make it stop. ESPECIALLY if they didn't know what was coming next. Could be freedom, could be jumper cables attached to their testicles. They'd say anything to get the first, and they'd say anything to prevent the second. That's why torture has been proven time and time again to not get the real information you need. Gaining a prisoner's trust and extracting information through more subversive measures is far more likely to get the desired results.</body>
    </post> 
 <post id="MS_11467_46023858">
      <user id="MS_172937364">
        <username>Cthulu</username>
        <sex>M</sex>
        <age>33</age>
        <city>DANVILLE</city>
        <province>Ohio</province>
        <country>US</country>
      </user>
      <date>1215669660</date>
      <body>What a pussy... you want torture... live with my wife for a week... You'd confess to anything.</body>
    </post> 
 <post id="MS_11467_46032008">
      <user id="MS_134764324">
        <username>Cheops</username>
        <sex>M</sex>
        <age>41</age>
        <city>Iowa</city>
        <province/>
        <country>US</country>
      </user>
      <date>1215680040</date>
      <body>  They are doing it wrong. It is clear he gets water in his lungs in this demonstration.</body>
    </post> 
 <post id="MS_11467_46032094">
      <user id="MS_108081378">
        <username>El Diablo</username>
        <sex>M</sex>
        <age>37</age>
        <city>Talladega</city>
        <province>Alabama</province>
        <country>US</country>
      </user>
      <date>1215680160</date>
      <body>It was such horrible torture that he went back for more.</body>
    </post> 
 <post id="MS_11467_46032261">
      <user id="MS_134764324">
        <username>Cheops</username>
        <sex>M</sex>
        <age>41</age>
        <city>Iowa</city>
        <province/>
        <country>US</country>
      </user>
      <date>1215680340</date>
      <body>This how it is done.  http://www.foxnews.com/video2/player.html?110606/110606_greta_ha rrigan&amp;On_the_Record&amp;Harrigan%20Reporting&amp;acc&amp;On%20the%20Record&amp;-1&amp;Sho ws&amp;219&amp;&amp;&amp;new</body>
    </post>
</posts> 
