<?xml version="1.0" encoding="UTF-8"?> 
 <posts> 
 <post id="MS_11856_47516365">
      <user id="MS_374197036">
        <username>Mara Jade</username>
        <sex>F</sex>
        <age>28</age>
        <city>Coruscant</city>
        <province>California</province>
        <country>US</country>
      </user>
      <date>1218041100</date>
      <body> Quite frankly, I don't give a damn about the world court. They can kiss my yankee ass.  Given how tilted our justice system is toward defendants, I'm sure this guy got his fair trial. Bottom line, don't come over and think you're going to get away with murder. Especially in Texas.</body>
    </post> 
 <post id="MS_11856_47565150">
      <user id="MS_45802174">
        <username>Travis</username>
        <sex>M</sex>
        <age>33</age>
        <city>ARLINGTON</city>
        <province>TEXAS</province>
        <country>US</country>
      </user>
      <date>1218113520</date>
      <body>  Again, you've missed the point.Ã&#130;Â  The dirtbag was not denied any rights all the way through his original trial &amp; all of his appeals.Ã&#130;Â  The courts gave him every right he asked for, and he was convicted.Ã&#130;Â  It wasn't until AFTER it was too late that he brought up his citizenship.Ã&#130;Â  No treaty was violated.Ã&#130;Â  He and his legal council allowed him to be convicted without contact with the Mexican government.Ã&#130;Â  It's not the fault of the Texas court system that his legal council was incompetant.Ã&#130;Â  It's not the fault of Texas that he chose to rape and murder in a state that EXECUTES murderers.Ã&#130;Â  He was a fool &amp; a murderer &amp; he got what he deserved.</body>
    </post> 
 <post id="MS_11856_47573155">
      <user id="MS_374197036">
        <username>Mara Jade</username>
        <sex>F</sex>
        <age>28</age>
        <city>Coruscant</city>
        <province>California</province>
        <country>US</country>
      </user>
      <date>1218123480</date>
      <body> Haha, that made me laugh. I never thought of it, but you're right . . . GOOD!!</body>
    </post> 
 <post id="MS_11856_47576802">
      <user id="MS_20526400">
        <username>Alfred B...With no regard for human life!</username>
        <sex>M</sex>
        <age>29</age>
        <city>SJC-Central Ghetto/La Porte</city>
        <province>Texas</province>
        <country>US</country>
      </user>
      <date>1218127860</date>
      <body>   This piece of crap lived longer than one of his victims.  I find it funny (okay, not really) how these humanists who are all for protecting lives (allegedly) find themselves backing someone who took away two lives.  If that does not call for an execution, well, too bad.</body>
    </post> 
 <post id="MS_11856_47580548">
      <user id="MS_161586832">
        <username>Fred</username>
        <sex>M</sex>
        <age>48</age>
        <city>NOLANVILLE</city>
        <province>Texas</province>
        <country>US</country>
      </user>
      <date>1218132420</date>
      <body>Mexico can suck eggs.  The scum needed killin.</body>
    </post> 
 <post id="MS_11856_47583293">
      <user id="MS_25061563">
        <username>Kenny</username>
        <sex>M</sex>
        <age>19</age>
        <city>Canyon Country</city>
        <province>California</province>
        <country>US</country>
      </user>
      <date>1218135900</date>
      <body>Thats ridiculous. All I can say is Good Riddens to Jose, I hope Satan treats him real nicely.</body>
    </post> 
 <post id="MS_11856_47583392">
      <user id="MS_390702700">
        <username>Jeff Chandler</username>
        <sex>M</sex>
        <age>38</age>
        <city>Murrieta</city>
        <province>California</province>
        <country>US</country>
      </user>
      <date>1218136020</date>
      <body>Do you think Medellin will have any luck trying to jump the border of Hell trying to cross into Heaven?</body>
    </post> 
 <post id="MS_11856_47594293">
      <user id="MS_374197036">
        <username>Mara Jade</username>
        <sex>F</sex>
        <age>28</age>
        <city>Coruscant</city>
        <province>California</province>
        <country>US</country>
      </user>
      <date>1218154560</date>
      <body> Hahaha, nah, I'm sure that's one border he can't do jack shit about now.</body>
    </post> 
 <post id="MS_11856_47609939">
      <user id="MS_401344568">
        <username>gene</username>
        <sex>M</sex>
        <age>38</age>
        <city>CHAUNCEY</city>
        <province>Ohio</province>
        <country>US</country>
      </user>
      <date>1218184200</date>
      <body>they wasted all that money on a trail and appeals. he was here as an invader therefore we should of shot him as one as soon as we caught him.</body>
    </post> 
 <post id="MS_11856_47610022">
      <user id="MS_388941166">
        <username>jerk</username>
        <sex>M</sex>
        <age>31</age>
        <city>Georgia</city>
        <province/>
        <country>US</country>
      </user>
      <date>1218184320</date>
      <body>  I love this part: "This is another murder because no one has the right to take someone else's life, only God," said Medellin's cousin Reyna Armendariz.  Well Reyna, how about the 16 year old and the 14 year old girls that were brutally raped and murdered? Why didn't your DEAD cousin live by this same philosophy? Thank God the great state of Texas still upholds the law and protects its citizens. If more states would wake the fuck up and put more of these assholes to sleep this kind of shit would slow down to a near halt. Too bad they won't air these executions on pay per view. Then we could give the proceeds to the victims families and some of these fucking animals would see for themselves what rape and murder will get you. DEAD!  My sympathy goes out to the families of these girls. I can't imagine what this did to them.</body>
    </post>
</posts> 
