<?xml version="1.0" encoding="UTF-8"?> 
 <posts> 
 <post id="MS_11856_47494319">
      <user id="MS_87131833">
        <username>Steven R.</username>
        <sex>M</sex>
        <age>94</age>
        <city>ELIZABETH</city>
        <province>Colorado</province>
        <country>US</country>
      </user>
      <date>1218016200</date>
      <body>"Texas executed Medellin, 33, late Tuesday for the 1993 rape and killing of two teenage girls in Houston."  "The Mexican government statement said officials 'were concerned for the precedent that (the execution) may create for the rights of Mexican nationals who may be detained in that country.' "  A couple of points: 1) why did it take 15 years to off this pond scum?Â  2) If Mexico is soooooooooooooo concerned about the treatment of their citizens in the USA, why don't they stop encouraging them to come here?</body>
    </post> 
 <post id="MS_11856_47496152">
      <user id="MS_45802174">
        <username>Travis</username>
        <sex>M</sex>
        <age>33</age>
        <city>ARLINGTON</city>
        <province>TEXAS</province>
        <country>US</country>
      </user>
      <date>1218018120</date>
      <body>  I'd also like to point out that government execution is not a matter of one man deciding to take the life of another man. It is by the LAW that this waste of space was executed.Â  The LAW DOES have the right.</body>
    </post> 
 <post id="MS_11856_47500742">
      <user id="MS_137561496">
        <username>Robert</username>
        <sex>M</sex>
        <age>62</age>
        <city>Stirling</city>
        <province>Ontario</province>
        <country>CA</country>
      </user>
      <date>1218023220</date>
      <body>Everyone seems to be missing the point here. By deliberately renouncing the Vienna Convention, U.S. citizens abroad no longer have a right to request consular assistance. The world is fully cognoscente that the word of the United States on an international treaty is now worthless.</body>
    </post> 
 <post id="MS_11856_47501777">
      <user id="MS_87131833">
        <username>Steven R.</username>
        <sex>M</sex>
        <age>94</age>
        <city>ELIZABETH</city>
        <province>Colorado</province>
        <country>US</country>
      </user>
      <date>1218024420</date>
      <body>  I call Bullshit. Americans are held responsible to the laws of other countries, always have been, always will be. Don't think so? Go spit on the sidewalk in Singapore, see what happens.</body>
    </post> 
 <post id="MS_11856_47502312">
      <user id="MS_137561496">
        <username>Robert</username>
        <sex>M</sex>
        <age>62</age>
        <city>Stirling</city>
        <province>Ontario</province>
        <country>CA</country>
      </user>
      <date>1218024960</date>
      <body>Call it bullshit if you want. If said American citizen was arrested for spitting on a Singapore sidewalk before today, the government of Singapore would be required to advise the American consulate in Singapore of the arrest and grant consular access to the arrested party. Yes, the poor slob would probably not avoid a fine and/or jail time but the consulate would be able to ensure that his rights were honoured under Singapore law and assist him in retaining local counsel. As of today, Singapore no longer has to advise the consulate nor permit consular access.</body>
    </post> 
 <post id="MS_11856_47505260">
      <user id="MS_45802174">
        <username>Travis</username>
        <sex>M</sex>
        <age>33</age>
        <city>ARLINGTON</city>
        <province>TEXAS</province>
        <country>US</country>
      </user>
      <date>1218028020</date>
      <body>  I belive your statement is based on the FALSE assertion that this scum bag was denied the right to speak to a Mexican Consular. He was in fact NOT denied that right.Â  He and his legal council both neglected to request to speak to the Mexican Consular.Â  If they had requested, they would have been granted their request.Â  It wasn't until AFTER his conviction and AFTER his appeals that they finally decided to mention that he wasn't a US citizen, which is what everyone was previously lead to believe.Â   Neither theÂ prosecution, nor the court had any knowledge of the nation of origin of this douche.Â  Due to the circumstances of his conviction, the world court has NO JURISDICTION over this case.Â  They would like to have, and they might try to say that they have it ... but they don't.Â  Even the US Supreme court reviewed it &amp; agreed that the world court has no jurisdiction.</body>
    </post> 
 <post id="MS_11856_47509917">
      <user id="MS_374197036">
        <username>Mara Jade</username>
        <sex>F</sex>
        <age>28</age>
        <city>Coruscant</city>
        <province>California</province>
        <country>US</country>
      </user>
      <date>1218033060</date>
      <body>  I absolutely agree with this.</body>
    </post> 
 <post id="MS_11856_47515329">
      <user id="MS_137561496">
        <username>Robert</username>
        <sex>M</sex>
        <age>62</age>
        <city>Stirling</city>
        <province>Ontario</province>
        <country>CA</country>
      </user>
      <date>1218039540</date>
      <body/>
    </post> 
 <post id="MS_11856_47516365">
      <user id="MS_374197036">
        <username>Mara Jade</username>
        <sex>F</sex>
        <age>28</age>
        <city>Coruscant</city>
        <province>California</province>
        <country>US</country>
      </user>
      <date>1218041100</date>
      <body> Quite frankly, I don't give a damn about the world court. They can kiss my yankee ass.  Given how tilted our justice system is toward defendants, I'm sure this guy got his fair trial. Bottom line, don't come over and think you're going to get away with murder. Especially in Texas.</body>
    </post> 
 <post id="MS_11856_47565150">
      <user id="MS_45802174">
        <username>Travis</username>
        <sex>M</sex>
        <age>33</age>
        <city>ARLINGTON</city>
        <province>TEXAS</province>
        <country>US</country>
      </user>
      <date>1218113520</date>
      <body>  Again, you've missed the point.Ã&#130;Â  The dirtbag was not denied any rights all the way through his original trial &amp; all of his appeals.Ã&#130;Â  The courts gave him every right he asked for, and he was convicted.Ã&#130;Â  It wasn't until AFTER it was too late that he brought up his citizenship.Ã&#130;Â  No treaty was violated.Ã&#130;Â  He and his legal council allowed him to be convicted without contact with the Mexican government.Ã&#130;Â  It's not the fault of the Texas court system that his legal council was incompetant.Ã&#130;Â  It's not the fault of Texas that he chose to rape and murder in a state that EXECUTES murderers.Ã&#130;Â  He was a fool &amp; a murderer &amp; he got what he deserved.</body>
    </post>
</posts> 
