<?xml version="1.0" encoding="UTF-8"?> 
 <posts> 
 <post id="MS_8045_51491970">
      <user id="MS_218645236">
        <username>karley</username>
        <sex>F</sex>
        <age>18</age>
        <city>California</city>
        <province/>
        <country>US</country>
      </user>
      <date>1224623040</date>
      <body>VIVA la RESISISTANCE(but4real this time dude) Body: Is It Time for a Rebellion? October 20, 2008 "50 percent NO and 50 percent HELL NO!"--Rep. Jim Moran (D-Va. ) on feedback received from his constituents regarding Congress' bailout package Mere days after President Bush signed into law an $810 billion bailout bill aimed at rescuing the Wall Street financiers, one of the recipients, American International Group Inc., threw a $440,000 bash for its executives at a swanky resort, complete with spa treatments, banquets and golf outings. At the same time that AIG execs were celebrating lavishly, indirectly at taxpayer expense, nearly 12 million American taxpayers, who owed more on their mortgages than their homes are worth, were in danger of foreclosure. As if it weren't bad enough that a fiscally irresponsible corporate America is going to be bailed out at taxpayer expense, Congress included more than $100 billion in pork barrel projects in the bill. Nothing short of congressional bribes, these so-called inducements range from an exemption from excise tax for wooden arrows designed for use by children and tax write-offs for motorsports racing track facility owners to tax rebates on rum imported from Puerto Rico and the Virgin Islands, as well as imported wool. This is not relief, it is economic slavery. It has become increasingly clear that the greatest threat to our freedoms--and our bank accounts--does not lurk outside our borders. Rather, it prowls among us, in the form of a government of wolves that is running wild and riding roughshod over our freedoms. There was a time when such a blatant disregard for the burden being laid upon the American taxpayer would have elicited howls of outrage, protest marches and perhaps even outright rebellion. Today, however, many Americans understandably feel helpless to do anything about their plight. After all, despite the fact that calls and emails to congressional offices were overwhelmingly against the $810 billion pork-laden bailout, the legislation passed anyway. Yet consider this: at its core, the quest for the American dream is about gaining sovereignty over one's life and property. Without it, there can be no freedom. While we have become accustomed to equating property with land ownership, the term is much more fundamental and personal. It refers to a kind of sovereignty over one's life and possessions--especially one's money. Questions about who has ultimate control over our money, how much of it can be claimed by government and how it gets spent go to the heart of the battle over property rights. Governments generate no wealth on their own. Any resources that they have at their disposal have been appropriated from the original producers of that wealth, the citizens. This fundamental truth has largely been forgotten over the years. Yet the government's respect for and treatment of the property of its citizens often reflects its attitude regarding its citizens' rights as a whole. Conversely, a government that doesn't respect the rights of its citizens will have even less regard for their property--be it land, money or personhood. With the Wall Street bailout, the President and Congress simply disregarded the clear will of the people. And while secret agreements were obviously made and backroom bargains struck, the Constitution and our rights were not even given a second thought. However, those who wrote the Constitution drafted our founding document with the intention of ensuring that the power of government remained with the people. The Framers wanted citizens to know what the government is doing and how it spends taxpayer funds. And if the elected officials aren't doing their jobs or the people disagreed with their performance, the Framers empowered the people to unseat their representatives. Without these safeguards, there is no representative government. Since the country's inception, America has been synonymous with the concept that there are certain individual rights and freedoms that no one, not even government agents, can violate. As the Declaration of Independence boldly proclaims: "We hold these truths to be self-evident: that all men are created equal, that they are endowed by their Creator with certain unalienable Rights, that among these are Life, Liberty, and the pursuit of Happiness. " These were revolutionary ideas in an age of kings and serfdoms, and they served as a springboard for the Constitution and the Bill of Rights. These rights were considered absolute and so precious that no government can violate them. And the early American colonists believed these principles were not only worth fighting for, they were worth dying for. One of these was the right of the people to change or do away with a government that attempts to undermine their rights. As the Declaration concludes, "whenever any form of Government becomes destructive of these ends, it is the Right of the People to alter or abolish it, and to institute new Government, laying its foundation on such principles and organizing its powers in such form, as to them shall seem most likely to effect their Safety and Happiness. " Governments are brought into being to protect our rights. When they systematically violate them, the people have a right--nay, a duty--to resist. This was the true spirit of 1776 that moved the American colonists to start a revolution against a government that was violating their rights. This willingness to stand and fight against corrupt government was what it meant to be an American in our nation's early years. And if we truly want to be Americans today, it will mean practicing every form of nonviolent resistance available to us as citizens--including picketing, mass protests, sit-ins, boycotts and so on. It will certainly take more than voting for or against a particular politician. Thomas Jefferson was right: "What country can preserve its liberties, if its rulers are not warned from time to time, that this people preserve the spirit of resistance?" Available online at: http://www. rutherford. org/articles_db/commentary. asp?record_id=559 Exactly dude thats what i been tripping on for to long!! we have to take action its getting worse all the time!!! any ideas for putting together a meeting of some sort? maybe finding hella people who see it like that too so we can all change this country back to what we were supposed to stand up for, so we represent and stand for what we were meant to stand up for. how often are elections started with an idea that we, the actual people, has decided? we are brain washed into believing we are making the important decisions when in all actualites THEY,[the "president"(our king) and his noble mary men(the government end elected political officials] give US preselected canidates to vote on so "we" choose witch of the presented options THEY give US. So they this play mind-fuck game where people truely do believe we as the worlds free people are together deciding through this little"what do u wanna do huny? u decide"ol' trick: much like a parent gives a child, you can pick!! a., b., c., or d. its YOUR decision you pick... WITHOUT TELLING ANYONE: not even in fine print, BUT if u read BETWEEN the LINES it clearly is almost like saying ya go ahead and vote for WHOMEVER YOU WANT but they just cant say that or the mindpower/control will be lost. they have SOOO MANY DISTRACTIONs to keep us all happy and busy and do just what they want. they very treat us like we are all individual crazy/guilty persons while the finger remains pointed at us for fear we may turn it around they create laws to keep the majority of us behind bars or hiding indoors for fear of police whom intarigate, harrass and search with no warning at any time for whatever reasons they make up. the country we live in today is not close to what it was created for nor anywhere near compariable to what our founding fathers intended this place to be like. it is almost as if we are commited to kings and its 16th century london but only with technology, womens rights and a grip more rules to follow. emily: It seems like people r 2 rapped up n their own lives to pay attention or even fight whats going on. People r scared to lose their jobs. So many people, r concerned about irrelevant things. So, when u think u found others whom u could join and get some type of march going, they throw in unrelated issues like abortion or whose gonna win the election. We needed to stop this before the election, by the time the election come whats done is done That is true but we as the people need to put a stop to the madness we need to stand together they need us like we need them.</body>
    </post> 
 <post id="MS_8045_51492219">
      <user id="MS_2458617">
        <username>Joshua® [ Go Getta ]</username>
        <sex>M</sex>
        <age>23</age>
        <city>eightonethree</city>
        <province>Florida</province>
        <country>US</country>
      </user>
      <date>1224623460</date>
      <body>damn girl you just killed my eyes</body>
    </post> 
 <post id="MS_8045_51497286">
      <user id="MS_180078677">
        <username>Daniel</username>
        <sex>M</sex>
        <age>18</age>
        <city>Wagga Wagga</city>
        <province>New South Wales</province>
        <country>AU</country>
      </user>
      <date>1224637320</date>
      <body>wsdfjneurovbnerpivijervnerovohjewrvnrnrvrejfirjverpipverk;gjsrs; fjsrsfjwrpifjwrvnrevuhervulvdvknebvvuerveulevbevhbevnerljjvnerlc vvcnnerlvnerullvhvhnrjlvnreljrljvnnerlrvneljjnvejlvnnfjvndjljlgn hrerelvfhjrsiprivjhreiugherulrvnerlughrelulvfjnrelfnhelejnerevhj flvnewopcnrepvnrewouvnfupvnuvneruruvnevnerrevnrinbewrivbnwrivnre weiivnreinbrsi;nvw;rj  nvwnvouwrvnrwouvnwruvnrwouvhnrluulvnrrvgfhsr.fijwerliffhweocvnsr lrghslvnbserljfbsljvnsljgwldfjwipijfweouufnhweufhnwrulfvnbwsljfb nwrjlfbnwlfweeljfbewjlfbewjfvbweljvbwejlrevbjlwerlvfbjwfnjlsvnwr jjvnsovbswlovnbwrouuvwruofvnrwuovnbejlvbweouvbdsljvcaeldfjweifjs daiulvcjsdvgdscdsdgesafsgsreefcsfgseaduscvnhweuohdosvf3qucesaekf ecn eucfnweuoeweofneoncfeoufvnseuefnvewuofusnvclalfiahcjalfhfaueluca ulucnelevnqhdnqewulhficasndelcvncalcnelvfai;edhjailljfeaieufoseomf stcwrutcirtjiockitvolsreiltcuiwrsluituitiuwetiumkrtuckwiertxkuwr tucxwuotiuwriutkwtiowrcmtui rcw4iurtvkwtiouekvciwerktcuwketuckwreultirwetciewtimatcrkwemetim ertvjefjfvwivjwvijwieiprgvjewripjjjjjjjjjjjjjjsadfjqeifijvijewif jdceipfjweip  wsdfjneurovbnerpivijervnerovohjewrvnrnrvrejfirjverpipverk;gjsrs; fjsrsfjwrpifjwrvnrevuhervulvdvknebvvuerveulevbevhbevnerljjvnerlc vvcnnerlvnerullvhvhnrjlvnreljrljvnnerlrvneljjnvejlvnnfjvndjljlgn hrerelvfhjrsiprivjhreiugherulrvnerlughrelulvfjnrelfnhelejnerevhj flvnewopcnrepvnrewouvnfupvnuvneruruvnevnerrevnrinbewrivbnwrivnre weiivnreinbrsi;nvw;rj  nvwnvouwrvnrwouvnwruvnrwouvhnrluulvnrrvgfhsr.fijwerliffhweocvnsr lrghslvnbserljfbsljvnsljgwldfjwipijfweouufnhweufhnwrulfvnbwsljfb nwrjlfbnwlfweeljfbewjlfbewjfvbweljvbwejlrevbjlwerlvfbjwfnjlsvnwr jjvnsovbswlovnbwrouuvwruofvnrwuovnbejlvbweouvbdsljvcaeldfjweifjs daiulvcjsdvgdscdsdgesafsgsreefcsfgseaduscvnhweuohdosvf3qucesaekf ecn eucfnweuoeweofneoncfeoufvnseuefnvewuofusnvclalfiahcjalfhfaueluca ulucnelevnqhdnqewulhficasndelcvncalcnelvfai;edhjailljfeaieufoseomf stcwrutcirtjiockitvolsreiltcuiwrsluituitiuwetiumkrtuckwiertxkuwr tucxwuotiuwriutkwtiowrcmtui rcw4iurtvkwtiouekvciwerktcuwketuckwreultirwetciewtimatcrkwemetim ertvjefjfvwivjwvijwieiprgvjewripjjjjjjjjjjjjjjsadfjqeifijvijewif jdceipfjweip  wsdfjneurovbnerpivijervnerovohjewrvnrnrvrejfirjverpipverk;gjsrs; fjsrsfjwrpifjwrvnrevuhervulvdvknebvvuerveulevbevhbevnerljjvnerlc vvcnnerlvnerullvhvhnrjlvnreljrljvnnerlrvneljjnvejlvnnfjvndjljlgn hrerelvfhjrsiprivjhreiugherulrvnerlughrelulvfjnrelfnhelejnerevhj flvnewopcnrepvnrewouvnfupvnuvneruruvnevnerrevnrinbewrivbnwrivnre weiivnreinbrsi;nvw;rj  nvwnvouwrvnrwouvnwruvnrwouvhnrluulvnrrvgfhsr.fijwerliffhweocvnsr lrghslvnbserljfbsljvnsljgwldfjwipijfweouufnhweufhnwrulfvnbwsljfb nwrjlfbnwlfweeljfbewjlfbewjfvbweljvbwejlrevbjlwerlvfbjwfnjlsvnwr jjvnsovbswlovnbwrouuvwruofvnrwuovnbejlvbweouvbdsljvcaeldfjweifjs daiulvcjsdvgdscdsdgesafsgsreefcsfgseaduscvnhweuohdosvf3qucesaekf ecn eucfnweuoeweofneoncfeoufvnseuefnvewuofusnvclalfiahcjalfhfaueluca ulucnelevnqhdnqewulhficasndelcvncalcnelvfai;edhjailljfeaieufoseomf stcwrutcirtjiockitvolsreiltcuiwrsluituitiuwetiumkrtuckwiertxkuwr tucxwuotiuwriutkwtiowrcmtui rcw4iurtvkwtiouekvciwerktcuwketuckwreultir  wsdfjneurovbnerpivijervnerovohjewrvnrnrvrejfirjverpipverk;gjsrs; fjsrsfjwrpifjwrvnrevuhervulvdvknebvvuerveulevbevhbevnerljjvnerlc vvcnnerlvnerullvhvhnrjlvnreljrljvnnerlrvneljjnvejlvnnfjvndjljlgn hrerelvfhjrsiprivjhreiugherulrvnerlughrelulvfjnrelfnhelejnerevhj flvnewopcnrepvnrewouvnfupvnuvneruruvnevnerrevnrinbewrivbnwrivnre weiivnreinbrsi;nvw;rj  nvwnvouwrvnrwouvnwruvnrwouvhnrluulvnrrvgfhsr.fijwerliffhweocvnsr lrghslvnbserljfbsljvnsljgwldfjwipijfweouufnhweufhnwrulfvnbwsljfb nwrjlfbnwlfweeljfbewjlfbewjfvbweljvbwejlrevbjlwerl  wsdfjneurovbnerpivijervnerovohjewrvnrnrvrejfirjverpipverk;gjsrs; fjsrsfjwrpifjwrvnrevuhervulvdvknebvvuerveulevbevhbevnerljjvnerlc vvcnnerlvnerullvhvhnrjlvnreljrljvnnerlrvneljjnvejlvnnfjvndjljlgn hrerelvfhjrsiprivjhreiugherulrvnerlughrelulvfjnrelfnhelejnerevhj flvnewopcnrepvnrewouvnfupvnuvneruruvnevnerrevnrinbewrivbnwrivnre weiivnreinbrsi;nvw;rj  nvwnvouwrvnrwouvnwruvnrwouvhnrluulvnrrvgfhsr.fijwerliffhweocvnsr lrghslvnbserljfbsljvnsljgwldfjwipijfweouufnhweufhnwrulfvnbwsljfb nwrjlfbnwlfweeljfbewjlfbewjfvbweljvbwejlrevbjlwerlvfbjwfnjlsvnwr jjvnsovbswlovnbwrouuvwruofvnrwuovnbejlvbweouvbdsljvcaeldfjweifjs daiulvcjsdvgdscdsdgesafsgsreefcsfgseaduscvnhweuohdosvf3qucesaekf ecn eucfnweuoeweofneoncfeoufvnseuefnvewuofusnvclalfiahcjalfhfaueluca ulucnelevnqhdnqewulhficasndelcvncalcnelvfai;edhjailljfeaieufoseomf stcwrutcirtjiockitvolsreiltcuiwrsluituitiuwetiumkrtuckwiertxkuwr tucxwuotiuwriutkwtiowrcmtui rcw4iurtvkwtiouekvciwerktcuwketuckwreultirwetciewti  wsdfjneurovbnerpivijervnerovohjewrvnrnrvrejfirjverpipverk;gjsrs; fjsrsfjwrpifjwrvnrevuhervulvdvknebvvuerveulevbevhbevnerljjvnerlc vvcnnerlvnerullvhvhnrjlvnreljrljvnnerlrvneljjnvejlvnnfjvndjljlgn hrerelvfhjrsiprivjhreiugherulrvnerlughrelulvfjnrelfnhelejnerevhj flvnewopcnrepvnrewouvnfupvnuvneruruvnevnerrevnrinbewrivbnwrivnre weiivnreinbrsi;nvw;rj  nvwnvouwrvnrwouvnwruvnrwouvhnrluulvnrrvgfhsr.fijwerliffhweocvnsr lrghslvnbserljfbsljvnsljgwldfjwipijfweouufnhweufhnwrulfvnbwsljfb nwrjlfbnwlfweeljfbewjlfbewjfvbweljvbwejlrevbjlwerlvfbjwfnjlsvnwr jjvnsovbswlovnbwrouuvwruofvnrwuovnbejlvbweouvbdsljvcaeldfjweifjs daiulvcjsdvgdscdsdgesafsgsreefcsfgseaduscvnhweuohdosvf3qucesaekf ecn eucfnweuoeweofneoncfeoufvnseuefnvewuofusnvclalfiahcjalfhfaueluca ulucnelevnqhdnqewulhficasndelcvncalcnelvfai;edhjailljfeaieufoseomf stcwrutcirtjiockitvolsreiltcuiwrsluituitiuwetiumkrtuckwiertxkuwr tucxwuotiuwriutkwtiowrcmtui rcw4iurtvkwtiouekvciwerktcuwketuckwreultirwetciewtimatcrkwemetim ertvjefjfvwivjwvijwieiprgvjewripjjjjjjjjjjjjjjsadfjqeifijvijewif jdceipfjweip  wsdfjneurovbnerpivijervnerovohjewrvnrnrvrejfirjverpipverk;gjsrs; fjsrsfjwrpifjwrvnrevuhervulvdvknebvvuerveulevbevhbevnerljjvnerlc vvcnnerlvnerullvhvhnrjlvnreljrljvnnerlrvneljjnvejlvnnfjvndjljlgn hrerelvfhjrsiprivjhreiugherulrvnerlughrelulvfjnrelfnhelejnerevhj flvnewopcnrepvnrewouvnfupvnuvneruruvnevnerrevnrinbewrivbnwrivnre weiivnreinbrsi;nvw;rj  nvwnvouwrvnrwouvnwruvnrwouvhnrluulvnrrvgfhsr.fijwerliffhweocvnsr lrghslvnbserljfbsljvnsljgwldfjwipijfweouufnhweufhnwrulfvnbwsljfb nwrjlfbnwlfweeljfbewjlfbewjfvbweljvbwejlrevbjlwerlvfbjwfnjlsvnwr jjvnsovbswlovnbwrouuvwruofvnrwuovnbejlvbweouvbdsljvcaeldfjweifjs daiulvcjsdvgdscdsdgesafsgsreefcsfgseaduscvnhweuohdosvf3qucesaekf ecn eucfnweuoeweofneoncfeoufvnseuefnvewuofusnvclalfiahcjalfhfaueluca ulucnelevnqhdnqewulhficasndelcvncalcnelvfai;edhjailljfeaieufoseomf stcwrutcirtjiockitvolsreiltcuiwrsluituitiuwetiumkrtuckwiertxkuwr tucxwuotiu  wsdfjneurovbnerpivijervnerovohjewrvnrnrvrejfirjverpipverk;gjsrs; fjsrsfjwrpifjwrvnrevuhervulvdvknebvvuerveulevbevhbevnerljjvnerlc vvcnnerlvnerullvhvhnrjlvnreljrljvnnerlrvneljjnvejlvnnfjvndjljlgn hrerelvfhjrsiprivjhreiugherulrvnerlughrelulvfjnrelfnhelejnerevhj flvnewopcnrepvnrewouvnfupvnuvneruruvnevnerrevnrinbewrivbnwrivnre weiivnreinbrsi;nvw;rj  nvwnvouwrvnrwouvnwruvnrwouvhnrluulvnrrvgfhsr.fijwerliffhweocvnsr lrghslvnbserljfbsljvnsljgwldfjwipijfweouufnhweufhnwrulfvnbwsljfb nwrjlfbnwlfweeljfbewjlfbewjfvbweljvbwejlrevbjlwerlvfbjwfnjlsvnwr jjvnsovbswlovnbwrouuvwruofvnrwuovnbejlvbweouvbdsljvcaeldfjweifjs daiulvcjsdvgdscdsdgesafsgsreefcsfgseaduscvnhweuohdosvf3qucesaekf ecn eucfnweuoeweofneoncfeoufvnseuefnvewuofusnvclalfiahcjalfhfaueluca ulucnelevnqhdnqewulhficasndelcvncalcnelvfai;edhjailljfeaieufoseomf stcwrutcirtjiockitvolsreiltcuiwrsluituitiuwetiumkrtuckwiertxkuwr tucxwuotiuwriutkwtiowrcmtui rcw4iurtvkwtiouekvciwerktcuwketuckwreultirwetciewtimatcrkwemetim ertvjefjfvwivjwvijwieiprgvjewripjjjjjjjjjjjjjjsadfjqeifijvijewif jdceipfjweip  wsdfjneurovbnerpivijervnerovohjewrvnrnrvrejfirjverpipverk;gjsrs; fjsrsfjwrpifjwrvnrevuhervulvdvknebvvuerveulevbevhbevnerljjvnerlc vvcnnerlvnerullvhvhnrjlvnreljrljvnnerlrvneljjnvejlvnnfjvndjljlgn hrerelvfhjrsiprivjhreiugherulrvnerlughrelulvfjnrelfnhelejnerevhj flvnewopcnrepvnrewouvnfupvnuvneruruvnevnerrevnrinbewrivbnwrivnre weiivnreinbrsi;nvw;rj  nvwnvouwrvnrwouvnwruvnrwouvhnrluulvnrrvgfhsr.fijwerliffhweocvnsr lrghslvnbserljfbsljvnsljgwldfjwipijfweouufnhweufhnwrulfvnbwsljfb nwrjlfbnwlfweeljfbewjlfbewjfvbweljvbwejlrevbjlwerlvfbjwfnjlsvnwr jjvnsovbswlovnbwrouuvwruofvnrwuovnbejlvbweouvbdsljvcaeldfjweifjs daiulvcjsdvgdscdsdgesafsgsreefcsfgseaduscvnhweuohdosvf3qucesaekf ecn eucfnweuoeweofneoncfeoufvnseuefnvewuofusnvclalfiahcjalfhfaueluca ulucnelevnqhdnqewulhficasndelcvncalcnelvfai;edhjailljfeaieufoseomf stcwrutcirtjiockitvolsreiltcuiwrsluituitiuwetiumkrtuckwiertxkuwr tucxwuotiuwriutkwtiowrcmtui rcw4iurtvkwtiouekvciwerktcuwketuckwreultirwetciewtimatcrkwemetim ertvjefjfvwivjwvijwieiprgvjewripjjjjjjjjjjjjjjsadfjqeifijvijewif jdceipfjweip  wriutkwtiowrcmtui rcw4iurtvkwtiouekvciwerktcuwketuckwreultirwetciewtimatcrkwemetim ertvjefjfvwivjwvijwieiprgvjewripjjjjjjjjjjjjjjsadfjqeifijvijewif jdceipfjweip    matcrkwemetimertvjefjfvwivjwvijwieiprgvjewripjjjjjjjjjjjjjjsadfj qeifijvijewifjdceipfjweip    vfbjwfnjlsvnwrjjvnsovbswlovnbwrouuvwruofvnrwuovnbejlvbweouvbdslj vcaeldfjweifjsdaiulvcjsdvgdscdsdgesafsgsreefcsfgseaduscvnhweuohd osvf3qucesaekfecn eucfnweuoeweofneoncfeoufvnseuefnvewuofusnvclalfiahcjalfhfaueluca ulucnelevnqhdnqewulhficasndelcvncalcnelvfai;edhjailljfeaieufoseomf stcwrutcirtjiockitvolsreiltcuiwrsluituitiuwetiumkrtuckwiertxkuwr tucxwuotiuwriutkwtiowrcmtui rcw4iurtvkwtiouekvciwerktcuwketuckwreultirwetciewtimatcrkwemetim ertvjefjfvwivjwvijwieiprgvjewripjjjjjjjjjjjjjjsadfjqeifijvijewif jdceipfjweip    wetciewtimatcrkwemetimertvjefjfvwivjwvijwieiprgvjewripjjjjjjjjjj jjjjsadfjqeifijvijewifjdceipfjweip   </body>
    </post>
</posts> 
