<?xml version="1.0" encoding="UTF-8"?> 
 <posts> 
 <post id="MS_9673_51643776">
      <user id="MS_44755035">
        <username>Czernobog</username>
        <sex>M</sex>
        <age>42</age>
        <city>Just this side of Madness</city>
        <province>South Carolina</province>
        <country>US</country>
      </user>
      <date>1224873720</date>
      <body>Yay!!!Â  Can we bring back the "Loyalty Oath"?Â  That was soÂ much fun the first time!!!  And when are the "Senate Sub-Committee on UnAmerican Activities" hearings going to start back up?Â  Because they were such a hoot the last time!!!</body>
    </post> 
 <post id="MS_9673_51643802">
      <user id="MS_55025458">
        <username>Hans Vyss, RE</username>
        <sex>M</sex>
        <age>23</age>
        <city>Doomville</city>
        <province>Ohio</province>
        <country>US</country>
      </user>
      <date>1224873780</date>
      <body>  I'm sure it's incredibly early to tell, but is this the beginning of the splits of the Republican Party?</body>
    </post> 
 <post id="MS_9673_51660221">
      <user id="MS_1500992">
        <username>Random Guy</username>
        <sex>M</sex>
        <age>81</age>
        <city>San Marcos</city>
        <province>Texas</province>
        <country>US</country>
      </user>
      <date>1224915540</date>
      <body>  Not only is his last name "Tinklenberg" his first name is "Elwyn". Not that I give a crap, but it isn't one of those strong Anglo-Saxon names that looks good on a ballot.  He seems to be a pretty decent guy nonetheless, from the debate transcripts I read.  A solid moderate democrat, and not a partisan hack.  TINKLENBERG 08!!</body>
    </post> 
 <post id="MS_9673_51660912">
      <user id="MS_1500992">
        <username>Random Guy</username>
        <sex>M</sex>
        <age>81</age>
        <city>San Marcos</city>
        <province>Texas</province>
        <country>US</country>
      </user>
      <date>1224917220</date>
      <body>  I'm not sure if it is a split, but I think the GOP will have to wander in the wilderness for a few years to find itself again at the very least.</body>
    </post> 
 <post id="MS_9673_51661477">
      <user id="MS_1500992">
        <username>Random Guy</username>
        <sex>M</sex>
        <age>81</age>
        <city>San Marcos</city>
        <province>Texas</province>
        <country>US</country>
      </user>
      <date>1224918420</date>
      <body>Shameless bump number one</body>
    </post> 
 <post id="MS_9673_51770677">
      <user id="MS_55025458">
        <username>Hans Vyss, RE</username>
        <sex>M</sex>
        <age>23</age>
        <city>Doomville</city>
        <province>Ohio</province>
        <country>US</country>
      </user>
      <date>1225119120</date>
      <body>  Most probably that. The GOP needs to, no doubt. Hopefully they will, and drop the social and neoconservative wings of the party.</body>
    </post> 
 <post id="MS_9673_51774489">
      <user id="MS_211245495">
        <username>Appleblossom</username>
        <sex>F</sex>
        <age>29</age>
        <city>Why</city>
        <province>Arizona</province>
        <country>US</country>
      </user>
      <date>1225123500</date>
      <body>  He was up three points earlier but right now is just up two.  Should be interesting.  And she made me get into a fight with a Republican colleague of mine.</body>
    </post> 
 <post id="MS_9673_51830440">
      <user id="MS_1500992">
        <username>Random Guy</username>
        <sex>M</sex>
        <age>81</age>
        <city>San Marcos</city>
        <province>Texas</province>
        <country>US</country>
      </user>
      <date>1225216320</date>
      <body>  Do tell.  I would simply say that I am tire of having my patriotism questioned in such a manner.</body>
    </post> 
 <post id="MS_9673_51830560">
      <user id="MS_410744854">
        <username>Christopher</username>
        <sex>M</sex>
        <age>26</age>
        <city>US</city>
        <province/>
        <country/>
      </user>
      <date>1225216440</date>
      <body>How's "Tinkle" doing in the polls this week?</body>
    </post> 
 <post id="MS_9673_51830563">
      <user id="MS_211245495">
        <username>Appleblossom</username>
        <sex>F</sex>
        <age>29</age>
        <city>Why</city>
        <province>Arizona</province>
        <country>US</country>
      </user>
      <date>1225216440</date>
      <body>  I demanded him show me anything remotely as disgusting...he said he did not have "time to find it."  And then when I smacked him about with more honesty, he told me to leave him alone until I wanted to have an "intelligent conversation" i.e. one where I agree with him.</body>
    </post>
</posts> 
