<?xml version="1.0" encoding="UTF-8"?> 
 <posts> 
 <post id="MS_9673_51634442">
      <user id="MS_211245495">
        <username>Appleblossom</username>
        <sex>F</sex>
        <age>29</age>
        <city>Why</city>
        <province>Arizona</province>
        <country>US</country>
      </user>
      <date>1224858480</date>
      <body>It is a sad day to see that Joe McCarthy's heirs are still around.  And from the same area too.</body>
    </post> 
 <post id="MS_9673_51634695">
      <user id="MS_1500992">
        <username>Random Guy</username>
        <sex>M</sex>
        <age>81</age>
        <city>San Marcos</city>
        <province>Texas</province>
        <country>US</country>
      </user>
      <date>1224858840</date>
      <body>  He raised $1,000,000 or so in a the last year before thursday of last week.  He has SINCE raised $1,200,000 in ONE WEEK, more than his incumbent opponent.</body>
    </post> 
 <post id="MS_9673_51634796">
      <user id="MS_1500992">
        <username>Random Guy</username>
        <sex>M</sex>
        <age>81</age>
        <city>San Marcos</city>
        <province>Texas</province>
        <country>US</country>
      </user>
      <date>1224858960</date>
      <body>   That's me baby.  F*** YEAH.</body>
    </post> 
 <post id="MS_9673_51635074">
      <user id="MS_25093006">
        <username>Mark Gunn: Louisville's B-96.5</username>
        <sex>M</sex>
        <age>47</age>
        <city>Louisville</city>
        <province>Kentucky</province>
        <country>US</country>
      </user>
      <date>1224859440</date>
      <body>everybody sing it with me..."Amuricahhhh...FUCK YEAH !!"</body>
    </post> 
 <post id="MS_9673_51635375">
      <user id="MS_1500992">
        <username>Random Guy</username>
        <sex>M</sex>
        <age>81</age>
        <city>San Marcos</city>
        <province>Texas</province>
        <country>US</country>
      </user>
      <date>1224859920</date>
      <body>   Heh, I posted this on the OBama national website too. Got at least one other person to donate.  I'm pumped.</body>
    </post> 
 <post id="MS_9673_51635398">
      <user id="MS_211245495">
        <username>Appleblossom</username>
        <sex>F</sex>
        <age>29</age>
        <city>Why</city>
        <province>Arizona</province>
        <country>US</country>
      </user>
      <date>1224859980</date>
      <body>  Wow! There are over 2,000 of you?</body>
    </post> 
 <post id="MS_9673_51635503">
      <user id="MS_5269567">
        <username>It Don't Mean Much, These Seats are Cheap.</username>
        <sex>M</sex>
        <age>23</age>
        <city>Thornton</city>
        <province>Colorado</province>
        <country>US</country>
      </user>
      <date>1224860160</date>
      <body> Are you pumped because he nails talking points so well...or that it will be at least a month before he becomes a typical member of Congress?</body>
    </post> 
 <post id="MS_9673_51635587">
      <user id="MS_365545452">
        <username>smarty mcadorable</username>
        <sex>M</sex>
        <age>17</age>
        <city>MISSION</city>
        <province>Texas</province>
        <country>US</country>
      </user>
      <date>1224860280</date>
      <body> i need to send</body>
    </post> 
 <post id="MS_9673_51643039">
      <user id="MS_55025458">
        <username>Hans Vyss, RE</username>
        <sex>M</sex>
        <age>23</age>
        <city>Doomville</city>
        <province>Ohio</province>
        <country>US</country>
      </user>
      <date>1224872460</date>
      <body>  *high five*  *and on the rebound*  Best of all, the NRCC's pulled her funding LOLOOLLOLOLO</body>
    </post> 
 <post id="MS_9673_51643187">
      <user id="MS_211245495">
        <username>Appleblossom</username>
        <sex>F</sex>
        <age>29</age>
        <city>Why</city>
        <province>Arizona</province>
        <country>US</country>
      </user>
      <date>1224872760</date>
      <body>  no way really?</body>
    </post>
</posts> 
