<?xml version="1.0" encoding="UTF-8"?> 
 <posts> 
 <post id="MS_9673_51660912">
      <user id="MS_1500992">
        <username>Random Guy</username>
        <sex>M</sex>
        <age>81</age>
        <city>San Marcos</city>
        <province>Texas</province>
        <country>US</country>
      </user>
      <date>1224917220</date>
      <body>  I'm not sure if it is a split, but I think the GOP will have to wander in the wilderness for a few years to find itself again at the very least.</body>
    </post> 
 <post id="MS_9673_51661477">
      <user id="MS_1500992">
        <username>Random Guy</username>
        <sex>M</sex>
        <age>81</age>
        <city>San Marcos</city>
        <province>Texas</province>
        <country>US</country>
      </user>
      <date>1224918420</date>
      <body>Shameless bump number one</body>
    </post> 
 <post id="MS_9673_51770677">
      <user id="MS_55025458">
        <username>Hans Vyss, RE</username>
        <sex>M</sex>
        <age>23</age>
        <city>Doomville</city>
        <province>Ohio</province>
        <country>US</country>
      </user>
      <date>1225119120</date>
      <body>  Most probably that. The GOP needs to, no doubt. Hopefully they will, and drop the social and neoconservative wings of the party.</body>
    </post> 
 <post id="MS_9673_51774489">
      <user id="MS_211245495">
        <username>Appleblossom</username>
        <sex>F</sex>
        <age>29</age>
        <city>Why</city>
        <province>Arizona</province>
        <country>US</country>
      </user>
      <date>1225123500</date>
      <body>  He was up three points earlier but right now is just up two.  Should be interesting.  And she made me get into a fight with a Republican colleague of mine.</body>
    </post> 
 <post id="MS_9673_51830440">
      <user id="MS_1500992">
        <username>Random Guy</username>
        <sex>M</sex>
        <age>81</age>
        <city>San Marcos</city>
        <province>Texas</province>
        <country>US</country>
      </user>
      <date>1225216320</date>
      <body>  Do tell.  I would simply say that I am tire of having my patriotism questioned in such a manner.</body>
    </post> 
 <post id="MS_9673_51830560">
      <user id="MS_410744854">
        <username>Christopher</username>
        <sex>M</sex>
        <age>26</age>
        <city>US</city>
        <province/>
        <country/>
      </user>
      <date>1225216440</date>
      <body>How's "Tinkle" doing in the polls this week?</body>
    </post> 
 <post id="MS_9673_51830563">
      <user id="MS_211245495">
        <username>Appleblossom</username>
        <sex>F</sex>
        <age>29</age>
        <city>Why</city>
        <province>Arizona</province>
        <country>US</country>
      </user>
      <date>1225216440</date>
      <body>  I demanded him show me anything remotely as disgusting...he said he did not have "time to find it."  And then when I smacked him about with more honesty, he told me to leave him alone until I wanted to have an "intelligent conversation" i.e. one where I agree with him.</body>
    </post> 
 <post id="MS_9673_51831411">
      <user id="MS_1500992">
        <username>Random Guy</username>
        <sex>M</sex>
        <age>81</age>
        <city>San Marcos</city>
        <province>Texas</province>
        <country>US</country>
      </user>
      <date>1225217580</date>
      <body>  Gawd that sounds familiar.  "your [sic] an idiot" (because you don't agree with me).  I hate to toot my own horn, but I damned well know I am smarter than most people, and when someone who couldn't critically think their way out of a paper bag calls me an idiot, simply because I had the temerity to not buy their brand of crap, it galls me.</body>
    </post> 
 <post id="MS_9673_51875272">
      <user id="MS_211245495">
        <username>Appleblossom</username>
        <sex>F</sex>
        <age>29</age>
        <city>Why</city>
        <province>Arizona</province>
        <country>US</country>
      </user>
      <date>1225294980</date>
      <body>  To be honest, I was a bit insulted by his implication that I am not as smart as he is. The fact is, I went from not knowing anything about my job to being able to handle issuing well reasoned opinions at the end of *blanked* and I doubt he could manage that.  *sprains her arm patting herself on the back*</body>
    </post> 
 <post id="MS_9673_51927733">
      <user id="MS_1500992">
        <username>Random Guy</username>
        <sex>M</sex>
        <age>81</age>
        <city>San Marcos</city>
        <province>Texas</province>
        <country>US</country>
      </user>
      <date>1225382760</date>
      <body>  Heh, I know there are a couple of people here I would ask about legal matters, and you are on the short list.</body>
    </post>
</posts> 
