<?xml version="1.0" encoding="UTF-8"?> 
 <posts> 
 <post id="MS_9673_51635375">
      <user id="MS_1500992">
        <username>Random Guy</username>
        <sex>M</sex>
        <age>81</age>
        <city>San Marcos</city>
        <province>Texas</province>
        <country>US</country>
      </user>
      <date>1224859920</date>
      <body>   Heh, I posted this on the OBama national website too. Got at least one other person to donate.  I'm pumped.</body>
    </post> 
 <post id="MS_9673_51635398">
      <user id="MS_211245495">
        <username>Appleblossom</username>
        <sex>F</sex>
        <age>29</age>
        <city>Why</city>
        <province>Arizona</province>
        <country>US</country>
      </user>
      <date>1224859980</date>
      <body>  Wow! There are over 2,000 of you?</body>
    </post> 
 <post id="MS_9673_51635503">
      <user id="MS_5269567">
        <username>It Don't Mean Much, These Seats are Cheap.</username>
        <sex>M</sex>
        <age>23</age>
        <city>Thornton</city>
        <province>Colorado</province>
        <country>US</country>
      </user>
      <date>1224860160</date>
      <body> Are you pumped because he nails talking points so well...or that it will be at least a month before he becomes a typical member of Congress?</body>
    </post> 
 <post id="MS_9673_51635587">
      <user id="MS_365545452">
        <username>smarty mcadorable</username>
        <sex>M</sex>
        <age>17</age>
        <city>MISSION</city>
        <province>Texas</province>
        <country>US</country>
      </user>
      <date>1224860280</date>
      <body> i need to send</body>
    </post> 
 <post id="MS_9673_51643039">
      <user id="MS_55025458">
        <username>Hans Vyss, RE</username>
        <sex>M</sex>
        <age>23</age>
        <city>Doomville</city>
        <province>Ohio</province>
        <country>US</country>
      </user>
      <date>1224872460</date>
      <body>  *high five*  *and on the rebound*  Best of all, the NRCC's pulled her funding LOLOOLLOLOLO</body>
    </post> 
 <post id="MS_9673_51643187">
      <user id="MS_211245495">
        <username>Appleblossom</username>
        <sex>F</sex>
        <age>29</age>
        <city>Why</city>
        <province>Arizona</province>
        <country>US</country>
      </user>
      <date>1224872760</date>
      <body>  no way really?</body>
    </post> 
 <post id="MS_9673_51643696">
      <user id="MS_44755035">
        <username>Czernobog</username>
        <sex>M</sex>
        <age>42</age>
        <city>Just this side of Madness</city>
        <province>South Carolina</province>
        <country>US</country>
      </user>
      <date>1224873600</date>
      <body>LOL, and l he needed bachmann to self-destruct!!!Â  Let's face it, he would have never been able to win with a name like Tinklenberg!!!</body>
    </post> 
 <post id="MS_9673_51643776">
      <user id="MS_44755035">
        <username>Czernobog</username>
        <sex>M</sex>
        <age>42</age>
        <city>Just this side of Madness</city>
        <province>South Carolina</province>
        <country>US</country>
      </user>
      <date>1224873720</date>
      <body>Yay!!!Â  Can we bring back the "Loyalty Oath"?Â  That was soÂ much fun the first time!!!  And when are the "Senate Sub-Committee on UnAmerican Activities" hearings going to start back up?Â  Because they were such a hoot the last time!!!</body>
    </post> 
 <post id="MS_9673_51643802">
      <user id="MS_55025458">
        <username>Hans Vyss, RE</username>
        <sex>M</sex>
        <age>23</age>
        <city>Doomville</city>
        <province>Ohio</province>
        <country>US</country>
      </user>
      <date>1224873780</date>
      <body>  I'm sure it's incredibly early to tell, but is this the beginning of the splits of the Republican Party?</body>
    </post> 
 <post id="MS_9673_51660221">
      <user id="MS_1500992">
        <username>Random Guy</username>
        <sex>M</sex>
        <age>81</age>
        <city>San Marcos</city>
        <province>Texas</province>
        <country>US</country>
      </user>
      <date>1224915540</date>
      <body>  Not only is his last name "Tinklenberg" his first name is "Elwyn". Not that I give a crap, but it isn't one of those strong Anglo-Saxon names that looks good on a ballot.  He seems to be a pretty decent guy nonetheless, from the debate transcripts I read.  A solid moderate democrat, and not a partisan hack.  TINKLENBERG 08!!</body>
    </post>
</posts> 
