<?xml version="1.0" encoding="UTF-8"?> 
 <posts> 
 <post id="MS_9673_51634174">
      <user id="MS_1500992">
        <username>Random Guy</username>
        <sex>M</sex>
        <age>81</age>
        <city>San Marcos</city>
        <province>Texas</province>
        <country>US</country>
      </user>
      <date>1224858060</date>
      <body>Michele Bachmann's rival reaps benefits of her 'Hardball' comments LA Times, 10/23/08  By P.J. Huffstutter  Reporting from Blaine, Minn. â&#128;&#148; Elwyn Tinklenberg is living the long-shot candidate's political dream.  There weren't enough chairs for the volunteers crammed inside the four-room campaign office Wednesday morning. Every time aides hit "refresh" on their computers, hundreds more online donations appeared. Downstairs, the postal carrier spent 10 minutes trying to cram a two-foot stack of envelopes stuffed with checks into the mail slot.  "It's been raining money," said Beth DeZiel, 39, the campaign's dazed deputy finance director. "There's so much, we can barely keep up. It's unbelievable."  But this unsolicited good fortune -- $1.3 million since Friday -- isn't based on anything the Democratic former mayor and grandfather of seven did. It's all because of something his rival, Minnesota Rep. Michele Bachmann, said.  On Friday afternoon, Bachmann appeared on MSNBC's "Hardball with Chris Matthews" and made what has been dubbed the million-dollar mistake: Bachmann, 52, alleged that presidential candidate Barack Obama may hold "anti-American" views, and proposed a media investigation into "the views of the people in Congress [to] find out: Are they pro-America or anti-America?"  While Sen. Obama's presidential bid has transformed the way campaigns use the Internet to reach volunteers and donors, the technology has also become a way for the public to instantly react -- even to races in which they can't vote.  Those quick reactions, often in the form of donations, can influence the outcome of a campaign, said Julie Barko Germany, director of the Institute for Politics, Democracy &amp; the Internet at George Washington University's Graduate School of Political Management.  Barko German said "the Internet can be an amplifier," enabling viewers to react instantly to something that incites strong support or fury.  "It's an excellent fundraising tool," she added, citing research indicating that "when you show someone a video online, they donate 10% more."  Bachmann's interview has turned the race into one of the country's most intensely watched. It also unleashed an online backlash against Bachmann, who many local political observers assumed would easily win reelection.  President Bush won the district in 2004 with 57% of the vote. In 2006, former state Sen. Bachmann was heralded as the first female Republican to be elected to the U.S. House of Representatives from the district, which is dominated by blue-collar and farming communities.  And this summer, one of the few polls conducted in the race showed that Bachmann held a 13-point lead over Tinklenberg.  But on Wednesday, the National Republican Congressional Committee pulled all of its TV advertising supporting Bachmann in the 6th District, according to a GOP source. Since her "Hardball" appearance, Bachmann's lawn signs have been vandalized. Callers spew profanity at volunteers and obscenities about the congresswoman at her district campaign office.  Bachmann has retreated from her statements at nearly every campaign stop. She blamed the brouhaha on falling into a "trap" she said Matthews laid for her, and on having her words twisted by bloggers.  "This has been a game of telephone gone into overdrive -- nothing more," said Bachmann spokeswoman Michelle Marston. "A week ago, our competitor had no name identification. If they think that they'll win by throwing a million dollars worth of mud, I can tell you right now it won't be enough."  Marston said Bachmann's campaign also had seen a jump in contributions, from sympathetic donors who feel she's being unfairly targeted. But Marston said she didn't know the specific amount.  At the time Bachmann was on "Hardball," Tinklenberg was watching a college hockey game and stumping for votes in the bleachers. The cheers drowned out the sound of his cellphone ringing.  "By the time I looked at it, my voice mail was full," said Tinklenberg, 58, who served as Gov. Jesse Ventura's transportation commissioner from 1999 to 2002 and now works as a transportation consultant.  "It was family, friends, neighbors, supporters," Tinklenberg said. "Everyone was asking, 'Did you see what she said?' "  Since then, the campaign -- whose eight staff members had gone Dumpster-diving for office furniture and the wire wickets used for lawn signs -- has become flush.  The majority of the funds have come electronically. Of the more than 20,000 online donations, 3,210 came from Minnesota. An additional 2,405 people donated from California, and 2,330 from Texas.  Thousands of people have called the campaign office, offering up their credit card numbers. Some gave the maximum $2,300, but most offered far smaller amounts, $3 or $5, along with a message of support and an apology for not being able to give more.  "I'm a registered Republican and I have never made contributions to political campaigns," wrote one 66-year-old donor. "I wish I could send more." In a greeting card with a fuzzy white kitten on the front, another donor wrote, "What your opponent said on Chris Matthews was sickening! Hope you can defeat her!"  People who said they couldn't afford to give cash have been dropping off food for Tinklenberg and the staff -- platters of apple strudel, pots of chicken noodle soup, paper bags stuffed with oatmeal cookies.  Now, Tinklenberg said, the campaign is trying to find ways to spend so much money in so little time, so he can get out his message on ways to attract jobs, improve public infrastructure and expand public transportation options. His staff is frantically contacting local TV and radio stations to snap up available advertisement spots, installing more phone lines and placing orders for stacks of boxes of campaign literature.  "I'm not happy she said what she said," Tinklenberg said. "But we certainly are benefiting from it."  Huffstutter is a Times staff writer.  ------------------------------------------     Here is the Anti-American Tinklenberg's website where you can give til' it hurts.   HAHAHAHAHAHAHAHAHAHAHAHAHAHA!!!!!!!!!   If Tinklenberg wins, I will be gloating for years.</body>
    </post> 
 <post id="MS_9673_51634287">
      <user id="MS_1500992">
        <username>Random Guy</username>
        <sex>M</sex>
        <age>81</age>
        <city>San Marcos</city>
        <province>Texas</province>
        <country>US</country>
      </user>
      <date>1224858240</date>
      <body>I don't care how often I have to shamelessly bump this this weekend.  This is too important not to be on the front page.  GO ELWYN!!!</body>
    </post> 
 <post id="MS_9673_51634418">
      <user id="MS_1500992">
        <username>Random Guy</username>
        <sex>M</sex>
        <age>81</age>
        <city>San Marcos</city>
        <province>Texas</province>
        <country>US</country>
      </user>
      <date>1224858420</date>
      <body>       Here is what she actually said.  Since then the GOP has yanked ads in her district, the Dems have thrown in $1Million in advertising on top of all the cash this guy has gotten directly.</body>
    </post> 
 <post id="MS_9673_51634442">
      <user id="MS_211245495">
        <username>Appleblossom</username>
        <sex>F</sex>
        <age>29</age>
        <city>Why</city>
        <province>Arizona</province>
        <country>US</country>
      </user>
      <date>1224858480</date>
      <body>It is a sad day to see that Joe McCarthy's heirs are still around.  And from the same area too.</body>
    </post> 
 <post id="MS_9673_51634695">
      <user id="MS_1500992">
        <username>Random Guy</username>
        <sex>M</sex>
        <age>81</age>
        <city>San Marcos</city>
        <province>Texas</province>
        <country>US</country>
      </user>
      <date>1224858840</date>
      <body>  He raised $1,000,000 or so in a the last year before thursday of last week.  He has SINCE raised $1,200,000 in ONE WEEK, more than his incumbent opponent.</body>
    </post> 
 <post id="MS_9673_51634796">
      <user id="MS_1500992">
        <username>Random Guy</username>
        <sex>M</sex>
        <age>81</age>
        <city>San Marcos</city>
        <province>Texas</province>
        <country>US</country>
      </user>
      <date>1224858960</date>
      <body>   That's me baby.  F*** YEAH.</body>
    </post> 
 <post id="MS_9673_51635074">
      <user id="MS_25093006">
        <username>Mark Gunn: Louisville's B-96.5</username>
        <sex>M</sex>
        <age>47</age>
        <city>Louisville</city>
        <province>Kentucky</province>
        <country>US</country>
      </user>
      <date>1224859440</date>
      <body>everybody sing it with me..."Amuricahhhh...FUCK YEAH !!"</body>
    </post> 
 <post id="MS_9673_51635375">
      <user id="MS_1500992">
        <username>Random Guy</username>
        <sex>M</sex>
        <age>81</age>
        <city>San Marcos</city>
        <province>Texas</province>
        <country>US</country>
      </user>
      <date>1224859920</date>
      <body>   Heh, I posted this on the OBama national website too. Got at least one other person to donate.  I'm pumped.</body>
    </post> 
 <post id="MS_9673_51635398">
      <user id="MS_211245495">
        <username>Appleblossom</username>
        <sex>F</sex>
        <age>29</age>
        <city>Why</city>
        <province>Arizona</province>
        <country>US</country>
      </user>
      <date>1224859980</date>
      <body>  Wow! There are over 2,000 of you?</body>
    </post> 
 <post id="MS_9673_51635503">
      <user id="MS_5269567">
        <username>It Don't Mean Much, These Seats are Cheap.</username>
        <sex>M</sex>
        <age>23</age>
        <city>Thornton</city>
        <province>Colorado</province>
        <country>US</country>
      </user>
      <date>1224860160</date>
      <body> Are you pumped because he nails talking points so well...or that it will be at least a month before he becomes a typical member of Congress?</body>
    </post>
</posts> 
