<?xml version="1.0" encoding="UTF-8"?> 
 <posts> 
<post id= "MS_26752_14105262"> 
<user id ="MS_115666443"> 
	 <username>::Happy Fool::</username> 
	 <sex>F</sex> 
	 <age>17</age> 
	 <city>Penang</city> 
	 <province></province> 
	 <country>MY</country> 
	 </user> 
<date>1160957520</date> 
 <body>Beautiful Boxer has just become a favorite movie of mine -nod- ^.^v</body> 
 </post> 
<post id= "MS_26752_14124405"> 
<user id ="MS_494429"> 
	 <username>Manos Dingrod's Return to Horror High</username> 
	 <sex>M</sex> 
	 <age>23</age> 
	 <city>Pittsburgh</city> 
	 <province>Gluehuffer International</province> 
	 <country>UZ</country> 
	 </user> 
<date>1161003720</date> 
 <body>O Lucky Man! and Two-Lane Blacktop at the moment.</body> 
 </post> 
<post id= "MS_26752_14125749"> 
<user id ="MS_17162558"> 
	 <username>Infekshus</username> 
	 <sex>F</sex> 
	 <age>32</age> 
	 <city>Tustin</city> 
	 <province>California</province> 
	 <country>US</country> 
	 </user> 
<date>1161005940</date> 
 <body>    I'm not usually a big fan of the chick flick, but The Notebook was a beautiful, heart-wrenching story that really makes you believe in true love again.</body> 
 </post> 
<post id= "MS_26752_14126012"> 
<user id ="MS_74289798"> 
	 <username>Ardem Beschir</username> 
	 <sex>M</sex> 
	 <age>23</age> 
	 <city>Vancouver</city> 
	 <province>British Columbia</province> 
	 <country>CA</country> 
	 </user> 
<date>1161006300</date> 
 <body>45 man cream pie.... that hoe didnt see it cuming lol</body> 
 </post> 
<post id= "MS_26752_14128712"> 
<user id ="MS_115570100"> 
	 <username>Dee</username> 
	 <sex>F</sex> 
	 <age>23</age> 
	 <city>Ipswich</city> 
	 <province></province> 
	 <country>UK</country> 
	 </user> 
<date>1161009840</date> 
 <body>For being amazing: Irreversible    Just because: The Ladykillers (original)</body> 
 </post> 
<post id= "MS_26752_14128756"> 
<user id ="MS_22924998"> 
	 <username>frankie</username> 
	 <sex>M</sex> 
	 <age>20</age> 
	 <city>Arnold</city> 
	 <province>Maryland</province> 
	 <country>US</country> 
	 </user> 
<date>1161009900</date> 
 <body>good storylines and good movies:    saw 1+2, se7en, and phonebooth          comedies:    clerks 2 and RAT RACE!!!!! omg i need to watch rat race again soon... i don't think i ever stopped laughing through the entire movie</body> 
 </post> 
<post id= "MS_26752_14128915"> 
<user id ="MS_72523788"> 
	 <username>mia</username> 
	 <sex>F</sex> 
	 <age>15</age> 
	 <city>its boring in</city> 
	 <province>New Hampshire</province> 
	 <country>US</country> 
	 </user> 
<date>1161010080</date> 
 <body>I like Little Miss Sunshine. Really funny + sad.</body> 
 </post> 
<post id= "MS_26752_14136194"> 
<user id ="MS_77445949"> 
	 <username>Bill</username> 
	 <sex>M</sex> 
	 <age>49</age> 
	 <city>Fox Valley</city> 
	 <province>Wisconsin</province> 
	 <country>US</country> 
	 </user> 
<date>1161019620</date> 
 <body>I have two:    The Maltese Falcon    What's Up, Doc?</body> 
 </post> 
<post id= "MS_26752_14136377"> 
<user id ="MS_116233623"> 
	 <username>Â¸Â¸.Â·Â´JANELLEÂ´Â¯`Â·Â·.</username> 
	 <sex>F</sex> 
	 <age>28</age> 
	 <city>TOPEKA</city> 
	 <province>KANSAS</province> 
	 <country>US</country> 
	 </user> 
<date>1161019740</date> 
 <body>The boondock saints great movie</body> 
 </post> 
<post id= "MS_26752_14136495"> 
<user id ="MS_90896522"> 
	 <username>Desiâ¢</username> 
	 <sex>F</sex> 
	 <age>23</age> 
	 <city>Florida</city> 
	 <province></province> 
	 <country>US</country> 
	 </user> 
<date>1161019860</date> 
 <body>Pirates of the Caribbean. I KNOW!!!!!!! How lame can I be?    But really I could watch Army of Darkness all night long. Or The Nightmare Before Christmas. Hm.</body> 
 </post> 
</posts>