<?xml version="1.0" encoding="UTF-8"?> 
 <posts> 
<post id= "MS_26752_14136495"> 
<user id ="MS_90896522"> 
	 <username>Desiâ¢</username> 
	 <sex>F</sex> 
	 <age>23</age> 
	 <city>Florida</city> 
	 <province></province> 
	 <country>US</country> 
	 </user> 
<date>1161019860</date> 
 <body>Pirates of the Caribbean. I KNOW!!!!!!! How lame can I be?    But really I could watch Army of Darkness all night long. Or The Nightmare Before Christmas. Hm.</body> 
 </post> 
<post id= "MS_26752_14136547"> 
<user id ="MS_114303455"> 
	 <username>Frore</username> 
	 <sex>F</sex> 
	 <age>19</age> 
	 <city>New Jersey</city> 
	 <province></province> 
	 <country>US</country> 
	 </user> 
<date>1161019920</date> 
 <body>The Princess Bride.</body> 
 </post> 
<post id= "MS_26752_14136604"> 
<user id ="MS_90896522"> 
	 <username>Desiâ¢</username> 
	 <sex>F</sex> 
	 <age>23</age> 
	 <city>Florida</city> 
	 <province></province> 
	 <country>US</country> 
	 </user> 
<date>1161019980</date> 
 <body>    Haha that movie is so funny.</body> 
 </post> 
<post id= "MS_26752_14136760"> 
<user id ="MS_115181855"> 
	 <username>Erik</username> 
	 <sex>M</sex> 
	 <age>31</age> 
	 <city>North Shore</city> 
	 <province>Massachusetts</province> 
	 <country>US</country> 
	 </user> 
<date>1161020160</date> 
 <body>Field of Dreams.</body> 
 </post> 
<post id= "MS_26752_14226347"> 
<user id ="MS_39996755"> 
	 <username>Joshua</username> 
	 <sex>M</sex> 
	 <age>17</age> 
	 <city>Defiance</city> 
	 <province>Ohio</province> 
	 <country>US</country> 
	 </user> 
<date>1161181860</date> 
 <body>Pulp fiction</body> 
 </post> 
<post id= "MS_26752_14294231"> 
<user id ="MS_95458049"> 
	 <username>*~Lady Aeleth~* a.k.a.Mslcloud</username> 
	 <sex>F</sex> 
	 <age>25</age> 
	 <city>Mirkwood,Middle Earth</city> 
	 <province>New Mexico</province> 
	 <country>US</country> 
	 </user> 
<date>1161296040</date> 
 <body>the original Star Wars.</body> 
 </post> 
<post id= "MS_26752_14294471"> 
<user id ="MS_76972914"> 
	 <username>Anthony</username> 
	 <sex>M</sex> 
	 <age>33</age> 
	 <city>JACKSON</city> 
	 <province>Michigan</province> 
	 <country>US</country> 
	 </user> 
<date>1161296700</date> 
 <body>goonies is my all time favorite movie.</body> 
 </post> 
<post id= "MS_26752_14294670"> 
<user id ="MS_64443234"> 
	 <username>LoVe * SHINE [[K]]</username> 
	 <sex>F</sex> 
	 <age>19</age> 
	 <city>Kelowna</city> 
	 <province>British Columbia</province> 
	 <country>CA</country> 
	 </user> 
<date>1161297180</date> 
 <body>Rent.</body> 
 </post> 
<post id= "MS_26752_14297043"> 
<user id ="MS_69266021"> 
	 <username>steven.</username> 
	 <sex>M</sex> 
	 <age>37</age> 
	 <city>SAN FRANCISCO</city> 
	 <province>CALIFORNIA</province> 
	 <country>US</country> 
	 </user> 
<date>1161305760</date> 
 <body>The Life Aquatic with Steve Zizzou</body> 
 </post> 
<post id= "MS_26752_14297363"> 
<user id ="MS_113525456"> 
	 <username>Adam</username> 
	 <sex>M</sex> 
	 <age>21</age> 
	 <city>UK</city> 
	 <province></province> 
	 <country></country> 
	 </user> 
<date>1161307440</date> 
 <body>GOODFELLAS !!!!</body> 
 </post> 
</posts>