<?xml version="1.0" encoding="UTF-8"?> 
 <posts> 
<post id= "MS_26752_14299700"> 
<user id ="MS_81619938"> 
	 <username>FORCE</username> 
	 <sex>F</sex> 
	 <age>108</age> 
	 <city>Southwest</city> 
	 <province></province> 
	 <country>UK</country> 
	 </user> 
<date>1161318060</date> 
 <body>BLOW!</body> 
 </post> 
<post id= "MS_26752_14306636"> 
<user id ="MS_8375392"> 
	 <username>Lol</username> 
	 <sex>F</sex> 
	 <age>20</age> 
	 <city>birmingham/Leicester</city> 
	 <province></province> 
	 <country>UK</country> 
	 </user> 
<date>1161332460</date> 
 <body>Being John Malkovich</body> 
 </post> 
<post id= "MS_26752_14384249"> 
<user id ="MS_118179952"> 
	 <username>Ingela</username> 
	 <sex>F</sex> 
	 <age>45</age> 
	 <city>SE</city> 
	 <province></province> 
	 <country></country> 
	 </user> 
<date>1161495120</date> 
 <body>The kid (Chaplin)  Other really good are:  The Godfather  Cat people  The big blue  Cinema Paradiso  The time of the Gypsies  The constant gardener (because of great photography)  Walk the line</body> 
 </post> 
<post id= "MS_26752_14384538"> 
<user id ="MS_104826215"> 
	 <username>chris</username> 
	 <sex>M</sex> 
	 <age>31</age> 
	 <city>greenock</city> 
	 <province>Scotland</province> 
	 <country>UK</country> 
	 </user> 
<date>1161495840</date> 
 <body>big lebowski!!!</body> 
 </post> 
<post id= "MS_26752_14421311"> 
<user id ="MS_27184110"> 
	 <username>phinehas</username> 
	 <sex>M</sex> 
	 <age>21</age> 
	 <city>Santa Barbara</city> 
	 <province>California</province> 
	 <country>US</country> 
	 </user> 
<date>1161563280</date> 
 <body>how do you people just pull one out like that? its so hard to do....this year alone, I loved V for Vendetta, Little Miss Sunshine, Talladega Nights...I could never do a favorite movie EVER....</body> 
 </post> 
<post id= "MS_26752_14421801"> 
<user id ="MS_85356424"> 
	 <username>The One and Only... DJ Shawn Myth... Superstar</username> 
	 <sex>M</sex> 
	 <age>31</age> 
	 <city>Fort Myers</city> 
	 <province>Florida</province> 
	 <country>US</country> 
	 </user> 
<date>1161565800</date> 
 <body>David Lynch version of Dune</body> 
 </post> 
<post id= "MS_26752_14423014"> 
<user id ="MS_117061342"> 
	 <username>Sara</username> 
	 <sex>F</sex> 
	 <age>28</age> 
	 <city>Burnside</city> 
	 <province>Glasgow,</province> 
	 <country>UK</country> 
	 </user> 
<date>1161571920</date> 
 <body>The Goonies</body> 
 </post> 
<post id= "MS_26752_14423255"> 
<user id ="MS_55711576"> 
	 <username>Kristi [NO DAY BUT TODAY]</username> 
	 <sex>F</sex> 
	 <age>33</age> 
	 <city>Leander</city> 
	 <province>Texas</province> 
	 <country>US</country> 
	 </user> 
<date>1161573000</date> 
 <body>I had to narrow it down to two--The Usual Suspects & RENT</body> 
 </post> 
<post id= "MS_26752_14423620"> 
<user id ="MS_116018040"> 
	 <username>aleriM</username> 
	 <sex>F</sex> 
	 <age>18</age> 
	 <city>split</city> 
	 <province></province> 
	 <country>CT</country> 
	 </user> 
<date>1161574740</date> 
 <body>maybe saw 1 and 2 , a nightmare on elm street or amityville horror</body> 
 </post> 
<post id= "MS_26752_14423927"> 
<user id ="MS_35739974"> 
	 <username>ASDFGHJKL</username> 
	 <sex>F</sex> 
	 <age>100</age> 
	 <city>Atlantis</city> 
	 <province>Noel Edmunds?</province> 
	 <country>ZW</country> 
	 </user> 
<date>1161576240</date> 
 <body>City of God</body> 
 </post> 
</posts>