<?xml version="1.0" encoding="UTF-8"?> 
 <posts> 
<post id= "MS_26752_14384538"> 
<user id ="MS_104826215"> 
	 <username>chris</username> 
	 <sex>M</sex> 
	 <age>31</age> 
	 <city>greenock</city> 
	 <province>Scotland</province> 
	 <country>UK</country> 
	 </user> 
<date>1161495840</date> 
 <body>big lebowski!!!</body> 
 </post> 
<post id= "MS_26752_14421311"> 
<user id ="MS_27184110"> 
	 <username>phinehas</username> 
	 <sex>M</sex> 
	 <age>21</age> 
	 <city>Santa Barbara</city> 
	 <province>California</province> 
	 <country>US</country> 
	 </user> 
<date>1161563280</date> 
 <body>how do you people just pull one out like that? its so hard to do....this year alone, I loved V for Vendetta, Little Miss Sunshine, Talladega Nights...I could never do a favorite movie EVER....</body> 
 </post> 
<post id= "MS_26752_14421801"> 
<user id ="MS_85356424"> 
	 <username>The One and Only... DJ Shawn Myth... Superstar</username> 
	 <sex>M</sex> 
	 <age>31</age> 
	 <city>Fort Myers</city> 
	 <province>Florida</province> 
	 <country>US</country> 
	 </user> 
<date>1161565800</date> 
 <body>David Lynch version of Dune</body> 
 </post> 
<post id= "MS_26752_14423014"> 
<user id ="MS_117061342"> 
	 <username>Sara</username> 
	 <sex>F</sex> 
	 <age>28</age> 
	 <city>Burnside</city> 
	 <province>Glasgow,</province> 
	 <country>UK</country> 
	 </user> 
<date>1161571920</date> 
 <body>The Goonies</body> 
 </post> 
<post id= "MS_26752_14423255"> 
<user id ="MS_55711576"> 
	 <username>Kristi [NO DAY BUT TODAY]</username> 
	 <sex>F</sex> 
	 <age>33</age> 
	 <city>Leander</city> 
	 <province>Texas</province> 
	 <country>US</country> 
	 </user> 
<date>1161573000</date> 
 <body>I had to narrow it down to two--The Usual Suspects & RENT</body> 
 </post> 
<post id= "MS_26752_14423620"> 
<user id ="MS_116018040"> 
	 <username>aleriM</username> 
	 <sex>F</sex> 
	 <age>18</age> 
	 <city>split</city> 
	 <province></province> 
	 <country>CT</country> 
	 </user> 
<date>1161574740</date> 
 <body>maybe saw 1 and 2 , a nightmare on elm street or amityville horror</body> 
 </post> 
<post id= "MS_26752_14423927"> 
<user id ="MS_35739974"> 
	 <username>ASDFGHJKL</username> 
	 <sex>F</sex> 
	 <age>100</age> 
	 <city>Atlantis</city> 
	 <province>Noel Edmunds?</province> 
	 <country>ZW</country> 
	 </user> 
<date>1161576240</date> 
 <body>City of God</body> 
 </post> 
<post id= "MS_26752_14424307"> 
<user id ="MS_103342454"> 
	 <username>Heidi</username> 
	 <sex>F</sex> 
	 <age>33</age> 
	 <city>Tampa</city> 
	 <province>Florida</province> 
	 <country>US</country> 
	 </user> 
<date>1161577980</date> 
 <body>BRAVEHEART!!! a fantastic movie.</body> 
 </post> 
<post id= "MS_26752_14424940"> 
<user id ="MS_107805158"> 
	 <username>?</username> 
	 <sex>M</sex> 
	 <age>100</age> 
	 <city>UK</city> 
	 <province></province> 
	 <country></country> 
	 </user> 
<date>1161580560</date> 
 <body>Scarface</body> 
 </post> 
<post id= "MS_26752_14425527"> 
<user id ="MS_14580593"> 
	 <username>V is for Vagina</username> 
	 <sex>F</sex> 
	 <age>25</age> 
	 <city>Disgusta</city> 
	 <province>Maine</province> 
	 <country>US</country> 
	 </user> 
<date>1161582720</date> 
 <body>If i had to pick j6ust one...i would choo6se Clockwork Orange for sure....gott6a love Stanley Kubrick</body> 
 </post> 
</posts>