<?xml version="1.0" encoding="UTF-8"?> 
 <posts> 
<post id= "MS_26752_14128712"> 
<user id ="MS_115570100"> 
	 <username>Dee</username> 
	 <sex>F</sex> 
	 <age>23</age> 
	 <city>Ipswich</city> 
	 <province></province> 
	 <country>UK</country> 
	 </user> 
<date>1161009840</date> 
 <body>For being amazing: Irreversible    Just because: The Ladykillers (original)</body> 
 </post> 
<post id= "MS_26752_14128756"> 
<user id ="MS_22924998"> 
	 <username>frankie</username> 
	 <sex>M</sex> 
	 <age>20</age> 
	 <city>Arnold</city> 
	 <province>Maryland</province> 
	 <country>US</country> 
	 </user> 
<date>1161009900</date> 
 <body>good storylines and good movies:    saw 1+2, se7en, and phonebooth          comedies:    clerks 2 and RAT RACE!!!!! omg i need to watch rat race again soon... i don't think i ever stopped laughing through the entire movie</body> 
 </post> 
<post id= "MS_26752_14128915"> 
<user id ="MS_72523788"> 
	 <username>mia</username> 
	 <sex>F</sex> 
	 <age>15</age> 
	 <city>its boring in</city> 
	 <province>New Hampshire</province> 
	 <country>US</country> 
	 </user> 
<date>1161010080</date> 
 <body>I like Little Miss Sunshine. Really funny + sad.</body> 
 </post> 
<post id= "MS_26752_14136194"> 
<user id ="MS_77445949"> 
	 <username>Bill</username> 
	 <sex>M</sex> 
	 <age>49</age> 
	 <city>Fox Valley</city> 
	 <province>Wisconsin</province> 
	 <country>US</country> 
	 </user> 
<date>1161019620</date> 
 <body>I have two:    The Maltese Falcon    What's Up, Doc?</body> 
 </post> 
<post id= "MS_26752_14136377"> 
<user id ="MS_116233623"> 
	 <username>Â¸Â¸.Â·Â´JANELLEÂ´Â¯`Â·Â·.</username> 
	 <sex>F</sex> 
	 <age>28</age> 
	 <city>TOPEKA</city> 
	 <province>KANSAS</province> 
	 <country>US</country> 
	 </user> 
<date>1161019740</date> 
 <body>The boondock saints great movie</body> 
 </post> 
<post id= "MS_26752_14136495"> 
<user id ="MS_90896522"> 
	 <username>Desiâ¢</username> 
	 <sex>F</sex> 
	 <age>23</age> 
	 <city>Florida</city> 
	 <province></province> 
	 <country>US</country> 
	 </user> 
<date>1161019860</date> 
 <body>Pirates of the Caribbean. I KNOW!!!!!!! How lame can I be?    But really I could watch Army of Darkness all night long. Or The Nightmare Before Christmas. Hm.</body> 
 </post> 
<post id= "MS_26752_14136547"> 
<user id ="MS_114303455"> 
	 <username>Frore</username> 
	 <sex>F</sex> 
	 <age>19</age> 
	 <city>New Jersey</city> 
	 <province></province> 
	 <country>US</country> 
	 </user> 
<date>1161019920</date> 
 <body>The Princess Bride.</body> 
 </post> 
<post id= "MS_26752_14136604"> 
<user id ="MS_90896522"> 
	 <username>Desiâ¢</username> 
	 <sex>F</sex> 
	 <age>23</age> 
	 <city>Florida</city> 
	 <province></province> 
	 <country>US</country> 
	 </user> 
<date>1161019980</date> 
 <body>    Haha that movie is so funny.</body> 
 </post> 
<post id= "MS_26752_14136760"> 
<user id ="MS_115181855"> 
	 <username>Erik</username> 
	 <sex>M</sex> 
	 <age>31</age> 
	 <city>North Shore</city> 
	 <province>Massachusetts</province> 
	 <country>US</country> 
	 </user> 
<date>1161020160</date> 
 <body>Field of Dreams.</body> 
 </post> 
<post id= "MS_26752_14226347"> 
<user id ="MS_39996755"> 
	 <username>Joshua</username> 
	 <sex>M</sex> 
	 <age>17</age> 
	 <city>Defiance</city> 
	 <province>Ohio</province> 
	 <country>US</country> 
	 </user> 
<date>1161181860</date> 
 <body>Pulp fiction</body> 
 </post> 
</posts>