<?xml version="1.0" encoding="UTF-8"?> 
 <posts> 
<post id= "MS_26752_14425988"> 
<user id ="MS_103848411"> 
	 <username>The times, they are a changin'</username> 
	 <sex>M</sex> 
	 <age>36</age> 
	 <city>OAKLAND</city> 
	 <province>California</province> 
	 <country>US</country> 
	 </user> 
<date>1161584040</date> 
 <body>    Odd, I came to this thread to say the same thing. It has to be Clockwork Orange. Like the first poster, i've seen Rocky Horror several times and thrown my share of tp and cards at the screen but I have to go with Clockwork Orange.</body> 
 </post> 
<post id= "MS_26752_14428700"> 
<user id ="MS_92049279"> 
	 <username>Jonfrid</username> 
	 <sex>F</sex> 
	 <age>23</age> 
	 <city>FO</city> 
	 <province></province> 
	 <country></country> 
	 </user> 
<date>1161589560</date> 
 <body>One of the best movies ever made, is  lord of the rings 1, 2, 3. But the best of them is  the king returnes!</body> 
 </post> 
<post id= "MS_26752_14428764"> 
<user id ="MS_44789808"> 
	 <username>Kate</username> 
	 <sex>F</sex> 
	 <age>22</age> 
	 <city>UK</city> 
	 <province></province> 
	 <country></country> 
	 </user> 
<date>1161589680</date> 
 <body>my name is joe. ken loach, absolutely amazing</body> 
 </post> 
<post id= "MS_26752_14428921"> 
<user id ="MS_11072710"> 
	 <username>Katie Capo</username> 
	 <sex>F</sex> 
	 <age>20</age> 
	 <city>Cape Coral</city> 
	 <province>Florida</province> 
	 <country>US</country> 
	 </user> 
<date>1161589980</date> 
 <body>mmm monty python and the holy grail  C:</body> 
 </post> 
<post id= "MS_26752_14428966"> 
<user id ="MS_52425322"> 
	 <username>Jack L. Miller</username> 
	 <sex>M</sex> 
	 <age>28</age> 
	 <city>Dublin</city> 
	 <province>Dublin</province> 
	 <country>IE</country> 
	 </user> 
<date>1161590040</date> 
 <body>i like Last Stop for Paul (www.laststopforpaul.com) and Anchorman</body> 
 </post> 
<post id= "MS_26752_14431773"> 
<user id ="MS_119351246"> 
	 <username>Heather</username> 
	 <sex>F</sex> 
	 <age>33</age> 
	 <city>Veneta</city> 
	 <province>Oregon</province> 
	 <country>US</country> 
	 </user> 
<date>1161594840</date> 
 <body>Of all time ..... Gone with the Wind    credit to my generation ..... The Breakfast Club    and current .... Shaun of the Dead</body> 
 </post> 
<post id= "MS_26752_14462296"> 
<user id ="MS_118179952"> 
	 <username>Ingela</username> 
	 <sex>F</sex> 
	 <age>45</age> 
	 <city>SE</city> 
	 <province></province> 
	 <country></country> 
	 </user> 
<date>1161641700</date> 
 <body>      Shit ! I forgot:  Casablanca  Rebecca  The deer hunter(s)</body> 
 </post> 
<post id= "MS_26752_14464318"> 
<user id ="MS_76855222"> 
	 <username>AnDy</username> 
	 <sex>M</sex> 
	 <age>24</age> 
	 <city>UK</city> 
	 <province></province> 
	 <country></country> 
	 </user> 
<date>1161649380</date> 
 <body>godfather without a doubt!!!    marlon brando is just a legend!!</body> 
 </post> 
<post id= "MS_26752_14464332"> 
<user id ="MS_21483678"> 
	 <username>Sean.</username> 
	 <sex>M</sex> 
	 <age>84</age> 
	 <city>Alaska</city> 
	 <province></province> 
	 <country>US</country> 
	 </user> 
<date>1161649440</date> 
 <body>pulp fiction.</body> 
 </post> 
<post id= "MS_26752_14481105"> 
<user id ="MS_35324103"> 
	 <username>New York</username> 
	 <sex>M</sex> 
	 <age>19</age> 
	 <city>Rochester NY, now Calgary</city> 
	 <province>Alberta</province> 
	 <country>CA</country> 
	 </user> 
<date>1161686940</date> 
 <body>Aliens</body> 
 </post> 
</posts>