<?xml version="1.0" encoding="UTF-8"?> 
 <posts> 
<post id= "MS_26752_14294670"> 
<user id ="MS_64443234"> 
	 <username>LoVe * SHINE [[K]]</username> 
	 <sex>F</sex> 
	 <age>19</age> 
	 <city>Kelowna</city> 
	 <province>British Columbia</province> 
	 <country>CA</country> 
	 </user> 
<date>1161297180</date> 
 <body>Rent.</body> 
 </post> 
<post id= "MS_26752_14297043"> 
<user id ="MS_69266021"> 
	 <username>steven.</username> 
	 <sex>M</sex> 
	 <age>37</age> 
	 <city>SAN FRANCISCO</city> 
	 <province>CALIFORNIA</province> 
	 <country>US</country> 
	 </user> 
<date>1161305760</date> 
 <body>The Life Aquatic with Steve Zizzou</body> 
 </post> 
<post id= "MS_26752_14297363"> 
<user id ="MS_113525456"> 
	 <username>Adam</username> 
	 <sex>M</sex> 
	 <age>21</age> 
	 <city>UK</city> 
	 <province></province> 
	 <country></country> 
	 </user> 
<date>1161307440</date> 
 <body>GOODFELLAS !!!!</body> 
 </post> 
<post id= "MS_26752_14298063"> 
<user id ="MS_70124079"> 
	 <username>Jimmy</username> 
	 <sex>M</sex> 
	 <age>25</age> 
	 <city>London</city> 
	 <province></province> 
	 <country>UK</country> 
	 </user> 
<date>1161310860</date> 
 <body>"Seven Samuari"    "Casablanca"    "On the waterfront"    "Requiem for a dream"    ok so thats 4 buts its soooooooooo hard....</body> 
 </post> 
<post id= "MS_26752_14299700"> 
<user id ="MS_81619938"> 
	 <username>FORCE</username> 
	 <sex>F</sex> 
	 <age>108</age> 
	 <city>Southwest</city> 
	 <province></province> 
	 <country>UK</country> 
	 </user> 
<date>1161318060</date> 
 <body>BLOW!</body> 
 </post> 
<post id= "MS_26752_14306636"> 
<user id ="MS_8375392"> 
	 <username>Lol</username> 
	 <sex>F</sex> 
	 <age>20</age> 
	 <city>birmingham/Leicester</city> 
	 <province></province> 
	 <country>UK</country> 
	 </user> 
<date>1161332460</date> 
 <body>Being John Malkovich</body> 
 </post> 
<post id= "MS_26752_14384249"> 
<user id ="MS_118179952"> 
	 <username>Ingela</username> 
	 <sex>F</sex> 
	 <age>45</age> 
	 <city>SE</city> 
	 <province></province> 
	 <country></country> 
	 </user> 
<date>1161495120</date> 
 <body>The kid (Chaplin)  Other really good are:  The Godfather  Cat people  The big blue  Cinema Paradiso  The time of the Gypsies  The constant gardener (because of great photography)  Walk the line</body> 
 </post> 
<post id= "MS_26752_14384538"> 
<user id ="MS_104826215"> 
	 <username>chris</username> 
	 <sex>M</sex> 
	 <age>31</age> 
	 <city>greenock</city> 
	 <province>Scotland</province> 
	 <country>UK</country> 
	 </user> 
<date>1161495840</date> 
 <body>big lebowski!!!</body> 
 </post> 
<post id= "MS_26752_14421311"> 
<user id ="MS_27184110"> 
	 <username>phinehas</username> 
	 <sex>M</sex> 
	 <age>21</age> 
	 <city>Santa Barbara</city> 
	 <province>California</province> 
	 <country>US</country> 
	 </user> 
<date>1161563280</date> 
 <body>how do you people just pull one out like that? its so hard to do....this year alone, I loved V for Vendetta, Little Miss Sunshine, Talladega Nights...I could never do a favorite movie EVER....</body> 
 </post> 
<post id= "MS_26752_14421801"> 
<user id ="MS_85356424"> 
	 <username>The One and Only... DJ Shawn Myth... Superstar</username> 
	 <sex>M</sex> 
	 <age>31</age> 
	 <city>Fort Myers</city> 
	 <province>Florida</province> 
	 <country>US</country> 
	 </user> 
<date>1161565800</date> 
 <body>David Lynch version of Dune</body> 
 </post> 
</posts>