<?xml version="1.0" encoding="UTF-8"?> 
 <posts> 
<post id= "MS_26752_14462296"> 
<user id ="MS_118179952"> 
	 <username>Ingela</username> 
	 <sex>F</sex> 
	 <age>45</age> 
	 <city>SE</city> 
	 <province></province> 
	 <country></country> 
	 </user> 
<date>1161641700</date> 
 <body>      Shit ! I forgot:  Casablanca  Rebecca  The deer hunter(s)</body> 
 </post> 
<post id= "MS_26752_14464318"> 
<user id ="MS_76855222"> 
	 <username>AnDy</username> 
	 <sex>M</sex> 
	 <age>24</age> 
	 <city>UK</city> 
	 <province></province> 
	 <country></country> 
	 </user> 
<date>1161649380</date> 
 <body>godfather without a doubt!!!    marlon brando is just a legend!!</body> 
 </post> 
<post id= "MS_26752_14464332"> 
<user id ="MS_21483678"> 
	 <username>Sean.</username> 
	 <sex>M</sex> 
	 <age>84</age> 
	 <city>Alaska</city> 
	 <province></province> 
	 <country>US</country> 
	 </user> 
<date>1161649440</date> 
 <body>pulp fiction.</body> 
 </post> 
<post id= "MS_26752_14481105"> 
<user id ="MS_35324103"> 
	 <username>New York</username> 
	 <sex>M</sex> 
	 <age>19</age> 
	 <city>Rochester NY, now Calgary</city> 
	 <province>Alberta</province> 
	 <country>CA</country> 
	 </user> 
<date>1161686940</date> 
 <body>Aliens</body> 
 </post> 
<post id= "MS_26752_14482425"> 
<user id ="MS_106972230"> 
	 <username>Back in Boston...</username> 
	 <sex>M</sex> 
	 <age>27</age> 
	 <city>BOSTON</city> 
	 <province>MASSACHUSETTS</province> 
	 <country>US</country> 
	 </user> 
<date>1161689280</date> 
 <body>Mine is fight club.    theyre voting for the best movie of all time here. www.BestEverMovie.com</body> 
 </post> 
<post id= "MS_26752_14482990"> 
<user id ="MS_34785810"> 
	 <username>Branson</username> 
	 <sex>M</sex> 
	 <age>32</age> 
	 <city>Farmington</city> 
	 <province>New Mexico</province> 
	 <country>US</country> 
	 </user> 
<date>1161690180</date> 
 <body>The Ninth Configuration    Written and directed by William Peter Blatty. It's the film that he call "the true sequel to The Exorcist".</body> 
 </post> 
<post id= "MS_26752_14483603"> 
<user id ="MS_106544703"> 
	 <username>Christopher</username> 
	 <sex>M</sex> 
	 <age>34</age> 
	 <city>BloodlusÃ¢â¬Â </city> 
	 <province>Georgia</province> 
	 <country>US</country> 
	 </user> 
<date>1161691080</date> 
 <body>THE DEVILS REJECTS  AND MAY</body> 
 </post> 
<post id= "MS_26752_14483604"> 
<user id ="MS_112056697"> 
	 <username>TJ Hooker</username> 
	 <sex>M</sex> 
	 <age>34</age> 
	 <city>Somewhere out there</city> 
	 <province>IOWA</province> 
	 <country>US</country> 
	 </user> 
<date>1161691080</date> 
 <body>**Morlocks**</body> 
 </post> 
<post id= "MS_26752_14483605"> 
<user id ="MS_112056697"> 
	 <username>TJ Hooker</username> 
	 <sex>M</sex> 
	 <age>34</age> 
	 <city>Somewhere out there</city> 
	 <province>IOWA</province> 
	 <country>US</country> 
	 </user> 
<date>1161691080</date> 
 <body>The Time Machine with Rod Taylor, damn them marlocks!</body> 
 </post> 
<post id= "MS_26752_14484332"> 
<user id ="MS_111988397"> 
	 <username>pickleboy</username> 
	 <sex>M</sex> 
	 <age>37</age> 
	 <city>UK</city> 
	 <province></province> 
	 <country></country> 
	 </user> 
<date>1161692040</date> 
 <body>SCARFACE OR GOODFELLAS</body> 
 </post> 
</posts>