<?xml version="1.0" encoding="UTF-8"?> 
 <posts> 
<post id= "MS_28977_15104004"> 
<user id ="MS_66066088"> 
	 <username>Our Jen!</username> 
	 <sex>F</sex> 
	 <age>24</age> 
	 <city>notts</city> 
	 <province></province> 
	 <country>UK</country> 
	 </user> 
<date>1162893660</date> 
 <body>The Princess Bride!!!    Speed!!!    Happy Gilmore!!!</body> 
 </post> 
<post id= "MS_28977_15104183"> 
<user id ="MS_114176804"> 
	 <username>Rebecca</username> 
	 <sex>F</sex> 
	 <age>19</age> 
	 <city>Gotham</city> 
	 <province>New York</province> 
	 <country>US</country> 
	 </user> 
<date>1162893900</date> 
 <body>Batman 1    Batman 2    Batman Beyond RotJ</body> 
 </post> 
<post id= "MS_28977_15104263"> 
<user id ="MS_13704675"> 
	 <username>danny</username> 
	 <sex>M</sex> 
	 <age>33</age> 
	 <city>Nottingham</city> 
	 <province></province> 
	 <country>UK</country> 
	 </user> 
<date>1162894020</date> 
 <body>the big lebowski    robocop    an american werewolf in London    but it changes daily....</body> 
 </post> 
<post id= "MS_28977_15104753"> 
<user id ="MS_63016095"> 
	 <username>Larry</username> 
	 <sex>M</sex> 
	 <age>32</age> 
	 <city>KANSAS CITY</city> 
	 <province>MISSOURI</province> 
	 <country>US</country> 
	 </user> 
<date>1162894740</date> 
 <body>Nashville  Oldboy  Goodfellas</body> 
 </post> 
<post id= "MS_28977_15105972"> 
<user id ="MS_39674322"> 
	 <username>Clay</username> 
	 <sex>M</sex> 
	 <age>21</age> 
	 <city>SALT LAKE CITY</city> 
	 <province>UTAH</province> 
	 <country>US</country> 
	 </user> 
<date>1162896360</date> 
 <body>wow, safe for the guy above me, most of you have terrible movie taste.    speed? batman 2? the rock? the lost boys?</body> 
 </post> 
<post id= "MS_28977_15107586"> 
<user id ="MS_20284651"> 
	 <username>Ron Awesome</username> 
	 <sex>M</sex> 
	 <age>21</age> 
	 <city>Godfrey</city> 
	 <province>Illinois</province> 
	 <country>US</country> 
	 </user> 
<date>1162898520</date> 
 <body>This thread made me lol.</body> 
 </post> 
<post id= "MS_28977_15107893"> 
<user id ="MS_114176804"> 
	 <username>Rebecca</username> 
	 <sex>F</sex> 
	 <age>19</age> 
	 <city>Gotham</city> 
	 <province>New York</province> 
	 <country>US</country> 
	 </user> 
<date>1162898940</date> 
 <body>    I suppose it depends on what you like. I, for one, am a Big batman fan. So I like the batman movies.</body> 
 </post> 
<post id= "MS_28977_15108157"> 
<user id ="MS_17313865"> 
	 <username>Jordan Smith</username> 
	 <sex>M</sex> 
	 <age>87</age> 
	 <city>Lincoln</city> 
	 <province>Northeast</province> 
	 <country>UK</country> 
	 </user> 
<date>1162899300</date> 
 <body>yea woteva clay wrote hes a faggit the rock is amazing sean connery nicholas cage AND ed harris in the same movie</body> 
 </post> 
<post id= "MS_28977_15108245"> 
<user id ="MS_84804957"> 
	 <username>M i k k e h. â¢</username> 
	 <sex>F</sex> 
	 <age>22</age> 
	 <city>UK</city> 
	 <province></province> 
	 <country></country> 
	 </user> 
<date>1162899420</date> 
 <body>- Braveheart - It has some comedy, romance, action and sorrow  - Meet Joe Black - It's sexy, and a bit of a tear jerker  - Armageddon - It makes me cry everytime I watch it</body> 
 </post> 
<post id= "MS_28977_15108920"> 
<user id ="MS_115181855"> 
	 <username>Erik</username> 
	 <sex>M</sex> 
	 <age>31</age> 
	 <city>North Shore</city> 
	 <province>Massachusetts</province> 
	 <country>US</country> 
	 </user> 
<date>1162900320</date> 
 <body>Field of Dreams  Goodfellas  Stand By Me</body> 
 </post> 
</posts>