<?xml version="1.0" encoding="UTF-8"?> 
 <posts> 
<post id= "MS_28977_15108157"> 
<user id ="MS_17313865"> 
	 <username>Jordan Smith</username> 
	 <sex>M</sex> 
	 <age>87</age> 
	 <city>Lincoln</city> 
	 <province>Northeast</province> 
	 <country>UK</country> 
	 </user> 
<date>1162899300</date> 
 <body>yea woteva clay wrote hes a faggit the rock is amazing sean connery nicholas cage AND ed harris in the same movie</body> 
 </post> 
<post id= "MS_28977_15108245"> 
<user id ="MS_84804957"> 
	 <username>M i k k e h. â¢</username> 
	 <sex>F</sex> 
	 <age>22</age> 
	 <city>UK</city> 
	 <province></province> 
	 <country></country> 
	 </user> 
<date>1162899420</date> 
 <body>- Braveheart - It has some comedy, romance, action and sorrow  - Meet Joe Black - It's sexy, and a bit of a tear jerker  - Armageddon - It makes me cry everytime I watch it</body> 
 </post> 
<post id= "MS_28977_15108920"> 
<user id ="MS_115181855"> 
	 <username>Erik</username> 
	 <sex>M</sex> 
	 <age>31</age> 
	 <city>North Shore</city> 
	 <province>Massachusetts</province> 
	 <country>US</country> 
	 </user> 
<date>1162900320</date> 
 <body>Field of Dreams  Goodfellas  Stand By Me</body> 
 </post> 
<post id= "MS_28977_15109794"> 
<user id ="MS_69663692"> 
	 <username>Nick</username> 
	 <sex>M</sex> 
	 <age>26</age> 
	 <city>Mesquite</city> 
	 <province>Texas</province> 
	 <country>US</country> 
	 </user> 
<date>1162901880</date> 
 <body>The Lord of the Rings  Forrest Gump  Bull Durham</body> 
 </post> 
<post id= "MS_28977_15110043"> 
<user id ="MS_63016095"> 
	 <username>Larry</username> 
	 <sex>M</sex> 
	 <age>32</age> 
	 <city>KANSAS CITY</city> 
	 <province>MISSOURI</province> 
	 <country>US</country> 
	 </user> 
<date>1162902240</date> 
 <body>    come on, Speeds a good movie.</body> 
 </post> 
<post id= "MS_28977_15110835"> 
<user id ="MS_75274012"> 
	 <username>CW</username> 
	 <sex>M</sex> 
	 <age>37</age> 
	 <city>Hoover</city> 
	 <province>Alabama</province> 
	 <country>US</country> 
	 </user> 
<date>1162903440</date> 
 <body>Three that I think are near perfect from start to finish....    ~ Sam Raimi's 'A Simple Plan'    ~ John Carpenter's 'Halloween'    ~ Billy Bob Thornton's 'Sling Blade'    ... I never get tired of watching those :)</body> 
 </post> 
<post id= "MS_28977_15111039"> 
<user id ="MS_56685696"> 
	 <username>ATM87</username> 
	 <sex>M</sex> 
	 <age>20</age> 
	 <city>San Bernardino</city> 
	 <province>California</province> 
	 <country>US</country> 
	 </user> 
<date>1162903740</date> 
 <body>1.Pulp Fiction  2.Point Break  3.Falling Down</body> 
 </post> 
<post id= "MS_28977_15294473"> 
<user id ="MS_660986"> 
	 <username>Sandy</username> 
	 <sex>M</sex> 
	 <age>42</age> 
	 <city>NYC</city> 
	 <province>NEW YORK</province> 
	 <country>US</country> 
	 </user> 
<date>1163191200</date> 
 <body>Citizen Kane    2001: A Space Odyssey    All Quiet On The Western Front (1931)</body> 
 </post> 
<post id= "MS_28977_15294596"> 
<user id ="MS_44220020"> 
	 <username>THE DJ FRANCHISE</username> 
	 <sex>M</sex> 
	 <age>31</age> 
	 <city>LONDON</city> 
	 <province>California</province> 
	 <country>UK</country> 
	 </user> 
<date>1163191440</date> 
 <body>Night of the comet    Once Bitten    Better off Dead</body> 
 </post> 
<post id= "MS_28977_15295049"> 
<user id ="MS_105545504"> 
	 <username>pRiNcEsS</username> 
	 <sex>F</sex> 
	 <age>24</age> 
	 <city>Anaheim</city> 
	 <province>California</province> 
	 <country>US</country> 
	 </user> 
<date>1163192220</date> 
 <body>Romeo and Juliet(1996)    Titanic(1997)    The Lord of the rings(trilogy)</body> 
 </post> 
</posts>