<?xml version="1.0" encoding="UTF-8"?> 
 <posts> 
<post id= "MS_28977_15382201"> 
<user id ="MS_38407095"> 
	 <username>Susie Turner</username> 
	 <sex>F</sex> 
	 <age>31</age> 
	 <city>New Lebanon</city> 
	 <province>Ohio</province> 
	 <country>US</country> 
	 </user> 
<date>1163401200</date> 
 <body>The Godfather II    Con Air    Dogma    and ....runner up is The Devil's Advocate</body> 
 </post> 
<post id= "MS_28977_15382843"> 
<user id ="MS_4958234"> 
	 <username>Nathan</username> 
	 <sex>M</sex> 
	 <age>40</age> 
	 <city>MURFREESBORO</city> 
	 <province>Tennessee</province> 
	 <country>US</country> 
	 </user> 
<date>1163402700</date> 
 <body>Cool Hand Luke  Bladerunner  Vertigo</body> 
 </post> 
<post id= "MS_28977_15383340"> 
<user id ="MS_109708941"> 
	 <username>Angel</username> 
	 <sex>F</sex> 
	 <age>20</age> 
	 <city>the coolest place ever</city> 
	 <province>Idaho</province> 
	 <country>US</country> 
	 </user> 
<date>1163403720</date> 
 <body>The Princess Bride    A Knight's Tale    My Big Fat Greek Wedding</body> 
 </post> 
<post id= "MS_28977_15390864"> 
<user id ="MS_89525874"> 
	 <username>Japan</username> 
	 <sex>F</sex> 
	 <age>108</age> 
	 <city>GRANTS PASS</city> 
	 <province>Oregon</province> 
	 <country>US</country> 
	 </user> 
<date>1163415720</date> 
 <body>RAN by Akira Kurosawa    The Godfather by Francis Ford Coppola    and Rocky by Sylvester Stallone.</body> 
 </post> 
<post id= "MS_28977_15394247"> 
<user id ="MS_115783018"> 
	 <username>Sweggan</username> 
	 <sex>M</sex> 
	 <age>18</age> 
	 <city>HÃÂ¶gsby (Highvillage)</city> 
	 <province>Kalmar lÃÂ¤n</province> 
	 <country>SE</country> 
	 </user> 
<date>1163420160</date> 
 <body>Walk The Line, The Majestic, Final Fantasy VII: Advent Children</body> 
 </post> 
<post id= "MS_28977_15396630"> 
<user id ="MS_93395680"> 
	 <username>ThE_bLuE_LoTuS</username> 
	 <sex>M</sex> 
	 <age>23</age> 
	 <city>Toronto</city> 
	 <province>Ontario</province> 
	 <country>CA</country> 
	 </user> 
<date>1163423040</date> 
 <body>American History X    Blood In Blood Out    Casino</body> 
 </post> 
<post id= "MS_28977_15396710"> 
<user id ="MS_21483678"> 
	 <username>Sean.</username> 
	 <sex>M</sex> 
	 <age>84</age> 
	 <city>Alaska</city> 
	 <province></province> 
	 <country>US</country> 
	 </user> 
<date>1163423160</date> 
 <body>PULP FICTION      GOODFELLAS      TRUE ROMANCE</body> 
 </post> 
<post id= "MS_28977_15396955"> 
<user id ="MS_103342454"> 
	 <username>Heidi</username> 
	 <sex>F</sex> 
	 <age>33</age> 
	 <city>Tampa</city> 
	 <province>Florida</province> 
	 <country>US</country> 
	 </user> 
<date>1163423520</date> 
 <body>Braveheart    Natural Born Killers    Good Will Hunting</body> 
 </post> 
<post id= "MS_28977_15397609"> 
<user id ="MS_99756475"> 
	 <username>Frank "Pharaoh" Feroxx</username> 
	 <sex>M</sex> 
	 <age>31</age> 
	 <city>DE</city> 
	 <province></province> 
	 <country></country> 
	 </user> 
<date>1163424480</date> 
 <body>SUSPIRIA    DEEP RED    CANNIBAL HOLOCAUST</body> 
 </post> 
<post id= "MS_28977_15398103"> 
<user id ="MS_115231714"> 
	 <username>sunchasers</username> 
	 <sex>F</sex> 
	 <age>108</age> 
	 <city>New York</city> 
	 <province></province> 
	 <country>US</country> 
	 </user> 
<date>1163425260</date> 
 <body>Close Encounters of the Third Kind  Jaws  Star Wars</body> 
 </post> 
</posts>