<?xml version="1.0" encoding="UTF-8"?> 
 <posts> 
<post id= "MS_28977_15295778"> 
<user id ="MS_44220020"> 
	 <username>THE DJ FRANCHISE</username> 
	 <sex>M</sex> 
	 <age>31</age> 
	 <city>LONDON</city> 
	 <province>California</province> 
	 <country>UK</country> 
	 </user> 
<date>1163193420</date> 
 <body>I've had a hard time getting his movies the last ten years but that'll never take away from the work I was so into with him. Oh god the paper job ....yeah six months my freshman year I think only it was walking and no bike and it sucked, ha. I just got a kick out of the movie. I mean trying to kill himself repeatedly and always failing and the foreign gal, omg I had such a thing for he, never saw her in any other movies sadly enough but she was a damn good co-star in that movie. Ricky also reminds me of some guy we used to slam around in school, not funny to think about now but it was then.</body> 
 </post> 
<post id= "MS_28977_15297388"> 
<user id ="MS_11849315"> 
	 <username>Edward</username> 
	 <sex>M</sex> 
	 <age>36</age> 
	 <city>New York</city> 
	 <province>NEW YORK</province> 
	 <country>US</country> 
	 </user> 
<date>1163196000</date> 
 <body>Breathless (French Version obviously)    A Clockwork Orange    (tie) Goodfellas and The 400 Blows</body> 
 </post> 
<post id= "MS_28977_15331634"> 
<user id ="MS_124199780"> 
	 <username>Danny B</username> 
	 <sex>M</sex> 
	 <age>37</age> 
	 <city>BLYTHEVILLE</city> 
	 <province>Arkansas</province> 
	 <country>US</country> 
	 </user> 
<date>1163276280</date> 
 <body>Lord of the Rings(Trilogy)  Star wars(1-6)  E.T</body> 
 </post> 
<post id= "MS_28977_15352332"> 
<user id ="MS_660986"> 
	 <username>Sandy</username> 
	 <sex>M</sex> 
	 <age>42</age> 
	 <city>NYC</city> 
	 <province>NEW YORK</province> 
	 <country>US</country> 
	 </user> 
<date>1163331960</date> 
 <body>    I love Kubrick</body> 
 </post> 
<post id= "MS_28977_15352466"> 
<user id ="MS_25079542"> 
	 <username>Why So Serious?</username> 
	 <sex>M</sex> 
	 <age>21</age> 
	 <city>Ft. Lauderdale</city> 
	 <province>Florida</province> 
	 <country>US</country> 
	 </user> 
<date>1163332200</date> 
 <body>OK....    1) The Godfather    2) The Squid and the Whale    3) Taxi Driver.... ( Much better than Scorcese's Goodfellas)</body> 
 </post> 
<post id= "MS_28977_15356916"> 
<user id ="MS_27154106"> 
	 <username>Ryan. bob. ... ... RYBOB!!!!</username> 
	 <sex>M</sex> 
	 <age>16</age> 
	 <city>the 7th circle</city> 
	 <province>California</province> 
	 <country>US</country> 
	 </user> 
<date>1163340900</date> 
 <body>saw, saw2, and saw3, yah i know its plain, but i think their kick ass movies!!</body> 
 </post> 
<post id= "MS_28977_15357224"> 
<user id ="MS_53918531"> 
	 <username>Tyler</username> 
	 <sex>M</sex> 
	 <age>21</age> 
	 <city>Ft. Smith</city> 
	 <province>Arkansas</province> 
	 <country>US</country> 
	 </user> 
<date>1163341500</date> 
 <body>Boondock Saints  2001: A Space Odyssey  Employ of the Month (not the new one, the one starring Matt Dillon and Steve Zahn)</body> 
 </post> 
<post id= "MS_28977_15358783"> 
<user id ="MS_84747622"> 
	 <username>Ben</username> 
	 <sex>M</sex> 
	 <age>22</age> 
	 <city>LIMA</city> 
	 <province>Ohio</province> 
	 <country>US</country> 
	 </user> 
<date>1163344620</date> 
 <body>1. Original King Kong  2. Man on Fire  3. Saving private ryan</body> 
 </post> 
<post id= "MS_28977_15362520"> 
<user id ="MS_32121934"> 
	 <username>amberrr</username> 
	 <sex>F</sex> 
	 <age>18</age> 
	 <city>Welland</city> 
	 <province></province> 
	 <country>CA</country> 
	 </user> 
<date>1163350920</date> 
 <body>School For Scoundrels    Accepted    How to Loose a Guy in 10 Days!</body> 
 </post> 
<post id= "MS_28977_15370178"> 
<user id ="MS_48328144"> 
	 <username>NWTs most wanted</username> 
	 <sex>M</sex> 
	 <age>22</age> 
	 <city>Hay Lake</city> 
	 <province>Northwest Territories</province> 
	 <country>CA</country> 
	 </user> 
<date>1163362140</date> 
 <body>Gladiator    Bullet    Pulp Fiction</body> 
 </post> 
</posts>