<?xml version="1.0" encoding="UTF-8"?> 
 <posts> 
<post id= "MS_28977_15331634"> 
<user id ="MS_124199780"> 
	 <username>Danny B</username> 
	 <sex>M</sex> 
	 <age>37</age> 
	 <city>BLYTHEVILLE</city> 
	 <province>Arkansas</province> 
	 <country>US</country> 
	 </user> 
<date>1163276280</date> 
 <body>Lord of the Rings(Trilogy)  Star wars(1-6)  E.T</body> 
 </post> 
<post id= "MS_28977_15352332"> 
<user id ="MS_660986"> 
	 <username>Sandy</username> 
	 <sex>M</sex> 
	 <age>42</age> 
	 <city>NYC</city> 
	 <province>NEW YORK</province> 
	 <country>US</country> 
	 </user> 
<date>1163331960</date> 
 <body>    I love Kubrick</body> 
 </post> 
<post id= "MS_28977_15352466"> 
<user id ="MS_25079542"> 
	 <username>Why So Serious?</username> 
	 <sex>M</sex> 
	 <age>21</age> 
	 <city>Ft. Lauderdale</city> 
	 <province>Florida</province> 
	 <country>US</country> 
	 </user> 
<date>1163332200</date> 
 <body>OK....    1) The Godfather    2) The Squid and the Whale    3) Taxi Driver.... ( Much better than Scorcese's Goodfellas)</body> 
 </post> 
<post id= "MS_28977_15356916"> 
<user id ="MS_27154106"> 
	 <username>Ryan. bob. ... ... RYBOB!!!!</username> 
	 <sex>M</sex> 
	 <age>16</age> 
	 <city>the 7th circle</city> 
	 <province>California</province> 
	 <country>US</country> 
	 </user> 
<date>1163340900</date> 
 <body>saw, saw2, and saw3, yah i know its plain, but i think their kick ass movies!!</body> 
 </post> 
<post id= "MS_28977_15357224"> 
<user id ="MS_53918531"> 
	 <username>Tyler</username> 
	 <sex>M</sex> 
	 <age>21</age> 
	 <city>Ft. Smith</city> 
	 <province>Arkansas</province> 
	 <country>US</country> 
	 </user> 
<date>1163341500</date> 
 <body>Boondock Saints  2001: A Space Odyssey  Employ of the Month (not the new one, the one starring Matt Dillon and Steve Zahn)</body> 
 </post> 
<post id= "MS_28977_15358783"> 
<user id ="MS_84747622"> 
	 <username>Ben</username> 
	 <sex>M</sex> 
	 <age>22</age> 
	 <city>LIMA</city> 
	 <province>Ohio</province> 
	 <country>US</country> 
	 </user> 
<date>1163344620</date> 
 <body>1. Original King Kong  2. Man on Fire  3. Saving private ryan</body> 
 </post> 
<post id= "MS_28977_15362520"> 
<user id ="MS_32121934"> 
	 <username>amberrr</username> 
	 <sex>F</sex> 
	 <age>18</age> 
	 <city>Welland</city> 
	 <province></province> 
	 <country>CA</country> 
	 </user> 
<date>1163350920</date> 
 <body>School For Scoundrels    Accepted    How to Loose a Guy in 10 Days!</body> 
 </post> 
<post id= "MS_28977_15370178"> 
<user id ="MS_48328144"> 
	 <username>NWTs most wanted</username> 
	 <sex>M</sex> 
	 <age>22</age> 
	 <city>Hay Lake</city> 
	 <province>Northwest Territories</province> 
	 <country>CA</country> 
	 </user> 
<date>1163362140</date> 
 <body>Gladiator    Bullet    Pulp Fiction</body> 
 </post> 
<post id= "MS_28977_15370746"> 
<user id ="MS_72336704"> 
	 <username>Timmy</username> 
	 <sex>M</sex> 
	 <age>27</age> 
	 <city>DAHLONEGA</city> 
	 <province>Georgia</province> 
	 <country>US</country> 
	 </user> 
<date>1163363040</date> 
 <body>yea in the same shitty movie</body> 
 </post> 
<post id= "MS_28977_15370861"> 
<user id ="MS_72336704"> 
	 <username>Timmy</username> 
	 <sex>M</sex> 
	 <age>27</age> 
	 <city>DAHLONEGA</city> 
	 <province>Georgia</province> 
	 <country>US</country> 
	 </user> 
<date>1163363220</date> 
 <body>pulp fiction  a clockwork orange  taxi driver</body> 
 </post> 
</posts>