<?xml version="1.0" encoding="UTF-8"?> 
 <posts> 
<post id= "MS_28977_15370746"> 
<user id ="MS_72336704"> 
	 <username>Timmy</username> 
	 <sex>M</sex> 
	 <age>27</age> 
	 <city>DAHLONEGA</city> 
	 <province>Georgia</province> 
	 <country>US</country> 
	 </user> 
<date>1163363040</date> 
 <body>yea in the same shitty movie</body> 
 </post> 
<post id= "MS_28977_15370861"> 
<user id ="MS_72336704"> 
	 <username>Timmy</username> 
	 <sex>M</sex> 
	 <age>27</age> 
	 <city>DAHLONEGA</city> 
	 <province>Georgia</province> 
	 <country>US</country> 
	 </user> 
<date>1163363220</date> 
 <body>pulp fiction  a clockwork orange  taxi driver</body> 
 </post> 
<post id= "MS_28977_15370982"> 
<user id ="MS_120228322"> 
	 <username>Nikita</username> 
	 <sex>M</sex> 
	 <age>19</age> 
	 <city>CHEYENNE</city> 
	 <province>Wyoming</province> 
	 <country>US</country> 
	 </user> 
<date>1163363460</date> 
 <body>Red Vs. Blue  Kingdom of heaven  FF7 Advent Children</body> 
 </post> 
<post id= "MS_28977_15373160"> 
<user id ="MS_17591644"> 
	 <username>Josh <3's Sara</username> 
	 <sex>M</sex> 
	 <age>20</age> 
	 <city>TEXAS</city> 
	 <province></province> 
	 <country>US</country> 
	 </user> 
<date>1163367840</date> 
 <body>Fight Club    Green Strret Hooligans    The Boondock Saints</body> 
 </post> 
<post id= "MS_28977_15373360"> 
<user id ="MS_53918531"> 
	 <username>Tyler</username> 
	 <sex>M</sex> 
	 <age>21</age> 
	 <city>Ft. Smith</city> 
	 <province>Arkansas</province> 
	 <country>US</country> 
	 </user> 
<date>1163368320</date> 
 <body>    Green Street Hooligans was really good. Surprised me a lot.</body> 
 </post> 
<post id= "MS_28977_15373693"> 
<user id ="MS_76946217"> 
	 <username>mitch aka prÃÂ¶to</username> 
	 <sex>M</sex> 
	 <age>17</age> 
	 <city>Yorba Linda</city> 
	 <province>California</province> 
	 <country>US</country> 
	 </user> 
<date>1163369100</date> 
 <body>1. monty python and the holy grail (funniest movie ever made)    2. lord of rings trilogy (im counting them as one movie)    3. the matrix (only the 1st one)</body> 
 </post> 
<post id= "MS_28977_15379829"> 
<user id ="MS_111052584"> 
	 <username>ambivalence</username> 
	 <sex>F</sex> 
	 <age>20</age> 
	 <city>nÃÂ¼rnberg</city> 
	 <province></province> 
	 <country>DE</country> 
	 </user> 
<date>1163394780</date> 
 <body>1. Memento  2. Stay  3. A Knight's Tale :]</body> 
 </post> 
<post id= "MS_28977_15381178"> 
<user id ="MS_98297664"> 
	 <username>JosÃÂ© Gerardo</username> 
	 <sex>M</sex> 
	 <age>22</age> 
	 <city>Aguascalientes</city> 
	 <province></province> 
	 <country>MX</country> 
	 </user> 
<date>1163398680</date> 
 <body>Kill Bill Vol.1  Kill Bill Vol.2  Pulp Fiction</body> 
 </post> 
<post id= "MS_28977_15382201"> 
<user id ="MS_38407095"> 
	 <username>Susie Turner</username> 
	 <sex>F</sex> 
	 <age>31</age> 
	 <city>New Lebanon</city> 
	 <province>Ohio</province> 
	 <country>US</country> 
	 </user> 
<date>1163401200</date> 
 <body>The Godfather II    Con Air    Dogma    and ....runner up is The Devil's Advocate</body> 
 </post> 
<post id= "MS_28977_15382843"> 
<user id ="MS_4958234"> 
	 <username>Nathan</username> 
	 <sex>M</sex> 
	 <age>40</age> 
	 <city>MURFREESBORO</city> 
	 <province>Tennessee</province> 
	 <country>US</country> 
	 </user> 
<date>1163402700</date> 
 <body>Cool Hand Luke  Bladerunner  Vertigo</body> 
 </post> 
</posts>