<?xml version="1.0" encoding="UTF-8"?> 
 <posts> 
<post id= "MS_11955_39811879"> 
<user id ="MS_128677701"> 
	 <username>Keith</username> 
	 <sex>M</sex> 
	 <age>46</age> 
	 <city>VIRGINIA BEACH</city> 
	 <province>Virginia</province> 
	 <country>US</country> 
	 </user> 
<date>1205581860</date> 
 <body>Bill Gates does not support the american people, only his wallet</body> 
 </post> 
<post id= "MS_11955_39811940"> 
<user id ="MS_119052551"> 
	 <username>Carly</username> 
	 <sex>M</sex> 
	 <age>22</age> 
	 <city>LAKE WORTH</city> 
	 <province>Florida</province> 
	 <country>US</country> 
	 </user> 
<date>1205581920</date> 
 <body>Someone please bring up Lou Dobbs....I can see it coming....</body> 
 </post> 
<post id= "MS_11955_39811986"> 
<user id ="MS_175576456"> 
	 <username>[Queen] Laila.Ã¢âÂ¢</username> 
	 <sex>F</sex> 
	 <age>17</age> 
	 <city>Great city of</city> 
	 <province>London and South East</province> 
	 <country>UK</country> 
	 </user> 
<date>1205581980</date> 
 <body>  Same problem occuring over this side of the pond. 'cept we keep the ones that graduate.</body> 
 </post> 
<post id= "MS_11955_39812183"> 
<user id ="MS_175576456"> 
	 <username>[Queen] Laila.Ã¢âÂ¢</username> 
	 <sex>F</sex> 
	 <age>17</age> 
	 <city>Great city of</city> 
	 <province>London and South East</province> 
	 <country>UK</country> 
	 </user> 
<date>1205582220</date> 
 <body>  Ours hasn't progressed that badly. Secondary and College is free, University can be done via a special loan from Gov. So theres no money restricting someone if they want to go Uni. We open our colleges to Europeans and immigrants who are hard working tbh, but then you hear the small amount of British complaining how immigrants are "stealing jobs" (when immigrants do it better)</body> 
 </post> 
<post id= "MS_11955_39812248"> 
<user id ="MS_184908051"> 
	 <username>pxichick69</username> 
	 <sex>F</sex> 
	 <age>50</age> 
	 <city>US</city> 
	 <province></province> 
	 <country></country> 
	 </user> 
<date>1205582340</date> 
 <body>In spite of what gates has to say Co. can pay HB-1 employees less than they would pay an American grad I know several that weren't able to get work so went into other fields now CEOs want to complain maybe they should hire cits first instead of paying att. to tell them how not to.</body> 
 </post> 
<post id= "MS_11955_39815034"> 
<user id ="MS_119052551"> 
	 <username>Carly</username> 
	 <sex>M</sex> 
	 <age>22</age> 
	 <city>LAKE WORTH</city> 
	 <province>Florida</province> 
	 <country>US</country> 
	 </user> 
<date>1205586240</date> 
 <body>  I'm glad you brought it up because I was shocked that when I came kids in this country thought I was a genius for being able to have highest grades in math... In my country, I was simply an average student in math...</body> 
 </post> 
<post id= "MS_11955_39815143"> 
<user id ="MS_119052551"> 
	 <username>Carly</username> 
	 <sex>M</sex> 
	 <age>22</age> 
	 <city>LAKE WORTH</city> 
	 <province>Florida</province> 
	 <country>US</country> 
	 </user> 
<date>1205586420</date> 
 <body>  He was advocating that the government allows those foreign students who graduate from our universities be allowed to work...</body> 
 </post> 
<post id= "MS_11955_39815528"> 
<user id ="MS_238935762"> 
	 <username>The Ogre.</username> 
	 <sex>F</sex> 
	 <age>68</age> 
	 <city>GREEN BAY</city> 
	 <province>Wisconsin</province> 
	 <country>US</country> 
	 </user> 
<date>1205587020</date> 
 <body>  So that means there are no americans that study and graduate with that degree? Funny, because I know quite a few.</body> 
 </post> 
<post id= "MS_11955_39815581"> 
<user id ="MS_238935762"> 
	 <username>The Ogre.</username> 
	 <sex>F</sex> 
	 <age>68</age> 
	 <city>GREEN BAY</city> 
	 <province>Wisconsin</province> 
	 <country>US</country> 
	 </user> 
<date>1205587080</date> 
 <body>  So, let's fix that instead of giving our good paying jobs to people that are not citizens.</body> 
 </post> 
<post id= "MS_11955_39815640"> 
<user id ="MS_238935762"> 
	 <username>The Ogre.</username> 
	 <sex>F</sex> 
	 <age>68</age> 
	 <city>GREEN BAY</city> 
	 <province>Wisconsin</province> 
	 <country>US</country> 
	 </user> 
<date>1205587140</date> 
 <body>  Bingo!</body> 
 </post> 
</posts>