<?xml version="1.0" encoding="UTF-8"?> 
 <posts> 
<post id= "MS_10193_40471173"> 
<user id ="MS_296912025"> 
	 <username>Mark || Lt. Gaskammer ||</username> 
	 <sex>M</sex> 
	 <age>20</age> 
	 <city>EAST MILLSBORO</city> 
	 <province>Pennsylvania</province> 
	 <country>US</country> 
	 </user> 
<date>1206623760</date> 
 <body>Oh look, another "I support Hillary and if Obama gets the nomination, I'm voting for McCain out of spite because I'm a sore loser." thread. Wonderful.</body> 
 </post> 
<post id= "MS_10193_40473172"> 
<user id ="MS_45588774"> 
	 <username>suga dawg</username> 
	 <sex>M</sex> 
	 <age>36</age> 
	 <city>COLORADO</city> 
	 <province></province> 
	 <country>US</country> 
	 </user> 
<date>1206625980</date> 
 <body>Hillary would suck the blood out of an unborn fetus to get the nomination.</body> 
 </post> 
<post id= "MS_10193_40473325"> 
<user id ="MS_164473103"> 
	 <username>Ð¨Ð°Ð³Ð¾ÑÐ¾Ð´!</username> 
	 <sex>M</sex> 
	 <age>22</age> 
	 <city>Liberty City</city> 
	 <province>New York</province> 
	 <country>US</country> 
	 </user> 
<date>1206626160</date> 
 <body>  That's true with almost all politicians.</body> 
 </post> 
<post id= "MS_10193_40473423"> 
<user id ="MS_251259157"> 
	 <username>Julification</username> 
	 <sex>F</sex> 
	 <age>28</age> 
	 <city>US</city> 
	 <province></province> 
	 <country></country> 
	 </user> 
<date>1206626280</date> 
 <body>   ewwww and pretty much.</body> 
 </post> 
<post id= "MS_10193_40473579"> 
<user id ="MS_45588774"> 
	 <username>suga dawg</username> 
	 <sex>M</sex> 
	 <age>36</age> 
	 <city>COLORADO</city> 
	 <province></province> 
	 <country>US</country> 
	 </user> 
<date>1206626460</date> 
 <body> Not really...here's the 3 candidates for you...  Hillary wants to be President because she thinks it's her divine right. McCain wants to be President to keep our nation at perpetual war. Obama wants to be President because-no matter how naive it may seem-he actually thinks he can make a difference.  This is the first time since I've been able to vote that I've thought about sitting one out.</body> 
 </post> 
<post id= "MS_10193_40473599"> 
<user id ="MS_13906991"> 
	 <username>Tim</username> 
	 <sex>M</sex> 
	 <age>21</age> 
	 <city>FAIRFIELD</city> 
	 <province>California</province> 
	 <country>US</country> 
	 </user> 
<date>1206626460</date> 
 <body>McCain still has an uphill battle regardless of who wins the Democratic nomination.</body> 
 </post> 
<post id= "MS_10193_40474510"> 
<user id ="MS_251259157"> 
	 <username>Julification</username> 
	 <sex>F</sex> 
	 <age>28</age> 
	 <city>US</city> 
	 <province></province> 
	 <country></country> 
	 </user> 
<date>1206627600</date> 
 <body>   It depends on your perspective I think. If you are a conservative, yea, most definetly. If you are an independent....not so much. I personally don't think Obama is electable. Hillary will steal it if she has to.</body> 
 </post> 
<post id= "MS_10193_40474534"> 
<user id ="MS_251259157"> 
	 <username>Julification</username> 
	 <sex>F</sex> 
	 <age>28</age> 
	 <city>US</city> 
	 <province></province> 
	 <country></country> 
	 </user> 
<date>1206627660</date> 
 <body>   and we all know how accurate the polls are.</body> 
 </post> 
<post id= "MS_10193_40475159"> 
<user id ="MS_346883887"> 
	 <username>Bill (L-NY)</username> 
	 <sex>M</sex> 
	 <age>23</age> 
	 <city>Newburgh</city> 
	 <province>New York</province> 
	 <country>US</country> 
	 </user> 
<date>1206628440</date> 
 <body>   Eh he will beat Hillary in a landslide but with Obama the election can be very close.</body> 
 </post> 
<post id= "MS_10193_40475218"> 
<user id ="MS_58567723"> 
	 <username>Charlie Bravo</username> 
	 <sex>M</sex> 
	 <age>36</age> 
	 <city>AUSTIN</city> 
	 <province>TEXAS</province> 
	 <country>US</country> 
	 </user> 
<date>1206628560</date> 
 <body>  QFT.  S'up, civilian. Good to see you're still kickin.</body> 
 </post> 
</posts>