<?xml version="1.0" encoding="UTF-8"?> 
 <posts> 
<post id= "MS_10193_40475159"> 
<user id ="MS_346883887"> 
	 <username>Bill (L-NY)</username> 
	 <sex>M</sex> 
	 <age>23</age> 
	 <city>Newburgh</city> 
	 <province>New York</province> 
	 <country>US</country> 
	 </user> 
<date>1206628440</date> 
 <body>   Eh he will beat Hillary in a landslide but with Obama the election can be very close.</body> 
 </post> 
<post id= "MS_10193_40475218"> 
<user id ="MS_58567723"> 
	 <username>Charlie Bravo</username> 
	 <sex>M</sex> 
	 <age>36</age> 
	 <city>AUSTIN</city> 
	 <province>TEXAS</province> 
	 <country>US</country> 
	 </user> 
<date>1206628560</date> 
 <body>  QFT.  S'up, civilian. Good to see you're still kickin.</body> 
 </post> 
<post id= "MS_10193_40475466"> 
<user id ="MS_251259157"> 
	 <username>Julification</username> 
	 <sex>F</sex> 
	 <age>28</age> 
	 <city>US</city> 
	 <province></province> 
	 <country></country> 
	 </user> 
<date>1206628860</date> 
 <body>   Gawd, we're fucked.  :(</body> 
 </post> 
<post id= "MS_10193_40475583"> 
<user id ="MS_46299355"> 
	 <username>Justin</username> 
	 <sex>M</sex> 
	 <age>21</age> 
	 <city>Everywhere you wanna be</city> 
	 <province>Nevada</province> 
	 <country>US</country> 
	 </user> 
<date>1206629040</date> 
 <body>   Now you know why I don't vote. It's like this every 4 years. You could always waste your vote on Nader or Paul though.</body> 
 </post> 
<post id= "MS_10193_40475589"> 
<user id ="MS_144684557"> 
	 <username>Mikey</username> 
	 <sex>M</sex> 
	 <age>27</age> 
	 <city>Columbia</city> 
	 <province>Missouri</province> 
	 <country>US</country> 
	 </user> 
<date>1206629040</date> 
 <body>   ROTFLMAO! Obama is a power hungry politician who has never had a real job other than running for office to get more power.  Get real.</body> 
 </post> 
<post id= "MS_10193_40475658"> 
<user id ="MS_346883887"> 
	 <username>Bill (L-NY)</username> 
	 <sex>M</sex> 
	 <age>23</age> 
	 <city>Newburgh</city> 
	 <province>New York</province> 
	 <country>US</country> 
	 </user> 
<date>1206629160</date> 
 <body>   and Clinton isnt? What the fuck are you smoking?</body> 
 </post> 
<post id= "MS_10193_40475671"> 
<user id ="MS_251259157"> 
	 <username>Julification</username> 
	 <sex>F</sex> 
	 <age>28</age> 
	 <city>US</city> 
	 <province></province> 
	 <country></country> 
	 </user> 
<date>1206629160</date> 
 <body>   I vote and I will vote until the power is returned back to the states where it belongs.</body> 
 </post> 
<post id= "MS_10193_40475699"> 
<user id ="MS_251259157"> 
	 <username>Julification</username> 
	 <sex>F</sex> 
	 <age>28</age> 
	 <city>US</city> 
	 <province></province> 
	 <country></country> 
	 </user> 
<date>1206629220</date> 
 <body>This election never should have been this important. NEVER!!  10th Amendment anyone?</body> 
 </post> 
<post id= "MS_10193_40475746"> 
<user id ="MS_46299355"> 
	 <username>Justin</username> 
	 <sex>M</sex> 
	 <age>21</age> 
	 <city>Everywhere you wanna be</city> 
	 <province>Nevada</province> 
	 <country>US</country> 
	 </user> 
<date>1206629280</date> 
 <body>   If you vote locally alot more would get done. Voting nationally doesn't make any sense.</body> 
 </post> 
<post id= "MS_10193_40475912"> 
<user id ="MS_235821724"> 
	 <username>christopher</username> 
	 <sex>M</sex> 
	 <age>26</age> 
	 <city>US</city> 
	 <province></province> 
	 <country></country> 
	 </user> 
<date>1206629460</date> 
 <body>Re. Only in a dream.</body> 
 </post> 
</posts>