<?xml version="1.0" encoding="UTF-8"?> 
 <posts> 
<post id= "MS_10193_40475589"> 
<user id ="MS_144684557"> 
	 <username>Mikey</username> 
	 <sex>M</sex> 
	 <age>27</age> 
	 <city>Columbia</city> 
	 <province>Missouri</province> 
	 <country>US</country> 
	 </user> 
<date>1206629040</date> 
 <body>   ROTFLMAO! Obama is a power hungry politician who has never had a real job other than running for office to get more power.  Get real.</body> 
 </post> 
<post id= "MS_10193_40475658"> 
<user id ="MS_346883887"> 
	 <username>Bill (L-NY)</username> 
	 <sex>M</sex> 
	 <age>23</age> 
	 <city>Newburgh</city> 
	 <province>New York</province> 
	 <country>US</country> 
	 </user> 
<date>1206629160</date> 
 <body>   and Clinton isnt? What the fuck are you smoking?</body> 
 </post> 
<post id= "MS_10193_40475671"> 
<user id ="MS_251259157"> 
	 <username>Julification</username> 
	 <sex>F</sex> 
	 <age>28</age> 
	 <city>US</city> 
	 <province></province> 
	 <country></country> 
	 </user> 
<date>1206629160</date> 
 <body>   I vote and I will vote until the power is returned back to the states where it belongs.</body> 
 </post> 
<post id= "MS_10193_40475699"> 
<user id ="MS_251259157"> 
	 <username>Julification</username> 
	 <sex>F</sex> 
	 <age>28</age> 
	 <city>US</city> 
	 <province></province> 
	 <country></country> 
	 </user> 
<date>1206629220</date> 
 <body>This election never should have been this important. NEVER!!  10th Amendment anyone?</body> 
 </post> 
<post id= "MS_10193_40475746"> 
<user id ="MS_46299355"> 
	 <username>Justin</username> 
	 <sex>M</sex> 
	 <age>21</age> 
	 <city>Everywhere you wanna be</city> 
	 <province>Nevada</province> 
	 <country>US</country> 
	 </user> 
<date>1206629280</date> 
 <body>   If you vote locally alot more would get done. Voting nationally doesn't make any sense.</body> 
 </post> 
<post id= "MS_10193_40475912"> 
<user id ="MS_235821724"> 
	 <username>christopher</username> 
	 <sex>M</sex> 
	 <age>26</age> 
	 <city>US</city> 
	 <province></province> 
	 <country></country> 
	 </user> 
<date>1206629460</date> 
 <body>Re. Only in a dream.</body> 
 </post> 
<post id= "MS_10193_40475925"> 
<user id ="MS_46299355"> 
	 <username>Justin</username> 
	 <sex>M</sex> 
	 <age>21</age> 
	 <city>Everywhere you wanna be</city> 
	 <province>Nevada</province> 
	 <country>US</country> 
	 </user> 
<date>1206629460</date> 
 <body>   How about power to the people?</body> 
 </post> 
<post id= "MS_10193_40475926"> 
<user id ="MS_251259157"> 
	 <username>Julification</username> 
	 <sex>F</sex> 
	 <age>28</age> 
	 <city>US</city> 
	 <province></province> 
	 <country></country> 
	 </user> 
<date>1206629460</date> 
 <body>   first of all we really don't have any constitutional "right" to vote for who is president in this country. the problem is that states (willingly) have lost their control and power over to the feds.</body> 
 </post> 
<post id= "MS_10193_40475987"> 
<user id ="MS_251259157"> 
	 <username>Julification</username> 
	 <sex>F</sex> 
	 <age>28</age> 
	 <city>US</city> 
	 <province></province> 
	 <country></country> 
	 </user> 
<date>1206629580</date> 
 <body>   that's what the 10th amendment is.  if you are inferring a true democracy, then you are a fool to think that is an effective form of "mob rule" government.</body> 
 </post> 
<post id= "MS_10193_40476083"> 
<user id ="MS_46299355"> 
	 <username>Justin</username> 
	 <sex>M</sex> 
	 <age>21</age> 
	 <city>Everywhere you wanna be</city> 
	 <province>Nevada</province> 
	 <country>US</country> 
	 </user> 
<date>1206629700</date> 
 <body>    I want a direct democracy. Community makes the decisions and there is no authority. Sounds like a good plan to me. It is the only form of government that I can support as the people would actually get what they want.</body> 
 </post> 
</posts>