<?xml version="1.0" encoding="UTF-8"?> 
 <posts> 
<post id= "MS_10193_40473423"> 
<user id ="MS_251259157"> 
	 <username>Julification</username> 
	 <sex>F</sex> 
	 <age>28</age> 
	 <city>US</city> 
	 <province></province> 
	 <country></country> 
	 </user> 
<date>1206626280</date> 
 <body>   ewwww and pretty much.</body> 
 </post> 
<post id= "MS_10193_40473579"> 
<user id ="MS_45588774"> 
	 <username>suga dawg</username> 
	 <sex>M</sex> 
	 <age>36</age> 
	 <city>COLORADO</city> 
	 <province></province> 
	 <country>US</country> 
	 </user> 
<date>1206626460</date> 
 <body> Not really...here's the 3 candidates for you...  Hillary wants to be President because she thinks it's her divine right. McCain wants to be President to keep our nation at perpetual war. Obama wants to be President because-no matter how naive it may seem-he actually thinks he can make a difference.  This is the first time since I've been able to vote that I've thought about sitting one out.</body> 
 </post> 
<post id= "MS_10193_40473599"> 
<user id ="MS_13906991"> 
	 <username>Tim</username> 
	 <sex>M</sex> 
	 <age>21</age> 
	 <city>FAIRFIELD</city> 
	 <province>California</province> 
	 <country>US</country> 
	 </user> 
<date>1206626460</date> 
 <body>McCain still has an uphill battle regardless of who wins the Democratic nomination.</body> 
 </post> 
<post id= "MS_10193_40474510"> 
<user id ="MS_251259157"> 
	 <username>Julification</username> 
	 <sex>F</sex> 
	 <age>28</age> 
	 <city>US</city> 
	 <province></province> 
	 <country></country> 
	 </user> 
<date>1206627600</date> 
 <body>   It depends on your perspective I think. If you are a conservative, yea, most definetly. If you are an independent....not so much. I personally don't think Obama is electable. Hillary will steal it if she has to.</body> 
 </post> 
<post id= "MS_10193_40474534"> 
<user id ="MS_251259157"> 
	 <username>Julification</username> 
	 <sex>F</sex> 
	 <age>28</age> 
	 <city>US</city> 
	 <province></province> 
	 <country></country> 
	 </user> 
<date>1206627660</date> 
 <body>   and we all know how accurate the polls are.</body> 
 </post> 
<post id= "MS_10193_40475159"> 
<user id ="MS_346883887"> 
	 <username>Bill (L-NY)</username> 
	 <sex>M</sex> 
	 <age>23</age> 
	 <city>Newburgh</city> 
	 <province>New York</province> 
	 <country>US</country> 
	 </user> 
<date>1206628440</date> 
 <body>   Eh he will beat Hillary in a landslide but with Obama the election can be very close.</body> 
 </post> 
<post id= "MS_10193_40475218"> 
<user id ="MS_58567723"> 
	 <username>Charlie Bravo</username> 
	 <sex>M</sex> 
	 <age>36</age> 
	 <city>AUSTIN</city> 
	 <province>TEXAS</province> 
	 <country>US</country> 
	 </user> 
<date>1206628560</date> 
 <body>  QFT.  S'up, civilian. Good to see you're still kickin.</body> 
 </post> 
<post id= "MS_10193_40475466"> 
<user id ="MS_251259157"> 
	 <username>Julification</username> 
	 <sex>F</sex> 
	 <age>28</age> 
	 <city>US</city> 
	 <province></province> 
	 <country></country> 
	 </user> 
<date>1206628860</date> 
 <body>   Gawd, we're fucked.  :(</body> 
 </post> 
<post id= "MS_10193_40475583"> 
<user id ="MS_46299355"> 
	 <username>Justin</username> 
	 <sex>M</sex> 
	 <age>21</age> 
	 <city>Everywhere you wanna be</city> 
	 <province>Nevada</province> 
	 <country>US</country> 
	 </user> 
<date>1206629040</date> 
 <body>   Now you know why I don't vote. It's like this every 4 years. You could always waste your vote on Nader or Paul though.</body> 
 </post> 
<post id= "MS_10193_40475589"> 
<user id ="MS_144684557"> 
	 <username>Mikey</username> 
	 <sex>M</sex> 
	 <age>27</age> 
	 <city>Columbia</city> 
	 <province>Missouri</province> 
	 <country>US</country> 
	 </user> 
<date>1206629040</date> 
 <body>   ROTFLMAO! Obama is a power hungry politician who has never had a real job other than running for office to get more power.  Get real.</body> 
 </post> 
</posts>