<?xml version="1.0" encoding="UTF-8"?> 
 <posts> 
<post id= "MS_30547_20463"> 
<user id ="MS_642344"> 
	 <username>T</username> 
	 <sex>M</sex> 
	 <age>33</age> 
	 <city>MICHIGAN</city> 
	 <province></province> 
	 <country>US</country> 
	 </user> 
<date>1084177500</date> 
 <body>durian</body> 
 </post> 
<post id= "MS_30547_20480"> 
<user id ="MS_1053934"> 
	 <username>rlet</username> 
	 <sex>F</sex> 
	 <age>26</age> 
	 <city>Makati City</city> 
	 <province>Philippines</province> 
	 <country>PH</country> 
	 </user> 
<date>1084178280</date> 
 <body>Guyabano</body> 
 </post> 
<post id= "MS_30547_20482"> 
<user id ="MS_1053934"> 
	 <username>rlet</username> 
	 <sex>F</sex> 
	 <age>26</age> 
	 <city>Makati City</city> 
	 <province>Philippines</province> 
	 <country>PH</country> 
	 </user> 
<date>1084178400</date> 
 <body>I hate Durian, smells like hell!!!I really love Banana and Guyabano</body> 
 </post> 
<post id= "MS_30547_20613"> 
<user id ="MS_1761187"> 
	 <username>CHOPS</username> 
	 <sex>F</sex> 
	 <age>23</age> 
	 <city>SAN JOSE</city> 
	 <province>CALIFORNIA</province> 
	 <country>US</country> 
	 </user> 
<date>1084185420</date> 
 <body>MANGOS!!!!</body> 
 </post> 
<post id= "MS_30547_21580"> 
<user id ="MS_747981"> 
	 <username>reshmee</username> 
	 <sex>F</sex> 
	 <age>29</age> 
	 <city>Houston</city> 
	 <province>Texas</province> 
	 <country>US</country> 
	 </user> 
<date>1084280400</date> 
 <body>peaches, strawberries, mangoes!!</body> 
 </post> 
<post id= "MS_30547_21799"> 
<user id ="MS_189803"> 
	 <username>Fast Eddie Felson</username> 
	 <sex>M</sex> 
	 <age>23</age> 
	 <city>Wakefield/Manchester</city> 
	 <province></province> 
	 <country>UK</country> 
	 </user> 
<date>1084297020</date> 
 <body>green seedless grapes</body> 
 </post> 
<post id= "MS_30547_21801"> 
<user id ="MS_1052953"> 
	 <username>lil' stitious Ã£Æâ</username> 
	 <sex>F</sex> 
	 <age>23</age> 
	 <city>six.two.six</city> 
	 <province>California</province> 
	 <country>US</country> 
	 </user> 
<date>1084297320</date> 
 <body>pineapple, but i also love oranges, oh, and strawberries, but pineapple is my fav</body> 
 </post> 
<post id= "MS_30547_22615"> 
<user id ="MS_822686"> 
	 <username>Peppermint</username> 
	 <sex>F</sex> 
	 <age>100</age> 
	 <city>AQ</city> 
	 <province></province> 
	 <country></country> 
	 </user> 
<date>1084379700</date> 
 <body>Mango..it's great "sex food" :)</body> 
 </post> 
<post id= "MS_30547_22705"> 
<user id ="MS_1486479"> 
	 <username>DIRTY SLICK</username> 
	 <sex>M</sex> 
	 <age>31</age> 
	 <city>NO</city> 
	 <province></province> 
	 <country></country> 
	 </user> 
<date>1084387980</date> 
 <body>gotta be banana...need to get my potassium</body> 
 </post> 
<post id= "MS_30547_22762"> 
<user id ="MS_1042635"> 
	 <username>anne</username> 
	 <sex>F</sex> 
	 <age>23</age> 
	 <city>cavite</city> 
	 <province>luzon</province> 
	 <country>PH</country> 
	 </user> 
<date>1084390620</date> 
 <body>ripe mangoes and strawberries...</body> 
 </post> 
</posts>