<?xml version="1.0" encoding="UTF-8"?> 
 <posts> 
<post id= "MS_30547_16665"> 
<user id ="MS_1415429"> 
	 <username>~john</username> 
	 <sex>M</sex> 
	 <age>30</age> 
	 <city>Huntsville</city> 
	 <province>Alabama</province> 
	 <country>US</country> 
	 </user> 
<date>1083759540</date> 
 <body>I figured a fruit like yourself would prefer to multi-task with his produce... you know - I betcha' can think of more ways than one to make use of those large bulbous bananas... but maybe those strawberries can be stringed together for more of your liking.</body> 
 </post> 
<post id= "MS_30547_16710"> 
<user id ="MS_165077"> 
	 <username>Axo</username> 
	 <sex>M</sex> 
	 <age>36</age> 
	 <city>la canada</city> 
	 <province>CALIFORNIA</province> 
	 <country>US</country> 
	 </user> 
<date>1083763320</date> 
 <body>sticks and stones, John.    I do like a woman with firm, ripe melons.</body> 
 </post> 
<post id= "MS_30547_19739"> 
<user id ="MS_1833049"> 
	 <username>There Is No Dana</username> 
	 <sex>F</sex> 
	 <age>22</age> 
	 <city>South Surrey</city> 
	 <province>British Columbia</province> 
	 <country>CA</country> 
	 </user> 
<date>1084093380</date> 
 <body>ICE CREAM!!!!!  not a fruit.... grapes...or sammiches</body> 
 </post> 
<post id= "MS_30547_19818"> 
<user id ="MS_360866"> 
	 <username>MY MAN'S PASSENGER</username> 
	 <sex>F</sex> 
	 <age>42</age> 
	 <city>the music</city> 
	 <province>California</province> 
	 <country>US</country> 
	 </user> 
<date>1084102200</date> 
 <body>cherry usualy.....sometimes lychees</body> 
 </post> 
<post id= "MS_30547_20364"> 
<user id ="MS_1686103"> 
	 <username>Pamela</username> 
	 <sex>F</sex> 
	 <age>30</age> 
	 <city>PH</city> 
	 <province></province> 
	 <country></country> 
	 </user> 
<date>1084158900</date> 
 <body>sineguelas</body> 
 </post> 
<post id= "MS_30547_20463"> 
<user id ="MS_642344"> 
	 <username>T</username> 
	 <sex>M</sex> 
	 <age>33</age> 
	 <city>MICHIGAN</city> 
	 <province></province> 
	 <country>US</country> 
	 </user> 
<date>1084177500</date> 
 <body>durian</body> 
 </post> 
<post id= "MS_30547_20480"> 
<user id ="MS_1053934"> 
	 <username>rlet</username> 
	 <sex>F</sex> 
	 <age>26</age> 
	 <city>Makati City</city> 
	 <province>Philippines</province> 
	 <country>PH</country> 
	 </user> 
<date>1084178280</date> 
 <body>Guyabano</body> 
 </post> 
<post id= "MS_30547_20482"> 
<user id ="MS_1053934"> 
	 <username>rlet</username> 
	 <sex>F</sex> 
	 <age>26</age> 
	 <city>Makati City</city> 
	 <province>Philippines</province> 
	 <country>PH</country> 
	 </user> 
<date>1084178400</date> 
 <body>I hate Durian, smells like hell!!!I really love Banana and Guyabano</body> 
 </post> 
<post id= "MS_30547_20613"> 
<user id ="MS_1761187"> 
	 <username>CHOPS</username> 
	 <sex>F</sex> 
	 <age>23</age> 
	 <city>SAN JOSE</city> 
	 <province>CALIFORNIA</province> 
	 <country>US</country> 
	 </user> 
<date>1084185420</date> 
 <body>MANGOS!!!!</body> 
 </post> 
<post id= "MS_30547_21580"> 
<user id ="MS_747981"> 
	 <username>reshmee</username> 
	 <sex>F</sex> 
	 <age>29</age> 
	 <city>Houston</city> 
	 <province>Texas</province> 
	 <country>US</country> 
	 </user> 
<date>1084280400</date> 
 <body>peaches, strawberries, mangoes!!</body> 
 </post> 
</posts>