<?xml version="1.0" encoding="UTF-8"?> 
 <posts> 
<post id= "MS_30547_24396"> 
<user id ="MS_1042067"> 
	 <username>avril camille</username> 
	 <sex>F</sex> 
	 <age>23</age> 
	 <city>antipolo</city> 
	 <province>Philippines</province> 
	 <country>PH</country> 
	 </user> 
<date>1084491000</date> 
 <body>mangosetene</body> 
 </post> 
<post id= "MS_30547_24408"> 
<user id ="MS_711640"> 
	 <username>Rieko Montealto</username> 
	 <sex>F</sex> 
	 <age>24</age> 
	 <city>Quezon City</city> 
	 <province>Metropolitan Manila</province> 
	 <country>PH</country> 
	 </user> 
<date>1084492140</date> 
 <body>I have lots, pineapples, mango, apple, lanzones.</body> 
 </post> 
<post id= "MS_30547_2063660"> 
<user id ="MS_2981967"> 
	 <username>mia</username> 
	 <sex>F</sex> 
	 <age>18</age> 
	 <city>Portland</city> 
	 <province>Maine</province> 
	 <country>US</country> 
	 </user> 
<date>1117123800</date> 
 <body>i love sooooooo much fruit. most.  right now avocado wins.</body> 
 </post> 
<post id= "MS_30547_2065384"> 
<user id ="MS_6066055"> 
	 <username>Jenny</username> 
	 <sex>F</sex> 
	 <age>21</age> 
	 <city>Whitestone</city> 
	 <province>New York</province> 
	 <country>US</country> 
	 </user> 
<date>1117133100</date> 
 <body>    Wow good freakin comment...  I'm in love with apples and if I could marry one I would, and his name would be Mr. Honeycrisp Variety of Washington State, Jr.  </body> 
 </post> 
<post id= "MS_30547_2065463"> 
<user id ="MS_2577935"> 
	 <username>SJ</username> 
	 <sex>F</sex> 
	 <age>23</age> 
	 <city>Connecticut</city> 
	 <province></province> 
	 <country>US</country> 
	 </user> 
<date>1117133520</date> 
 <body>Any kind of berries.</body> 
 </post> 
<post id= "MS_30547_2070520"> 
<user id ="MS_16391121"> 
	 <username>Ãngelina</username> 
	 <sex>F</sex> 
	 <age>18</age> 
	 <city>Harlingen</city> 
	 <province>Texas</province> 
	 <country>US</country> 
	 </user> 
<date>1117185180</date> 
 <body>tie between strawberries and grapefruit.. ahh grapefruit is so delicious.</body> 
 </post> 
<post id= "MS_30547_2072320"> 
<user id ="MS_3866247"> 
	 <username>Sheâ¥Devil</username> 
	 <sex>F</sex> 
	 <age>20</age> 
	 <city>Kingston/Woodstock</city> 
	 <province>New York</province> 
	 <country>US</country> 
	 </user> 
<date>1117195860</date> 
 <body>deff. pineapple  *yummy*</body> 
 </post> 
<post id= "MS_30547_2073338"> 
<user id ="MS_2856507"> 
	 <username>Dusty Bottoms</username> 
	 <sex>F</sex> 
	 <age>26</age> 
	 <city>suburbs of toronto</city> 
	 <province>ontario</province> 
	 <country>CA</country> 
	 </user> 
<date>1117204500</date> 
 <body>Hands down, watermelon.</body> 
 </post> 
<post id= "MS_30547_2075915"> 
<user id ="MS_13669099"> 
	 <username>Benjamin</username> 
	 <sex>M</sex> 
	 <age>26</age> 
	 <city>SANTA MARIA</city> 
	 <province>CALIFORNIA</province> 
	 <country>US</country> 
	 </user> 
<date>1117222740</date> 
 <body>Strawberries, but only the kind we grow around here. Store bought strawberries are just god awful. Pineapple, apples, grapes, and mangos are all great as well.</body> 
 </post> 
<post id= "MS_30547_2124149"> 
<user id ="MS_11583974"> 
	 <username>Bear James Hand</username> 
	 <sex>M</sex> 
	 <age>25</age> 
	 <city>Cool Cool</city> 
	 <province>Arizona</province> 
	 <country>US</country> 
	 </user> 
<date>1117640820</date> 
 <body>Watermelon, kiwi, and plums.</body> 
 </post> 
</posts>