<?xml version="1.0" encoding="UTF-8"?> 
 <posts> 
<post id= "MS_30547_21801"> 
<user id ="MS_1052953"> 
	 <username>lil' stitious Ã£Æâ</username> 
	 <sex>F</sex> 
	 <age>23</age> 
	 <city>six.two.six</city> 
	 <province>California</province> 
	 <country>US</country> 
	 </user> 
<date>1084297320</date> 
 <body>pineapple, but i also love oranges, oh, and strawberries, but pineapple is my fav</body> 
 </post> 
<post id= "MS_30547_22615"> 
<user id ="MS_822686"> 
	 <username>Peppermint</username> 
	 <sex>F</sex> 
	 <age>100</age> 
	 <city>AQ</city> 
	 <province></province> 
	 <country></country> 
	 </user> 
<date>1084379700</date> 
 <body>Mango..it's great "sex food" :)</body> 
 </post> 
<post id= "MS_30547_22705"> 
<user id ="MS_1486479"> 
	 <username>DIRTY SLICK</username> 
	 <sex>M</sex> 
	 <age>31</age> 
	 <city>NO</city> 
	 <province></province> 
	 <country></country> 
	 </user> 
<date>1084387980</date> 
 <body>gotta be banana...need to get my potassium</body> 
 </post> 
<post id= "MS_30547_22762"> 
<user id ="MS_1042635"> 
	 <username>anne</username> 
	 <sex>F</sex> 
	 <age>23</age> 
	 <city>cavite</city> 
	 <province>luzon</province> 
	 <country>PH</country> 
	 </user> 
<date>1084390620</date> 
 <body>ripe mangoes and strawberries...</body> 
 </post> 
<post id= "MS_30547_24396"> 
<user id ="MS_1042067"> 
	 <username>avril camille</username> 
	 <sex>F</sex> 
	 <age>23</age> 
	 <city>antipolo</city> 
	 <province>Philippines</province> 
	 <country>PH</country> 
	 </user> 
<date>1084491000</date> 
 <body>mangosetene</body> 
 </post> 
<post id= "MS_30547_24408"> 
<user id ="MS_711640"> 
	 <username>Rieko Montealto</username> 
	 <sex>F</sex> 
	 <age>24</age> 
	 <city>Quezon City</city> 
	 <province>Metropolitan Manila</province> 
	 <country>PH</country> 
	 </user> 
<date>1084492140</date> 
 <body>I have lots, pineapples, mango, apple, lanzones.</body> 
 </post> 
<post id= "MS_30547_2063660"> 
<user id ="MS_2981967"> 
	 <username>mia</username> 
	 <sex>F</sex> 
	 <age>18</age> 
	 <city>Portland</city> 
	 <province>Maine</province> 
	 <country>US</country> 
	 </user> 
<date>1117123800</date> 
 <body>i love sooooooo much fruit. most.  right now avocado wins.</body> 
 </post> 
<post id= "MS_30547_2065384"> 
<user id ="MS_6066055"> 
	 <username>Jenny</username> 
	 <sex>F</sex> 
	 <age>21</age> 
	 <city>Whitestone</city> 
	 <province>New York</province> 
	 <country>US</country> 
	 </user> 
<date>1117133100</date> 
 <body>    Wow good freakin comment...  I'm in love with apples and if I could marry one I would, and his name would be Mr. Honeycrisp Variety of Washington State, Jr.  </body> 
 </post> 
<post id= "MS_30547_2065463"> 
<user id ="MS_2577935"> 
	 <username>SJ</username> 
	 <sex>F</sex> 
	 <age>23</age> 
	 <city>Connecticut</city> 
	 <province></province> 
	 <country>US</country> 
	 </user> 
<date>1117133520</date> 
 <body>Any kind of berries.</body> 
 </post> 
<post id= "MS_30547_2070520"> 
<user id ="MS_16391121"> 
	 <username>Ãngelina</username> 
	 <sex>F</sex> 
	 <age>18</age> 
	 <city>Harlingen</city> 
	 <province>Texas</province> 
	 <country>US</country> 
	 </user> 
<date>1117185180</date> 
 <body>tie between strawberries and grapefruit.. ahh grapefruit is so delicious.</body> 
 </post> 
</posts>