<?xml version="1.0" encoding="UTF-8"?> 
 <posts> 
<post id= "MS_30547_19739"> 
<user id ="MS_1833049"> 
	 <username>There Is No Dana</username> 
	 <sex>F</sex> 
	 <age>22</age> 
	 <city>South Surrey</city> 
	 <province>British Columbia</province> 
	 <country>CA</country> 
	 </user> 
<date>1084093380</date> 
 <body>ICE CREAM!!!!!  not a fruit.... grapes...or sammiches</body> 
 </post> 
<post id= "MS_30547_19818"> 
<user id ="MS_360866"> 
	 <username>MY MAN'S PASSENGER</username> 
	 <sex>F</sex> 
	 <age>42</age> 
	 <city>the music</city> 
	 <province>California</province> 
	 <country>US</country> 
	 </user> 
<date>1084102200</date> 
 <body>cherry usualy.....sometimes lychees</body> 
 </post> 
<post id= "MS_30547_20364"> 
<user id ="MS_1686103"> 
	 <username>Pamela</username> 
	 <sex>F</sex> 
	 <age>30</age> 
	 <city>PH</city> 
	 <province></province> 
	 <country></country> 
	 </user> 
<date>1084158900</date> 
 <body>sineguelas</body> 
 </post> 
<post id= "MS_30547_20463"> 
<user id ="MS_642344"> 
	 <username>T</username> 
	 <sex>M</sex> 
	 <age>33</age> 
	 <city>MICHIGAN</city> 
	 <province></province> 
	 <country>US</country> 
	 </user> 
<date>1084177500</date> 
 <body>durian</body> 
 </post> 
<post id= "MS_30547_20480"> 
<user id ="MS_1053934"> 
	 <username>rlet</username> 
	 <sex>F</sex> 
	 <age>26</age> 
	 <city>Makati City</city> 
	 <province>Philippines</province> 
	 <country>PH</country> 
	 </user> 
<date>1084178280</date> 
 <body>Guyabano</body> 
 </post> 
<post id= "MS_30547_20482"> 
<user id ="MS_1053934"> 
	 <username>rlet</username> 
	 <sex>F</sex> 
	 <age>26</age> 
	 <city>Makati City</city> 
	 <province>Philippines</province> 
	 <country>PH</country> 
	 </user> 
<date>1084178400</date> 
 <body>I hate Durian, smells like hell!!!I really love Banana and Guyabano</body> 
 </post> 
<post id= "MS_30547_20613"> 
<user id ="MS_1761187"> 
	 <username>CHOPS</username> 
	 <sex>F</sex> 
	 <age>23</age> 
	 <city>SAN JOSE</city> 
	 <province>CALIFORNIA</province> 
	 <country>US</country> 
	 </user> 
<date>1084185420</date> 
 <body>MANGOS!!!!</body> 
 </post> 
<post id= "MS_30547_21580"> 
<user id ="MS_747981"> 
	 <username>reshmee</username> 
	 <sex>F</sex> 
	 <age>29</age> 
	 <city>Houston</city> 
	 <province>Texas</province> 
	 <country>US</country> 
	 </user> 
<date>1084280400</date> 
 <body>peaches, strawberries, mangoes!!</body> 
 </post> 
<post id= "MS_30547_21799"> 
<user id ="MS_189803"> 
	 <username>Fast Eddie Felson</username> 
	 <sex>M</sex> 
	 <age>23</age> 
	 <city>Wakefield/Manchester</city> 
	 <province></province> 
	 <country>UK</country> 
	 </user> 
<date>1084297020</date> 
 <body>green seedless grapes</body> 
 </post> 
<post id= "MS_30547_21801"> 
<user id ="MS_1052953"> 
	 <username>lil' stitious Ã£Æâ</username> 
	 <sex>F</sex> 
	 <age>23</age> 
	 <city>six.two.six</city> 
	 <province>California</province> 
	 <country>US</country> 
	 </user> 
<date>1084297320</date> 
 <body>pineapple, but i also love oranges, oh, and strawberries, but pineapple is my fav</body> 
 </post> 
</posts>