<?xml version="1.0" encoding="UTF-8"?> 
 <posts> 
<post id= "MS_30547_11494"> 
<user id ="MS_683965"> 
	 <username>Roy</username> 
	 <sex>M</sex> 
	 <age>25</age> 
	 <city>Paranaque</city> 
	 <province></province> 
	 <country>PH</country> 
	 </user> 
<date>1083104820</date> 
 <body>I'm craving right now for Mangoes! I love it! Yum!</body> 
 </post> 
<post id= "MS_30547_14486"> 
<user id ="MS_1641227"> 
	 <username>Diana</username> 
	 <sex>F</sex> 
	 <age>24</age> 
	 <city>Bacolod City</city> 
	 <province>SugarBowl Island</province> 
	 <country>PH</country> 
	 </user> 
<date>1083542160</date> 
 <body>sweet yellow fresh ripe mangoes all the way!!!    *but if not ripe, green mangoes with fermented shrimp paste! yummmeh!!!</body> 
 </post> 
<post id= "MS_30547_14492"> 
<user id ="MS_1641227"> 
	 <username>Diana</username> 
	 <sex>F</sex> 
	 <age>24</age> 
	 <city>Bacolod City</city> 
	 <province>SugarBowl Island</province> 
	 <country>PH</country> 
	 </user> 
<date>1083542760</date> 
 <body>wiggle, i have a basket of freshly picked yellow sweet mangoes at home waiting for me...ma inggit ka! ;oP</body> 
 </post> 
<post id= "MS_30547_14499"> 
<user id ="MS_1641227"> 
	 <username>Diana</username> 
	 <sex>F</sex> 
	 <age>24</age> 
	 <city>Bacolod City</city> 
	 <province>SugarBowl Island</province> 
	 <country>PH</country> 
	 </user> 
<date>1083543180</date> 
 <body>yeah...riiiiiggght! ;op    i have them mango trees growing at the back of my house. so double ;op fer yah! LOL.    p.s.  we should stop this...really. LOL</body> 
 </post> 
<post id= "MS_30547_14515"> 
<user id ="MS_1641227"> 
	 <username>Diana</username> 
	 <sex>F</sex> 
	 <age>24</age> 
	 <city>Bacolod City</city> 
	 <province>SugarBowl Island</province> 
	 <country>PH</country> 
	 </user> 
<date>1083544740</date> 
 <body>Well your house is in the back of mine so not only do I own your tree but also YOU AND YOUR UGLY SUNGLASSES. LOL. ;)    ***so ur trying to tell me that your house is actually in the middle of this sugarcane plantation? cuz seriously, right across our house is a sugarcane field. ;op    p.s.  the sunglass that i was using there isn't mine! so, HA!  ;op    (but i know ur still 'inggit' cuz i own mango trees!) LOL</body> 
 </post> 
<post id= "MS_30547_15128"> 
<user id ="MS_332624"> 
	 <username>mike.d</username> 
	 <sex>M</sex> 
	 <age>32</age> 
	 <city>Winter Park</city> 
	 <province>Florida</province> 
	 <country>US</country> 
	 </user> 
<date>1083612720</date> 
 <body>that Elton John is quite the character.    Oh...! You meant FOOD fruit...</body> 
 </post> 
<post id= "MS_30547_16118"> 
<user id ="MS_1481989"> 
	 <username>Version Ness</username> 
	 <sex>F</sex> 
	 <age>20</age> 
	 <city>where players reside in Terrorzona</city> 
	 <province>Arizona</province> 
	 <country>US</country> 
	 </user> 
<date>1083703260</date> 
 <body>Mango! and nectarine!!!! ooh and cantalope.. <3</body> 
 </post> 
<post id= "MS_30547_16241"> 
<user id ="MS_939336"> 
	 <username>Scott</username> 
	 <sex>M</sex> 
	 <age>25</age> 
	 <city>Ridgewood</city> 
	 <province>NEW JERSEY</province> 
	 <country>US</country> 
	 </user> 
<date>1083713580</date> 
 <body>Honey Dew</body> 
 </post> 
<post id= "MS_30547_16314"> 
<user id ="MS_256744"> 
	 <username>Matt Cullen - Composer</username> 
	 <sex>M</sex> 
	 <age>108</age> 
	 <city>Boston</city> 
	 <province>Massachusetts</province> 
	 <country>US</country> 
	 </user> 
<date>1083734760</date> 
 <body>clementines are good.</body> 
 </post> 
<post id= "MS_30547_16504"> 
<user id ="MS_165077"> 
	 <username>Axo</username> 
	 <sex>M</sex> 
	 <age>36</age> 
	 <city>la canada</city> 
	 <province>CALIFORNIA</province> 
	 <country>US</country> 
	 </user> 
<date>1083749400</date> 
 <body>I'm with the filipinos on this one...sweet yellow mangoes are the sexiest fruit evah. Can I get some pinay lub now? :P    Fresh strawberries rule, too.</body> 
 </post> 
</posts>