<?xml version="1.0" encoding="UTF-8"?> 
 <posts> 
<post id= "MS_30547_16118"> 
<user id ="MS_1481989"> 
	 <username>Version Ness</username> 
	 <sex>F</sex> 
	 <age>20</age> 
	 <city>where players reside in Terrorzona</city> 
	 <province>Arizona</province> 
	 <country>US</country> 
	 </user> 
<date>1083703260</date> 
 <body>Mango! and nectarine!!!! ooh and cantalope.. <3</body> 
 </post> 
<post id= "MS_30547_16241"> 
<user id ="MS_939336"> 
	 <username>Scott</username> 
	 <sex>M</sex> 
	 <age>25</age> 
	 <city>Ridgewood</city> 
	 <province>NEW JERSEY</province> 
	 <country>US</country> 
	 </user> 
<date>1083713580</date> 
 <body>Honey Dew</body> 
 </post> 
<post id= "MS_30547_16314"> 
<user id ="MS_256744"> 
	 <username>Matt Cullen - Composer</username> 
	 <sex>M</sex> 
	 <age>108</age> 
	 <city>Boston</city> 
	 <province>Massachusetts</province> 
	 <country>US</country> 
	 </user> 
<date>1083734760</date> 
 <body>clementines are good.</body> 
 </post> 
<post id= "MS_30547_16504"> 
<user id ="MS_165077"> 
	 <username>Axo</username> 
	 <sex>M</sex> 
	 <age>36</age> 
	 <city>la canada</city> 
	 <province>CALIFORNIA</province> 
	 <country>US</country> 
	 </user> 
<date>1083749400</date> 
 <body>I'm with the filipinos on this one...sweet yellow mangoes are the sexiest fruit evah. Can I get some pinay lub now? :P    Fresh strawberries rule, too.</body> 
 </post> 
<post id= "MS_30547_16665"> 
<user id ="MS_1415429"> 
	 <username>~john</username> 
	 <sex>M</sex> 
	 <age>30</age> 
	 <city>Huntsville</city> 
	 <province>Alabama</province> 
	 <country>US</country> 
	 </user> 
<date>1083759540</date> 
 <body>I figured a fruit like yourself would prefer to multi-task with his produce... you know - I betcha' can think of more ways than one to make use of those large bulbous bananas... but maybe those strawberries can be stringed together for more of your liking.</body> 
 </post> 
<post id= "MS_30547_16710"> 
<user id ="MS_165077"> 
	 <username>Axo</username> 
	 <sex>M</sex> 
	 <age>36</age> 
	 <city>la canada</city> 
	 <province>CALIFORNIA</province> 
	 <country>US</country> 
	 </user> 
<date>1083763320</date> 
 <body>sticks and stones, John.    I do like a woman with firm, ripe melons.</body> 
 </post> 
<post id= "MS_30547_19739"> 
<user id ="MS_1833049"> 
	 <username>There Is No Dana</username> 
	 <sex>F</sex> 
	 <age>22</age> 
	 <city>South Surrey</city> 
	 <province>British Columbia</province> 
	 <country>CA</country> 
	 </user> 
<date>1084093380</date> 
 <body>ICE CREAM!!!!!  not a fruit.... grapes...or sammiches</body> 
 </post> 
<post id= "MS_30547_19818"> 
<user id ="MS_360866"> 
	 <username>MY MAN'S PASSENGER</username> 
	 <sex>F</sex> 
	 <age>42</age> 
	 <city>the music</city> 
	 <province>California</province> 
	 <country>US</country> 
	 </user> 
<date>1084102200</date> 
 <body>cherry usualy.....sometimes lychees</body> 
 </post> 
<post id= "MS_30547_20364"> 
<user id ="MS_1686103"> 
	 <username>Pamela</username> 
	 <sex>F</sex> 
	 <age>30</age> 
	 <city>PH</city> 
	 <province></province> 
	 <country></country> 
	 </user> 
<date>1084158900</date> 
 <body>sineguelas</body> 
 </post> 
<post id= "MS_30547_20463"> 
<user id ="MS_642344"> 
	 <username>T</username> 
	 <sex>M</sex> 
	 <age>33</age> 
	 <city>MICHIGAN</city> 
	 <province></province> 
	 <country>US</country> 
	 </user> 
<date>1084177500</date> 
 <body>durian</body> 
 </post> 
</posts>