<?xml version="1.0" encoding="UTF-8"?> 
 <posts> 
<post id= "MS_30547_10493"> 
<user id ="MS_213340"> 
	 <username>Sharon Lynette</username> 
	 <sex>F</sex> 
	 <age>26</age> 
	 <city>near Manchester</city> 
	 <province></province> 
	 <country>UK</country> 
	 </user> 
<date>1082986140</date> 
 <body>right now bananas.</body> 
 </post> 
<post id= "MS_30547_10671"> 
<user id ="MS_1476167"> 
	 <username>ashley</username> 
	 <sex>F</sex> 
	 <age>27</age> 
	 <city>Phoenix</city> 
	 <province>Arizona</province> 
	 <country>US</country> 
	 </user> 
<date>1083007080</date> 
 <body>for me, it's a toss up between grapes or strawberries.</body> 
 </post> 
<post id= "MS_30547_10685"> 
<user id ="MS_1415429"> 
	 <username>~john</username> 
	 <sex>M</sex> 
	 <age>30</age> 
	 <city>Huntsville</city> 
	 <province>Alabama</province> 
	 <country>US</country> 
	 </user> 
<date>1083008400</date> 
 <body>strawberries are too expensive...</body> 
 </post> 
<post id= "MS_30547_10697"> 
<user id ="MS_1476167"> 
	 <username>ashley</username> 
	 <sex>F</sex> 
	 <age>27</age> 
	 <city>Phoenix</city> 
	 <province>Arizona</province> 
	 <country>US</country> 
	 </user> 
<date>1083008820</date> 
 <body>yeah, i know. i wanted to buy some this week and they were such a rip off! so i bought grapes.</body> 
 </post> 
<post id= "MS_30547_10700"> 
<user id ="MS_1415429"> 
	 <username>~john</username> 
	 <sex>M</sex> 
	 <age>30</age> 
	 <city>Huntsville</city> 
	 <province>Alabama</province> 
	 <country>US</country> 
	 </user> 
<date>1083008880</date> 
 <body>cheapo</body> 
 </post> 
<post id= "MS_30547_10704"> 
<user id ="MS_1476167"> 
	 <username>ashley</username> 
	 <sex>F</sex> 
	 <age>27</age> 
	 <city>Phoenix</city> 
	 <province>Arizona</province> 
	 <country>US</country> 
	 </user> 
<date>1083009360</date> 
 <body>yup, i'm a college student.</body> 
 </post> 
<post id= "MS_30547_11494"> 
<user id ="MS_683965"> 
	 <username>Roy</username> 
	 <sex>M</sex> 
	 <age>25</age> 
	 <city>Paranaque</city> 
	 <province></province> 
	 <country>PH</country> 
	 </user> 
<date>1083104820</date> 
 <body>I'm craving right now for Mangoes! I love it! Yum!</body> 
 </post> 
<post id= "MS_30547_14486"> 
<user id ="MS_1641227"> 
	 <username>Diana</username> 
	 <sex>F</sex> 
	 <age>24</age> 
	 <city>Bacolod City</city> 
	 <province>SugarBowl Island</province> 
	 <country>PH</country> 
	 </user> 
<date>1083542160</date> 
 <body>sweet yellow fresh ripe mangoes all the way!!!    *but if not ripe, green mangoes with fermented shrimp paste! yummmeh!!!</body> 
 </post> 
<post id= "MS_30547_14492"> 
<user id ="MS_1641227"> 
	 <username>Diana</username> 
	 <sex>F</sex> 
	 <age>24</age> 
	 <city>Bacolod City</city> 
	 <province>SugarBowl Island</province> 
	 <country>PH</country> 
	 </user> 
<date>1083542760</date> 
 <body>wiggle, i have a basket of freshly picked yellow sweet mangoes at home waiting for me...ma inggit ka! ;oP</body> 
 </post> 
<post id= "MS_30547_14499"> 
<user id ="MS_1641227"> 
	 <username>Diana</username> 
	 <sex>F</sex> 
	 <age>24</age> 
	 <city>Bacolod City</city> 
	 <province>SugarBowl Island</province> 
	 <country>PH</country> 
	 </user> 
<date>1083543180</date> 
 <body>yeah...riiiiiggght! ;op    i have them mango trees growing at the back of my house. so double ;op fer yah! LOL.    p.s.  we should stop this...really. LOL</body> 
 </post> 
</posts>