<?xml version="1.0" encoding="UTF-8"?> 
 <posts> 
<post id= "MS_30547_10197"> 
<user id ="MS_1382450"> 
	 <username>Stephs</username> 
	 <sex>F</sex> 
	 <age>100</age> 
	 <city>Newps</city> 
	 <province>California</province> 
	 <country>US</country> 
	 </user> 
<date>1082939820</date> 
 <body>BANANAS ARE BEST!!!</body> 
 </post> 
<post id= "MS_30547_10206"> 
<user id ="MS_810546"> 
	 <username>Scott</username> 
	 <sex>M</sex> 
	 <age>30</age> 
	 <city>Cerritos</city> 
	 <province>California</province> 
	 <country>US</country> 
	 </user> 
<date>1082943540</date> 
 <body>bananas are your fave fruit for what? i apologize for the crude statement, but you were asking for it! =)</body> 
 </post> 
<post id= "MS_30547_10209"> 
<user id ="MS_1382450"> 
	 <username>Stephs</username> 
	 <sex>F</sex> 
	 <age>100</age> 
	 <city>Newps</city> 
	 <province>California</province> 
	 <country>US</country> 
	 </user> 
<date>1082943900</date> 
 <body>you ruined my fun:( just because miss pineapple ^^ made a comment about oral sex doesnt mean I was going along, I like bananas dammit-TO EAT!</body> 
 </post> 
<post id= "MS_30547_10243"> 
<user id ="MS_946451"> 
	 <username>STEPHEN</username> 
	 <sex>M</sex> 
	 <age>25</age> 
	 <city>Auburn</city> 
	 <province>Alabama</province> 
	 <country>US</country> 
	 </user> 
<date>1082953380</date> 
 <body>aisa sunday!</body> 
 </post> 
<post id= "MS_30547_10343"> 
<user id ="MS_647433"> 
	 <username>The_KEG</username> 
	 <sex>M</sex> 
	 <age>34</age> 
	 <city>Gardena</city> 
	 <province>California</province> 
	 <country>US</country> 
	 </user> 
<date>1082974440</date> 
 <body>Beans Beans, the musical fruit.... the more you eat the more you.... umm yeah...</body> 
 </post> 
<post id= "MS_30547_10374"> 
<user id ="MS_1032177"> 
	 <username>jBOT</username> 
	 <sex>M</sex> 
	 <age>23</age> 
	 <city>San Francisco</city> 
	 <province>California</province> 
	 <country>US</country> 
	 </user> 
<date>1082977800</date> 
 <body>apples are by far the best fruit ever in the history of the universe and beyond!</body> 
 </post> 
<post id= "MS_30547_10439"> 
<user id ="MS_1608716"> 
	 <username>Dsak</username> 
	 <sex>M</sex> 
	 <age>23</age> 
	 <city>FAIRFAX STATION</city> 
	 <province>VIRGINIA</province> 
	 <country>US</country> 
	 </user> 
<date>1082981940</date> 
 <body>if u eat a citrus/sour fruit, it makes ur tongue rougher by making the taste buds bumpier. so next time eat a lemon and then eat some pussy. The girls will love it.</body> 
 </post> 
<post id= "MS_30547_10493"> 
<user id ="MS_213340"> 
	 <username>Sharon Lynette</username> 
	 <sex>F</sex> 
	 <age>26</age> 
	 <city>near Manchester</city> 
	 <province></province> 
	 <country>UK</country> 
	 </user> 
<date>1082986140</date> 
 <body>right now bananas.</body> 
 </post> 
<post id= "MS_30547_10671"> 
<user id ="MS_1476167"> 
	 <username>ashley</username> 
	 <sex>F</sex> 
	 <age>27</age> 
	 <city>Phoenix</city> 
	 <province>Arizona</province> 
	 <country>US</country> 
	 </user> 
<date>1083007080</date> 
 <body>for me, it's a toss up between grapes or strawberries.</body> 
 </post> 
<post id= "MS_30547_10685"> 
<user id ="MS_1415429"> 
	 <username>~john</username> 
	 <sex>M</sex> 
	 <age>30</age> 
	 <city>Huntsville</city> 
	 <province>Alabama</province> 
	 <country>US</country> 
	 </user> 
<date>1083008400</date> 
 <body>strawberries are too expensive...</body> 
 </post> 
</posts>