<?xml version="1.0" encoding="UTF-8"?> 
 <posts> 
<post id= "MS_28597_47158088"> 
<user id ="MS_22448491"> 
	 <username>Christophe O'BlivionÃ¢âÂ¢</username> 
	 <sex>M</sex> 
	 <age>29</age> 
	 <city>Hampshire</city> 
	 <province>London and South East</province> 
	 <country>UK</country> 
	 </user> 
<date>1217503500</date> 
 <body>  You should check out Session 9, it's very good. Good atmosphere, and good acting... Plus there are some real creepy bits in it! I think you'd like it.  Here's the imdb link for it: http://www.imdb.com/title/tt0261983/</body> 
 </post> 
<post id= "MS_28597_47158347"> 
<user id ="MS_89520635"> 
	 <username>Peter Karby</username> 
	 <sex>M</sex> 
	 <age>32</age> 
	 <city>Oslo</city> 
	 <province></province> 
	 <country>NO</country> 
	 </user> 
<date>1217503740</date> 
 <body>Looks very cool.. thanks.. I will check this out! :D</body> 
 </post> 
<post id= "MS_28597_47169473"> 
<user id ="MS_15274787"> 
	 <username>McGinty</username> 
	 <sex>M</sex> 
	 <age>40</age> 
	 <city>Queens</city> 
	 <province>NEW YORK</province> 
	 <country>US</country> 
	 </user> 
<date>1217514900</date> 
 <body>I would also vouch for Session 9, I was initially skeptical but I enjoyed it.  I'd also suggest...  The Third Man Night of the Hunter Shadow of a Doubt (can't go wrong with Hitchcock) Laura Gaslight Play Misty For Me Les Diaboliques Secret Window The Ninth Gate</body> 
 </post> 
<post id= "MS_28597_47169853"> 
<user id ="MS_16077278"> 
	 <username>Drea.(The Albino-Mexican)</username> 
	 <sex>F</sex> 
	 <age>17</age> 
	 <city>Vancouver/ Bell Gardens/ Commerce</city> 
	 <province>Washington</province> 
	 <country>US</country> 
	 </user> 
<date>1217515440</date> 
 <body>Deep Red is a great Italian thriller  also try  the tenant single white female Rebecca Vertigo</body> 
 </post> 
<post id= "MS_28597_47178063"> 
<user id ="MS_15274787"> 
	 <username>McGinty</username> 
	 <sex>M</sex> 
	 <age>40</age> 
	 <city>Queens</city> 
	 <province>NEW YORK</province> 
	 <country>US</country> 
	 </user> 
<date>1217526540</date> 
 <body>very good selections...  some other notables ---  Suture Frantic Primer Pi Wait Until Dark</body> 
 </post> 
<post id= "MS_28597_47181909"> 
<user id ="MS_145376793"> 
	 <username>Nzoner</username> 
	 <sex>M</sex> 
	 <age>45</age> 
	 <city>Missouri</city> 
	 <province></province> 
	 <country>US</country> 
	 </user> 
<date>1217530740</date> 
 <body>Echoing a couple and adding a couple  Session 9 and the original The Vanishing  As for ones I haven't seen mentioned  Michael Mann's Manhunter with Bryan Cox as Hannibal and William Peterson as Will Graham  Oxygen starring Adrien Brody  Deceiver starring Tim Roth  I'd even check out an early 70's Clint Eastwood movie called The Beguiled</body> 
 </post> 
<post id= "MS_28597_47182042"> 
<user id ="MS_290235551"> 
	 <username>the good,the bad and the fugly</username> 
	 <sex>M</sex> 
	 <age>32</age> 
	 <city>WOODSIDE</city> 
	 <province>New York</province> 
	 <country>US</country> 
	 </user> 
<date>1217530860</date> 
 <body>Sliver .</body> 
 </post> 
<post id= "MS_28597_47182388"> 
<user id ="MS_389242906"> 
	 <username>KnightOwl Innovations</username> 
	 <sex>M</sex> 
	 <age>25</age> 
	 <city>ODESSA</city> 
	 <province>Florida</province> 
	 <country>US</country> 
	 </user> 
<date>1217531280</date> 
 <body>Marnie 64 0r 65      </body> 
 </post> 
<post id= "MS_28597_47182738"> 
<user id ="MS_290235551"> 
	 <username>the good,the bad and the fugly</username> 
	 <sex>M</sex> 
	 <age>32</age> 
	 <city>WOODSIDE</city> 
	 <province>New York</province> 
	 <country>US</country> 
	 </user> 
<date>1217531700</date> 
 <body>MR BROOKS.</body> 
 </post> 
<post id= "MS_28597_47194575"> 
<user id ="MS_89520635"> 
	 <username>Peter Karby</username> 
	 <sex>M</sex> 
	 <age>32</age> 
	 <city>Oslo</city> 
	 <province></province> 
	 <country>NO</country> 
	 </user> 
<date>1217553480</date> 
 <body>  Yes yes manhunter was good... total 80'ies movie.. but weird and dark.. in a good way.. I agree.</body> 
 </post> 
</posts>