<?xml version="1.0" encoding="UTF-8"?> 
 <posts> 
<post id= "MS_28597_47144265"> 
<user id ="MS_89520635"> 
	 <username>Peter Karby</username> 
	 <sex>M</sex> 
	 <age>32</age> 
	 <city>Oslo</city> 
	 <province></province> 
	 <country>NO</country> 
	 </user> 
<date>1217488440</date> 
 <body>a lot of weird movies listed.. I never understood mulhulland drive.. nor donnie darko...  a good psychological thriller... I would have to go with "The Devil's advocate.." lot's of layers..</body> 
 </post> 
<post id= "MS_28597_47145918"> 
<user id ="MS_191634299"> 
	 <username>Skull</username> 
	 <sex>M</sex> 
	 <age>100</age> 
	 <city>Illinois</city> 
	 <province></province> 
	 <country>US</country> 
	 </user> 
<date>1217490720</date> 
 <body>Sisters (1973)          The Baby (1973)          Private Parts (1972)  http://video.google.com/videoplay?docid=-6058102899350099502&q=p rivate+Parts+1972&ei=f-uRSPzEOZ_g4AKooODzBw</body> 
 </post> 
<post id= "MS_28597_47146846"> 
<user id ="MS_22448491"> 
	 <username>Christophe O'BlivionÃ¢âÂ¢</username> 
	 <sex>M</sex> 
	 <age>29</age> 
	 <city>Hampshire</city> 
	 <province>London and South East</province> 
	 <country>UK</country> 
	 </user> 
<date>1217491800</date> 
 <body>Haha nice picture btw Peter!  Chck out these thrillers:  Session 9 The Machinist The Talented Mr. Ripley</body> 
 </post> 
<post id= "MS_28597_47147812"> 
<user id ="MS_399020198"> 
	 <username>drugs</username> 
	 <sex>F</sex> 
	 <age>16</age> 
	 <city>Alaska</city> 
	 <province></province> 
	 <country>US</country> 
	 </user> 
<date>1217492880</date> 
 <body>Calvaire</body> 
 </post> 
<post id= "MS_28597_47148281"> 
<user id ="MS_89520635"> 
	 <username>Peter Karby</username> 
	 <sex>M</sex> 
	 <age>32</age> 
	 <city>Oslo</city> 
	 <province></province> 
	 <country>NO</country> 
	 </user> 
<date>1217493360</date> 
 <body>  Hey Christophe thanks.. the joker got me..  the machenist..YES! The talented Mr. Ripley YES.. I don't know the last one?</body> 
 </post> 
<post id= "MS_28597_47158088"> 
<user id ="MS_22448491"> 
	 <username>Christophe O'BlivionÃ¢âÂ¢</username> 
	 <sex>M</sex> 
	 <age>29</age> 
	 <city>Hampshire</city> 
	 <province>London and South East</province> 
	 <country>UK</country> 
	 </user> 
<date>1217503500</date> 
 <body>  You should check out Session 9, it's very good. Good atmosphere, and good acting... Plus there are some real creepy bits in it! I think you'd like it.  Here's the imdb link for it: http://www.imdb.com/title/tt0261983/</body> 
 </post> 
<post id= "MS_28597_47158347"> 
<user id ="MS_89520635"> 
	 <username>Peter Karby</username> 
	 <sex>M</sex> 
	 <age>32</age> 
	 <city>Oslo</city> 
	 <province></province> 
	 <country>NO</country> 
	 </user> 
<date>1217503740</date> 
 <body>Looks very cool.. thanks.. I will check this out! :D</body> 
 </post> 
<post id= "MS_28597_47169473"> 
<user id ="MS_15274787"> 
	 <username>McGinty</username> 
	 <sex>M</sex> 
	 <age>40</age> 
	 <city>Queens</city> 
	 <province>NEW YORK</province> 
	 <country>US</country> 
	 </user> 
<date>1217514900</date> 
 <body>I would also vouch for Session 9, I was initially skeptical but I enjoyed it.  I'd also suggest...  The Third Man Night of the Hunter Shadow of a Doubt (can't go wrong with Hitchcock) Laura Gaslight Play Misty For Me Les Diaboliques Secret Window The Ninth Gate</body> 
 </post> 
<post id= "MS_28597_47169853"> 
<user id ="MS_16077278"> 
	 <username>Drea.(The Albino-Mexican)</username> 
	 <sex>F</sex> 
	 <age>17</age> 
	 <city>Vancouver/ Bell Gardens/ Commerce</city> 
	 <province>Washington</province> 
	 <country>US</country> 
	 </user> 
<date>1217515440</date> 
 <body>Deep Red is a great Italian thriller  also try  the tenant single white female Rebecca Vertigo</body> 
 </post> 
<post id= "MS_28597_47178063"> 
<user id ="MS_15274787"> 
	 <username>McGinty</username> 
	 <sex>M</sex> 
	 <age>40</age> 
	 <city>Queens</city> 
	 <province>NEW YORK</province> 
	 <country>US</country> 
	 </user> 
<date>1217526540</date> 
 <body>very good selections...  some other notables ---  Suture Frantic Primer Pi Wait Until Dark</body> 
 </post> 
</posts>