<?xml version="1.0" encoding="UTF-8"?> 
 <posts> 
<post id= "MS_28597_45648102"> 
<user id ="MS_390893579"> 
	 <username>Rip Van Willstein</username> 
	 <sex>M</sex> 
	 <age>31</age> 
	 <city>HUNTINGTON BEACH</city> 
	 <province>California</province> 
	 <country>US</country> 
	 </user> 
<date>1215037140</date> 
 <body>The Game  with Micheal Douglass and Sean Penn</body> 
 </post> 
<post id= "MS_28597_45650323"> 
<user id ="MS_138693636"> 
	 <username>zorrow</username> 
	 <sex>M</sex> 
	 <age>33</age> 
	 <city>US</city> 
	 <province></province> 
	 <country></country> 
	 </user> 
<date>1215042540</date> 
 <body>1.Cannibal Holocaust The film was banned in countless countries, and Deodato actually had to show evidence, in court, that the film was indeed fake, even going so far as to bring the actors on a popular TV talk show in Italy to prove they were still alive.  2. Men Behind the Sun To be honest, this film could be 100% fictional and it still would have made the top 10 list, as some of the scenes are downright brutal and extremely controversial: a (supposedly real) live cat is thrown into a room of starving rats and torn to pieces; a (supposedly real) corpse of a boy is slowly autopsied; a man is placed in a pressure chamber until his intestines blow out of his anus; a woman is tied to a post outside in the freezing cold, with buckets of cold water being dumped over her head to test the effects of frostbite, then her hands are plunged into boiling hot water, the skin peeling right off the bones; etc etc  3.Guinea Pig: Flower of Flesh and Blood The film itself is fairly simple: a creepy Japanese dude in a samurai suit (donât ask us) kidnaps a girl, drugs her, ties her to a bed, and slowly cuts her to pieces. Thatâs it, thatâs the whole movie. But the special effects are SO well done and so convincing, it really takes it to a whole other level. Fingers, hands, you name it; everything is cut off in slow, agonizing detail. The blood looks great, the gore is splendid, and the dismemberments are top notch (for example, after cutting off one of her hands, the fingers suddenly clench around his wrist, despite the fact it is no longer attached. Yikes.). 4. Cutting Moments Cutting Moments is a disquieting, harrowing look at the mental breakdown and subsequent downward spiral of a family torn apart by abuse, both physical and mental, and the limits of the human psyche. A mostly silent and slow-paced film, thereâs no denying the talent behind Cutting Moments, as Buck masterfully lets silence speak louder then words; allowing the tension of the film to slowly rise to a boil before the incredibly disturbing and permanently scarring bloody climax.  5. Aftermath Aftermath pushes the boundaries of the genre in ways few films even dream of. Nacho Cerda made the film as part of a trilogy, focusing on death, post-death, and rebirth. Aftermath (the 2nd film in the trilogy) shows how we are all at the mercy of others once we die; our bodies nothing more then husks of meat to be poked, prodded, and disassembled.  DARE TO SEE THOSE MOVIE? MAIL ME IF U WANT THOSE MOVIE.</body> 
 </post> 
<post id= "MS_28597_47143418"> 
<user id ="MS_43454654"> 
	 <username>moVin' vioLation</username> 
	 <sex>M</sex> 
	 <age>27</age> 
	 <city>Bumblef..$%</city> 
	 <province>New York</province> 
	 <country>US</country> 
	 </user> 
<date>1217487240</date> 
 <body>  i watched DD for the first time yesterday. i wasn't impressed. it was ok but i don't understand the cult following that it has...</body> 
 </post> 
<post id= "MS_28597_47143773"> 
<user id ="MS_230705389"> 
	 <username>Lush O' the Irish</username> 
	 <sex>F</sex> 
	 <age>24</age> 
	 <city>OAK LAWN</city> 
	 <province>Illinois</province> 
	 <country>US</country> 
	 </user> 
<date>1217487780</date> 
 <body>Seven was good Color of Night Copycat</body> 
 </post> 
<post id= "MS_28597_47144015"> 
<user id ="MS_43445330"> 
	 <username>ç¸ç¶ è©²æ­» RANDOM</username> 
	 <sex>M</sex> 
	 <age>26</age> 
	 <city>FORT WORTH</city> 
	 <province>Texas</province> 
	 <country>US</country> 
	 </user> 
<date>1217488140</date> 
 <body>Silence Of The Lambs</body> 
 </post> 
<post id= "MS_28597_47144265"> 
<user id ="MS_89520635"> 
	 <username>Peter Karby</username> 
	 <sex>M</sex> 
	 <age>32</age> 
	 <city>Oslo</city> 
	 <province></province> 
	 <country>NO</country> 
	 </user> 
<date>1217488440</date> 
 <body>a lot of weird movies listed.. I never understood mulhulland drive.. nor donnie darko...  a good psychological thriller... I would have to go with "The Devil's advocate.." lot's of layers..</body> 
 </post> 
<post id= "MS_28597_47145918"> 
<user id ="MS_191634299"> 
	 <username>Skull</username> 
	 <sex>M</sex> 
	 <age>100</age> 
	 <city>Illinois</city> 
	 <province></province> 
	 <country>US</country> 
	 </user> 
<date>1217490720</date> 
 <body>Sisters (1973)          The Baby (1973)          Private Parts (1972)  http://video.google.com/videoplay?docid=-6058102899350099502&q=p rivate+Parts+1972&ei=f-uRSPzEOZ_g4AKooODzBw</body> 
 </post> 
<post id= "MS_28597_47146846"> 
<user id ="MS_22448491"> 
	 <username>Christophe O'BlivionÃ¢âÂ¢</username> 
	 <sex>M</sex> 
	 <age>29</age> 
	 <city>Hampshire</city> 
	 <province>London and South East</province> 
	 <country>UK</country> 
	 </user> 
<date>1217491800</date> 
 <body>Haha nice picture btw Peter!  Chck out these thrillers:  Session 9 The Machinist The Talented Mr. Ripley</body> 
 </post> 
<post id= "MS_28597_47147812"> 
<user id ="MS_399020198"> 
	 <username>drugs</username> 
	 <sex>F</sex> 
	 <age>16</age> 
	 <city>Alaska</city> 
	 <province></province> 
	 <country>US</country> 
	 </user> 
<date>1217492880</date> 
 <body>Calvaire</body> 
 </post> 
<post id= "MS_28597_47148281"> 
<user id ="MS_89520635"> 
	 <username>Peter Karby</username> 
	 <sex>M</sex> 
	 <age>32</age> 
	 <city>Oslo</city> 
	 <province></province> 
	 <country>NO</country> 
	 </user> 
<date>1217493360</date> 
 <body>  Hey Christophe thanks.. the joker got me..  the machenist..YES! The talented Mr. Ripley YES.. I don't know the last one?</body> 
 </post> 
</posts>