<?xml version="1.0" encoding="UTF-8"?> 
 <posts> 
<post id= "MS_28597_47178063"> 
<user id ="MS_15274787"> 
	 <username>McGinty</username> 
	 <sex>M</sex> 
	 <age>40</age> 
	 <city>Queens</city> 
	 <province>NEW YORK</province> 
	 <country>US</country> 
	 </user> 
<date>1217526540</date> 
 <body>very good selections...  some other notables ---  Suture Frantic Primer Pi Wait Until Dark</body> 
 </post> 
<post id= "MS_28597_47181909"> 
<user id ="MS_145376793"> 
	 <username>Nzoner</username> 
	 <sex>M</sex> 
	 <age>45</age> 
	 <city>Missouri</city> 
	 <province></province> 
	 <country>US</country> 
	 </user> 
<date>1217530740</date> 
 <body>Echoing a couple and adding a couple  Session 9 and the original The Vanishing  As for ones I haven't seen mentioned  Michael Mann's Manhunter with Bryan Cox as Hannibal and William Peterson as Will Graham  Oxygen starring Adrien Brody  Deceiver starring Tim Roth  I'd even check out an early 70's Clint Eastwood movie called The Beguiled</body> 
 </post> 
<post id= "MS_28597_47182042"> 
<user id ="MS_290235551"> 
	 <username>the good,the bad and the fugly</username> 
	 <sex>M</sex> 
	 <age>32</age> 
	 <city>WOODSIDE</city> 
	 <province>New York</province> 
	 <country>US</country> 
	 </user> 
<date>1217530860</date> 
 <body>Sliver .</body> 
 </post> 
<post id= "MS_28597_47182388"> 
<user id ="MS_389242906"> 
	 <username>KnightOwl Innovations</username> 
	 <sex>M</sex> 
	 <age>25</age> 
	 <city>ODESSA</city> 
	 <province>Florida</province> 
	 <country>US</country> 
	 </user> 
<date>1217531280</date> 
 <body>Marnie 64 0r 65      </body> 
 </post> 
<post id= "MS_28597_47182738"> 
<user id ="MS_290235551"> 
	 <username>the good,the bad and the fugly</username> 
	 <sex>M</sex> 
	 <age>32</age> 
	 <city>WOODSIDE</city> 
	 <province>New York</province> 
	 <country>US</country> 
	 </user> 
<date>1217531700</date> 
 <body>MR BROOKS.</body> 
 </post> 
<post id= "MS_28597_47194575"> 
<user id ="MS_89520635"> 
	 <username>Peter Karby</username> 
	 <sex>M</sex> 
	 <age>32</age> 
	 <city>Oslo</city> 
	 <province></province> 
	 <country>NO</country> 
	 </user> 
<date>1217553480</date> 
 <body>  Yes yes manhunter was good... total 80'ies movie.. but weird and dark.. in a good way.. I agree.</body> 
 </post> 
<post id= "MS_28597_47196604"> 
<user id ="MS_290235551"> 
	 <username>the good,the bad and the fugly</username> 
	 <sex>M</sex> 
	 <age>32</age> 
	 <city>WOODSIDE</city> 
	 <province>New York</province> 
	 <country>US</country> 
	 </user> 
<date>1217560620</date> 
 <body>I don't remember the name of the movie but i think it was sharon stone it's about a woman that get's locked up in an apartment she can see out and everything she just can't out.</body> 
 </post> 
<post id= "MS_28597_47196796"> 
<user id ="MS_115181855"> 
	 <username>Erik</username> 
	 <sex>M</sex> 
	 <age>31</age> 
	 <city>North Shore</city> 
	 <province>Massachusetts</province> 
	 <country>US</country> 
	 </user> 
<date>1217561100</date> 
 <body>Jacob's Ladder In The Mout of Madness Session 9 Donnie Darko Stir of Echoes Sublime The Vanishing Deceiver The Machinist</body> 
 </post> 
<post id= "MS_28597_47216095"> 
<user id ="MS_89520635"> 
	 <username>Peter Karby</username> 
	 <sex>M</sex> 
	 <age>32</age> 
	 <city>Oslo</city> 
	 <province></province> 
	 <country>NO</country> 
	 </user> 
<date>1217588040</date> 
 <body>  sliver :)</body> 
 </post> 
<post id= "MS_28597_47220069"> 
<user id ="MS_230705389"> 
	 <username>Lush O' the Irish</username> 
	 <sex>F</sex> 
	 <age>24</age> 
	 <city>OAK LAWN</city> 
	 <province>Illinois</province> 
	 <country>US</country> 
	 </user> 
<date>1217592120</date> 
 <body> It's Scissors. It's her psychiatrist that locks her in. Sliver was with one of the Baldwins who is a voyeur in that complex.</body> 
 </post> 
</posts>