<?xml version="1.0" encoding="UTF-8"?> 
 <posts> 
<post id= "MS_28597_47196604"> 
<user id ="MS_290235551"> 
	 <username>the good,the bad and the fugly</username> 
	 <sex>M</sex> 
	 <age>32</age> 
	 <city>WOODSIDE</city> 
	 <province>New York</province> 
	 <country>US</country> 
	 </user> 
<date>1217560620</date> 
 <body>I don't remember the name of the movie but i think it was sharon stone it's about a woman that get's locked up in an apartment she can see out and everything she just can't out.</body> 
 </post> 
<post id= "MS_28597_47196796"> 
<user id ="MS_115181855"> 
	 <username>Erik</username> 
	 <sex>M</sex> 
	 <age>31</age> 
	 <city>North Shore</city> 
	 <province>Massachusetts</province> 
	 <country>US</country> 
	 </user> 
<date>1217561100</date> 
 <body>Jacob's Ladder In The Mout of Madness Session 9 Donnie Darko Stir of Echoes Sublime The Vanishing Deceiver The Machinist</body> 
 </post> 
<post id= "MS_28597_47216095"> 
<user id ="MS_89520635"> 
	 <username>Peter Karby</username> 
	 <sex>M</sex> 
	 <age>32</age> 
	 <city>Oslo</city> 
	 <province></province> 
	 <country>NO</country> 
	 </user> 
<date>1217588040</date> 
 <body>  sliver :)</body> 
 </post> 
<post id= "MS_28597_47220069"> 
<user id ="MS_230705389"> 
	 <username>Lush O' the Irish</username> 
	 <sex>F</sex> 
	 <age>24</age> 
	 <city>OAK LAWN</city> 
	 <province>Illinois</province> 
	 <country>US</country> 
	 </user> 
<date>1217592120</date> 
 <body> It's Scissors. It's her psychiatrist that locks her in. Sliver was with one of the Baldwins who is a voyeur in that complex.</body> 
 </post> 
<post id= "MS_28597_47222372"> 
<user id ="MS_89520635"> 
	 <username>Peter Karby</username> 
	 <sex>M</sex> 
	 <age>32</age> 
	 <city>Oslo</city> 
	 <province></province> 
	 <country>NO</country> 
	 </user> 
<date>1217594640</date> 
 <body>ahh.. ok.. I stand corrected..</body> 
 </post> 
<post id= "MS_28597_47388490"> 
<user id ="MS_290235551"> 
	 <username>the good,the bad and the fugly</username> 
	 <sex>M</sex> 
	 <age>32</age> 
	 <city>WOODSIDE</city> 
	 <province>New York</province> 
	 <country>US</country> 
	 </user> 
<date>1217861100</date> 
 <body>  i got my two for my netflix thank you .</body> 
 </post> 
<post id= "MS_28597_47468177"> 
<user id ="MS_142174660"> 
	 <username>Tyger</username> 
	 <sex>F</sex> 
	 <age>50</age> 
	 <city>DES MOINES</city> 
	 <province>Iowa</province> 
	 <country>US</country> 
	 </user> 
<date>1217970660</date> 
 <body>I tend to like some of the older ones best....but here are a few: SORRY, WRONG NUMBER JOSHUA DEAD RINGERS 6TH SENSE FRACTURE CACHE OLD BOY HARD CANDY CAPE FEAR  There have been some good answers listed. I may go back a see some myself.</body> 
 </post> 
<post id= "MS_28597_47499848"> 
<user id ="MS_109138738"> 
	 <username>BODEAN</username> 
	 <sex>M</sex> 
	 <age>28</age> 
	 <city>Alabama</city> 
	 <province></province> 
	 <country>US</country> 
	 </user> 
<date>1218022200</date> 
 <body>I think you be the first person eva said he wanted something to make him think. I ain't neva had nobody that had to be made to think, they usually just thunk on they own.  I kinda like that you need some motivating factors to get ya thinking, gives me more time to stick ya in the box - and you can do plenty a thinking in there.  Why don't you mosey on ever and see what the last girl was thinking when we put her in the box. I got that on film so we could all remember the good ol' days.  I reckon you can find it somewhere in the list.</body> 
 </post> 
<post id= "MS_28597_47513931"> 
<user id ="MS_36372892"> 
	 <username>SLAPPY MONROE</username> 
	 <sex>M</sex> 
	 <age>31</age> 
	 <city>Bedford</city> 
	 <province>New Hampshire</province> 
	 <country>US</country> 
	 </user> 
<date>1218037680</date> 
 <body>OLD BOY is amazing. How about SYMPATHY FOR MR. VENGENCE and LADY VENGENCE, the other two movies in Park Chanwook's vengence trilogy.</body> 
 </post> 
<post id= "MS_28597_47515670"> 
<user id ="MS_38192577"> 
	 <username>blaaaagh</username> 
	 <sex>M</sex> 
	 <age>20</age> 
	 <city>H E L L H O L E</city> 
	 <province>North Carolina</province> 
	 <country>US</country> 
	 </user> 
<date>1218040020</date> 
 <body>The Last Starfighter fucked with me pretty bad..  does A Beautiful Mind count?</body> 
 </post> 
</posts>