<?xml version="1.0" encoding="UTF-8"?> 
 <posts> 
<post id= "MS_28397_46404960"> 
<user id ="MS_109505553"> 
	 <username>Ivo =/</username> 
	 <sex>M</sex> 
	 <age>18</age> 
	 <city>Bradenton</city> 
	 <province>Florida</province> 
	 <country>US</country> 
	 </user> 
<date>1216297740</date> 
 <body>  Yes  I like it better for some reason.</body> 
 </post> 
<post id= "MS_28397_46408900"> 
<user id ="MS_133968"> 
	 <username>Ricardo</username> 
	 <sex>M</sex> 
	 <age>34</age> 
	 <city>Chicago</city> 
	 <province>Illinois</province> 
	 <country>US</country> 
	 </user> 
<date>1216301700</date> 
 <body>   I thought Frank Welker passed away</body> 
 </post> 
<post id= "MS_28397_46409042"> 
<user id ="MS_109505553"> 
	 <username>Ivo =/</username> 
	 <sex>M</sex> 
	 <age>18</age> 
	 <city>Bradenton</city> 
	 <province>Florida</province> 
	 <country>US</country> 
	 </user> 
<date>1216301820</date> 
 <body>  Of course not</body> 
 </post> 
<post id= "MS_28397_46409317"> 
<user id ="MS_133968"> 
	 <username>Ricardo</username> 
	 <sex>M</sex> 
	 <age>34</age> 
	 <city>Chicago</city> 
	 <province>Illinois</province> 
	 <country>US</country> 
	 </user> 
<date>1216302060</date> 
 <body>    I stand corrected....I should nominate myself a bitch ass nigga in that other thread.</body> 
 </post> 
<post id= "MS_28397_46409446"> 
<user id ="MS_109505553"> 
	 <username>Ivo =/</username> 
	 <sex>M</sex> 
	 <age>18</age> 
	 <city>Bradenton</city> 
	 <province>Florida</province> 
	 <country>US</country> 
	 </user> 
<date>1216302180</date> 
 <body>It's understandable that you would think that... he's not as active as he used to be.</body> 
 </post> 
<post id= "MS_28397_46410118"> 
<user id ="MS_5274330"> 
	 <username>Matt</username> 
	 <sex>M</sex> 
	 <age>23</age> 
	 <city>Oshawa</city> 
	 <province>Ontario</province> 
	 <country>CA</country> 
	 </user> 
<date>1216302840</date> 
 <body>  I wouldn't say that. Since 2000 he has worked on almost 140 projects. That's almost 18 projects a year.</body> 
 </post> 
<post id= "MS_28397_46410303"> 
<user id ="MS_109505553"> 
	 <username>Ivo =/</username> 
	 <sex>M</sex> 
	 <age>18</age> 
	 <city>Bradenton</city> 
	 <province>Florida</province> 
	 <country>US</country> 
	 </user> 
<date>1216303080</date> 
 <body>  But most people don't realize that he's in the show or movie that they are watching.</body> 
 </post> 
<post id= "MS_28397_46410366"> 
<user id ="MS_109505553"> 
	 <username>Ivo =/</username> 
	 <sex>M</sex> 
	 <age>18</age> 
	 <city>Bradenton</city> 
	 <province>Florida</province> 
	 <country>US</country> 
	 </user> 
<date>1216303080</date> 
 <body>I also just realized that he played the Cave of Wonders in Aladdin</body> 
 </post> 
<post id= "MS_28397_46410450"> 
<user id ="MS_5274330"> 
	 <username>Matt</username> 
	 <sex>M</sex> 
	 <age>23</age> 
	 <city>Oshawa</city> 
	 <province>Ontario</province> 
	 <country>CA</country> 
	 </user> 
<date>1216303200</date> 
 <body>  But that's the life of a voice actor.</body> 
 </post> 
<post id= "MS_28397_46413159"> 
<user id ="MS_185793047"> 
	 <username>Scene Whore</username> 
	 <sex>M</sex> 
	 <age>27</age> 
	 <city>Stockholms lÃÂ¤n</city> 
	 <province></province> 
	 <country>SE</country> 
	 </user> 
<date>1216306260</date> 
 <body>  then you're an idiot for allowing a michael bay movie have an effect on your opinion at all.  and on a broader note, why the fuck can't you people let sleeping dogs lie? haven't you figured out that virtually every dead franchise (star wars, indiana jones, rambo, etc) will just tank when they rehash it?</body> 
 </post> 
</posts>