<?xml version="1.0" encoding="UTF-8"?> 
 <posts> 
<post id= "MS_28397_45840318"> 
<user id ="MS_192629055"> 
	 <username>Six6Two Beatz Official Track page</username> 
	 <sex>F</sex> 
	 <age>108</age> 
	 <city>Slappaho</city> 
	 <province>Mississippi</province> 
	 <country>US</country> 
	 </user> 
<date>1215380100</date> 
 <body>i liked the transformers movie..loved it in fact and i literally grew up on the transformers. i thought it told a good story and the action was tight my only complaint is the transformations looked too complicated..there was too many parts n shit movin for me..i think if they had kept the transforming a little closer to the cartoon it would have been perfect..another complaint i have is megatron n starscream was fuckin ugly..they could have made starscream look a little like he did in the cartoon at least and megatron was just plain ass ugly if he comes back in part 2 or 3 maybe they will have him actually scan a jet or somethin to turn into like the rest of em did</body> 
 </post> 
<post id= "MS_28397_45866886"> 
<user id ="MS_41236207"> 
	 <username>Michi Q Aka Ms.Capricious</username> 
	 <sex>F</sex> 
	 <age>27</age> 
	 <city>MV</city> 
	 <province></province> 
	 <country></country> 
	 </user> 
<date>1215429840</date> 
 <body>ALL HAIL TO THE MIGHTY STARSCREAM!!!!!! LOL</body> 
 </post> 
<post id= "MS_28397_45867555"> 
<user id ="MS_10664919"> 
	 <username>Joe</username> 
	 <sex>M</sex> 
	 <age>27</age> 
	 <city>Springfield</city> 
	 <province>Illinois</province> 
	 <country>US</country> 
	 </user> 
<date>1215430500</date> 
 <body>What he said.</body> 
 </post> 
<post id= "MS_28397_45868509"> 
<user id ="MS_97326494"> 
	 <username>Duncan Destruction</username> 
	 <sex>M</sex> 
	 <age>25</age> 
	 <city>Dundee</city> 
	 <province>Scotland</province> 
	 <country>UK</country> 
	 </user> 
<date>1215431640</date> 
 <body>The problem with Transformers:  It's a movie about a toy. Michael Bay directed it. Jerry Bruckheimer produced it. Shia Laboeuf was in it.</body> 
 </post> 
<post id= "MS_28397_45868683"> 
<user id ="MS_23964149"> 
	 <username>Rockstar Cowboy</username> 
	 <sex>M</sex> 
	 <age>26</age> 
	 <city>Golden</city> 
	 <province>Colorado</province> 
	 <country>US</country> 
	 </user> 
<date>1215431880</date> 
 <body></body> 
 </post> 
<post id= "MS_28397_45871339"> 
<user id ="MS_353402335"> 
	 <username>Kid AE</username> 
	 <sex>M</sex> 
	 <age>15</age> 
	 <city>My own private hell</city> 
	 <province>Colorado</province> 
	 <country>US</country> 
	 </user> 
<date>1215435000</date> 
 <body>The problem with Transformers is it has 2 many special effects</body> 
 </post> 
<post id= "MS_28397_45872529"> 
<user id ="MS_159332924"> 
	 <username>Practicing Misogynist!</username> 
	 <sex>M</sex> 
	 <age>21</age> 
	 <city>City of Assholes!</city> 
	 <province>Illinois</province> 
	 <country>US</country> 
	 </user> 
<date>1215436380</date> 
 <body>   Exactly, look at all the CRAPPY movies made from DC characters. I'm hating this JLA movie already and it's not even out yet.</body> 
 </post> 
<post id= "MS_28397_46337622"> 
<user id ="MS_74943305"> 
	 <username>Retrocadia</username> 
	 <sex>M</sex> 
	 <age>33</age> 
	 <city>Arlington</city> 
	 <province>Texas</province> 
	 <country>US</country> 
	 </user> 
<date>1216201980</date> 
 <body>   and that's EXACTLY what ruined all the past Transformer franchieses. Too much focus on humans, especially annoying little kids.  In Generation 1 the balance was perfect. A lot of fans my age say that the saturation of too many new Transformers ruined Generation 1 and made it get cancelled. I don't think so. I think it was the saturation of Daniel being used too much, too many times when the parents were the focus of attention, then they did what Star Trek and Return Of The Jedi made mistakes with, they brought in too many different alien species, which has the same effect as too many humans. The attention was taken away from the Transformers.</body> 
 </post> 
<post id= "MS_28397_46338301"> 
<user id ="MS_165864578"> 
	 <username>C. Allen Bell</username> 
	 <sex>M</sex> 
	 <age>108</age> 
	 <city>South philadelphia</city> 
	 <province>Pennsylvania</province> 
	 <country>US</country> 
	 </user> 
<date>1216202700</date> 
 <body>I'm not excited for number 2. The 1st was so disappointing.</body> 
 </post> 
<post id= "MS_28397_46338927"> 
<user id ="MS_74943305"> 
	 <username>Retrocadia</username> 
	 <sex>M</sex> 
	 <age>33</age> 
	 <city>Arlington</city> 
	 <province>Texas</province> 
	 <country>US</country> 
	 </user> 
<date>1216203360</date> 
 <body>   Well Mr. Allen, I can't really disagree with you. I'm a TF Fanboy myself. I think I feel a bit of excitement, but that could be anxiety and worry over how bad it might be ruined even more. Instead of a magical cube that they all sprouted up from, they might create some other magical ooze that the cube sprang from without any answers to any questions.</body> 
 </post> 
</posts>