<?xml version="1.0" encoding="UTF-8"?> 
 <posts> 
<post id= "MS_28397_46404608"> 
<user id ="MS_109505553"> 
	 <username>Ivo =/</username> 
	 <sex>M</sex> 
	 <age>18</age> 
	 <city>Bradenton</city> 
	 <province>Florida</province> 
	 <country>US</country> 
	 </user> 
<date>1216297380</date> 
 <body>I wanted Frank Welker in that movie.  What in the FUCK were they thinking?</body> 
 </post> 
<post id= "MS_28397_46404900"> 
<user id ="MS_59766340"> 
	 <username>My name..Oh yes. I have it written somewhere.</username> 
	 <sex>M</sex> 
	 <age>27</age> 
	 <city>BRONX</city> 
	 <province>New York</province> 
	 <country>US</country> 
	 </user> 
<date>1216297680</date> 
 <body>Have you played the game or watched how it looks when you hear franks voice with megatron footage?  It doesn't work.</body> 
 </post> 
<post id= "MS_28397_46404915"> 
<user id ="MS_23964149"> 
	 <username>Rockstar Cowboy</username> 
	 <sex>M</sex> 
	 <age>26</age> 
	 <city>Golden</city> 
	 <province>Colorado</province> 
	 <country>US</country> 
	 </user> 
<date>1216297740</date> 
 <body>  And told her to come over to my house.</body> 
 </post> 
<post id= "MS_28397_46404960"> 
<user id ="MS_109505553"> 
	 <username>Ivo =/</username> 
	 <sex>M</sex> 
	 <age>18</age> 
	 <city>Bradenton</city> 
	 <province>Florida</province> 
	 <country>US</country> 
	 </user> 
<date>1216297740</date> 
 <body>  Yes  I like it better for some reason.</body> 
 </post> 
<post id= "MS_28397_46408900"> 
<user id ="MS_133968"> 
	 <username>Ricardo</username> 
	 <sex>M</sex> 
	 <age>34</age> 
	 <city>Chicago</city> 
	 <province>Illinois</province> 
	 <country>US</country> 
	 </user> 
<date>1216301700</date> 
 <body>   I thought Frank Welker passed away</body> 
 </post> 
<post id= "MS_28397_46409042"> 
<user id ="MS_109505553"> 
	 <username>Ivo =/</username> 
	 <sex>M</sex> 
	 <age>18</age> 
	 <city>Bradenton</city> 
	 <province>Florida</province> 
	 <country>US</country> 
	 </user> 
<date>1216301820</date> 
 <body>  Of course not</body> 
 </post> 
<post id= "MS_28397_46409317"> 
<user id ="MS_133968"> 
	 <username>Ricardo</username> 
	 <sex>M</sex> 
	 <age>34</age> 
	 <city>Chicago</city> 
	 <province>Illinois</province> 
	 <country>US</country> 
	 </user> 
<date>1216302060</date> 
 <body>    I stand corrected....I should nominate myself a bitch ass nigga in that other thread.</body> 
 </post> 
<post id= "MS_28397_46409446"> 
<user id ="MS_109505553"> 
	 <username>Ivo =/</username> 
	 <sex>M</sex> 
	 <age>18</age> 
	 <city>Bradenton</city> 
	 <province>Florida</province> 
	 <country>US</country> 
	 </user> 
<date>1216302180</date> 
 <body>It's understandable that you would think that... he's not as active as he used to be.</body> 
 </post> 
<post id= "MS_28397_46410118"> 
<user id ="MS_5274330"> 
	 <username>Matt</username> 
	 <sex>M</sex> 
	 <age>23</age> 
	 <city>Oshawa</city> 
	 <province>Ontario</province> 
	 <country>CA</country> 
	 </user> 
<date>1216302840</date> 
 <body>  I wouldn't say that. Since 2000 he has worked on almost 140 projects. That's almost 18 projects a year.</body> 
 </post> 
<post id= "MS_28397_46410303"> 
<user id ="MS_109505553"> 
	 <username>Ivo =/</username> 
	 <sex>M</sex> 
	 <age>18</age> 
	 <city>Bradenton</city> 
	 <province>Florida</province> 
	 <country>US</country> 
	 </user> 
<date>1216303080</date> 
 <body>  But most people don't realize that he's in the show or movie that they are watching.</body> 
 </post> 
</posts>