<?xml version="1.0" encoding="UTF-8"?> 
 <posts> 
<post id= "MS_28397_45834234"> 
<user id ="MS_281376640"> 
	 <username>Chris</username> 
	 <sex>M</sex> 
	 <age>24</age> 
	 <city>New Hampshire</city> 
	 <province></province> 
	 <country>US</country> 
	 </user> 
<date>1215370980</date> 
 <body>I was never a Transformers fan, and I still hated the movie.</body> 
 </post> 
<post id= "MS_28397_45835587"> 
<user id ="MS_26094431"> 
	 <username>creed fanclub</username> 
	 <sex>F</sex> 
	 <age>108</age> 
	 <city>friendsville, happytown,</city> 
	 <province>New York</province> 
	 <country>US</country> 
	 </user> 
<date>1215372960</date> 
 <body>the cgi action in the movie rocked me. michael bay will always suck but thats what people are into. damn, optimus was really gay for humans. he was "ill die for you guys!".</body> 
 </post> 
<post id= "MS_28397_45835766"> 
<user id ="MS_59766340"> 
	 <username>My name..Oh yes. I have it written somewhere.</username> 
	 <sex>M</sex> 
	 <age>27</age> 
	 <city>BRONX</city> 
	 <province>New York</province> 
	 <country>US</country> 
	 </user> 
<date>1215373200</date> 
 <body>I'm sure the next movie will expand on Starscream's personality.  If not, too bad.</body> 
 </post> 
<post id= "MS_28397_45838509"> 
<user id ="MS_109505553"> 
	 <username>Ivo =/</username> 
	 <sex>M</sex> 
	 <age>18</age> 
	 <city>Bradenton</city> 
	 <province>Florida</province> 
	 <country>US</country> 
	 </user> 
<date>1215377640</date> 
 <body>I still think that Michael Bay focused on the humans more than the Transformers.  It was almost as if the robots were just thrown in as eye candy.</body> 
 </post> 
<post id= "MS_28397_45840318"> 
<user id ="MS_192629055"> 
	 <username>Six6Two Beatz Official Track page</username> 
	 <sex>F</sex> 
	 <age>108</age> 
	 <city>Slappaho</city> 
	 <province>Mississippi</province> 
	 <country>US</country> 
	 </user> 
<date>1215380100</date> 
 <body>i liked the transformers movie..loved it in fact and i literally grew up on the transformers. i thought it told a good story and the action was tight my only complaint is the transformations looked too complicated..there was too many parts n shit movin for me..i think if they had kept the transforming a little closer to the cartoon it would have been perfect..another complaint i have is megatron n starscream was fuckin ugly..they could have made starscream look a little like he did in the cartoon at least and megatron was just plain ass ugly if he comes back in part 2 or 3 maybe they will have him actually scan a jet or somethin to turn into like the rest of em did</body> 
 </post> 
<post id= "MS_28397_45866886"> 
<user id ="MS_41236207"> 
	 <username>Michi Q Aka Ms.Capricious</username> 
	 <sex>F</sex> 
	 <age>27</age> 
	 <city>MV</city> 
	 <province></province> 
	 <country></country> 
	 </user> 
<date>1215429840</date> 
 <body>ALL HAIL TO THE MIGHTY STARSCREAM!!!!!! LOL</body> 
 </post> 
<post id= "MS_28397_45867555"> 
<user id ="MS_10664919"> 
	 <username>Joe</username> 
	 <sex>M</sex> 
	 <age>27</age> 
	 <city>Springfield</city> 
	 <province>Illinois</province> 
	 <country>US</country> 
	 </user> 
<date>1215430500</date> 
 <body>What he said.</body> 
 </post> 
<post id= "MS_28397_45868509"> 
<user id ="MS_97326494"> 
	 <username>Duncan Destruction</username> 
	 <sex>M</sex> 
	 <age>25</age> 
	 <city>Dundee</city> 
	 <province>Scotland</province> 
	 <country>UK</country> 
	 </user> 
<date>1215431640</date> 
 <body>The problem with Transformers:  It's a movie about a toy. Michael Bay directed it. Jerry Bruckheimer produced it. Shia Laboeuf was in it.</body> 
 </post> 
<post id= "MS_28397_45868683"> 
<user id ="MS_23964149"> 
	 <username>Rockstar Cowboy</username> 
	 <sex>M</sex> 
	 <age>26</age> 
	 <city>Golden</city> 
	 <province>Colorado</province> 
	 <country>US</country> 
	 </user> 
<date>1215431880</date> 
 <body></body> 
 </post> 
<post id= "MS_28397_45871339"> 
<user id ="MS_353402335"> 
	 <username>Kid AE</username> 
	 <sex>M</sex> 
	 <age>15</age> 
	 <city>My own private hell</city> 
	 <province>Colorado</province> 
	 <country>US</country> 
	 </user> 
<date>1215435000</date> 
 <body>The problem with Transformers is it has 2 many special effects</body> 
 </post> 
</posts>