<?xml version="1.0" encoding="UTF-8"?> 
 <posts> 
<post id= "MS_28397_45868683"> 
<user id ="MS_23964149"> 
	 <username>Rockstar Cowboy</username> 
	 <sex>M</sex> 
	 <age>26</age> 
	 <city>Golden</city> 
	 <province>Colorado</province> 
	 <country>US</country> 
	 </user> 
<date>1215431880</date> 
 <body></body> 
 </post> 
<post id= "MS_28397_45871339"> 
<user id ="MS_353402335"> 
	 <username>Kid AE</username> 
	 <sex>M</sex> 
	 <age>15</age> 
	 <city>My own private hell</city> 
	 <province>Colorado</province> 
	 <country>US</country> 
	 </user> 
<date>1215435000</date> 
 <body>The problem with Transformers is it has 2 many special effects</body> 
 </post> 
<post id= "MS_28397_45872529"> 
<user id ="MS_159332924"> 
	 <username>Practicing Misogynist!</username> 
	 <sex>M</sex> 
	 <age>21</age> 
	 <city>City of Assholes!</city> 
	 <province>Illinois</province> 
	 <country>US</country> 
	 </user> 
<date>1215436380</date> 
 <body>   Exactly, look at all the CRAPPY movies made from DC characters. I'm hating this JLA movie already and it's not even out yet.</body> 
 </post> 
<post id= "MS_28397_46337622"> 
<user id ="MS_74943305"> 
	 <username>Retrocadia</username> 
	 <sex>M</sex> 
	 <age>33</age> 
	 <city>Arlington</city> 
	 <province>Texas</province> 
	 <country>US</country> 
	 </user> 
<date>1216201980</date> 
 <body>   and that's EXACTLY what ruined all the past Transformer franchieses. Too much focus on humans, especially annoying little kids.  In Generation 1 the balance was perfect. A lot of fans my age say that the saturation of too many new Transformers ruined Generation 1 and made it get cancelled. I don't think so. I think it was the saturation of Daniel being used too much, too many times when the parents were the focus of attention, then they did what Star Trek and Return Of The Jedi made mistakes with, they brought in too many different alien species, which has the same effect as too many humans. The attention was taken away from the Transformers.</body> 
 </post> 
<post id= "MS_28397_46338301"> 
<user id ="MS_165864578"> 
	 <username>C. Allen Bell</username> 
	 <sex>M</sex> 
	 <age>108</age> 
	 <city>South philadelphia</city> 
	 <province>Pennsylvania</province> 
	 <country>US</country> 
	 </user> 
<date>1216202700</date> 
 <body>I'm not excited for number 2. The 1st was so disappointing.</body> 
 </post> 
<post id= "MS_28397_46338927"> 
<user id ="MS_74943305"> 
	 <username>Retrocadia</username> 
	 <sex>M</sex> 
	 <age>33</age> 
	 <city>Arlington</city> 
	 <province>Texas</province> 
	 <country>US</country> 
	 </user> 
<date>1216203360</date> 
 <body>   Well Mr. Allen, I can't really disagree with you. I'm a TF Fanboy myself. I think I feel a bit of excitement, but that could be anxiety and worry over how bad it might be ruined even more. Instead of a magical cube that they all sprouted up from, they might create some other magical ooze that the cube sprang from without any answers to any questions.</body> 
 </post> 
<post id= "MS_28397_46339506"> 
<user id ="MS_43445330"> 
	 <username>Ã§âºÂ¸Ã§â¢Â¶ Ã¨Â©Â²Ã¦Â­Â» RANDOM</username> 
	 <sex>M</sex> 
	 <age>26</age> 
	 <city>FORT WORTH</city> 
	 <province>Texas</province> 
	 <country>US</country> 
	 </user> 
<date>1216204020</date> 
 <body>I just read that have told Megan Fox to Gain 10 Pounds for Transformers Sequel.</body> 
 </post> 
<post id= "MS_28397_46340636"> 
<user id ="MS_165864578"> 
	 <username>C. Allen Bell</username> 
	 <sex>M</sex> 
	 <age>108</age> 
	 <city>South philadelphia</city> 
	 <province>Pennsylvania</province> 
	 <country>US</country> 
	 </user> 
<date>1216205220</date> 
 <body>where at? Boobs, behind?</body> 
 </post> 
<post id= "MS_28397_46340872"> 
<user id ="MS_43445330"> 
	 <username>Ã§âºÂ¸Ã§â¢Â¶ Ã¨Â©Â²Ã¦Â­Â» RANDOM</username> 
	 <sex>M</sex> 
	 <age>26</age> 
	 <city>FORT WORTH</city> 
	 <province>Texas</province> 
	 <country>US</country> 
	 </user> 
<date>1216205520</date> 
 <body>Good question...  </body> 
 </post> 
<post id= "MS_28397_46344413"> 
<user id ="MS_109505553"> 
	 <username>Ivo =/</username> 
	 <sex>M</sex> 
	 <age>18</age> 
	 <city>Bradenton</city> 
	 <province>Florida</province> 
	 <country>US</country> 
	 </user> 
<date>1216209120</date> 
 <body></body> 
 </post> 
</posts>