<?xml version="1.0" encoding="UTF-8"?> 
 <posts> 
<post id= "MS_9463_46505476"> 
<user id ="MS_374581065"> 
	 <username>Black~Jack is so gay - but likes girls too</username> 
	 <sex>M</sex> 
	 <age>17</age> 
	 <city>Aitkin</city> 
	 <province>Minnesota</province> 
	 <country>US</country> 
	 </user> 
<date>1216464480</date> 
 <body>yeah it is a fluctuation but the fluctuations will probably result in the gas going down... I am not kidding you, they might be drilling right now and we need people to drill.</body> 
 </post> 
<post id= "MS_9463_46505511"> 
<user id ="MS_374581065"> 
	 <username>Black~Jack is so gay - but likes girls too</username> 
	 <sex>M</sex> 
	 <age>17</age> 
	 <city>Aitkin</city> 
	 <province>Minnesota</province> 
	 <country>US</country> 
	 </user> 
<date>1216464540</date> 
 <body>  whoa that is expensive</body> 
 </post> 
<post id= "MS_9463_46505563"> 
<user id ="MS_374581065"> 
	 <username>Black~Jack is so gay - but likes girls too</username> 
	 <sex>M</sex> 
	 <age>17</age> 
	 <city>Aitkin</city> 
	 <province>Minnesota</province> 
	 <country>US</country> 
	 </user> 
<date>1216464600</date> 
 <body>  yeah the had pretty much topped off in my own opinion... I don't see it going any higher so that is good news.</body> 
 </post> 
<post id= "MS_9463_46515854"> 
<user id ="MS_335313387"> 
	 <username>Ryan</username> 
	 <sex>M</sex> 
	 <age>23</age> 
	 <city>EUGENE</city> 
	 <province>Oregon</province> 
	 <country>US</country> 
	 </user> 
<date>1216481400</date> 
 <body>  Again, the knowledge you impart on us peons goes far too unappreciated.</body> 
 </post> 
<post id= "MS_9463_46520943"> 
<user id ="MS_8225318"> 
	 <username>dujac</username> 
	 <sex>M</sex> 
	 <age>49</age> 
	 <city>Hot Springs</city> 
	 <province>Arkansas</province> 
	 <country>US</country> 
	 </user> 
<date>1216489020</date> 
 <body>  you're a peon?</body> 
 </post> 
<post id= "MS_9463_46521056"> 
<user id ="MS_335313387"> 
	 <username>Ryan</username> 
	 <sex>M</sex> 
	 <age>23</age> 
	 <city>EUGENE</city> 
	 <province>Oregon</province> 
	 <country>US</country> 
	 </user> 
<date>1216489200</date> 
 <body> Relatively speaking.</body> 
 </post> 
<post id= "MS_9463_46537450"> 
<user id ="MS_157942348"> 
	 <username>Raelene & Gerald</username> 
	 <sex>F</sex> 
	 <age>29</age> 
	 <city>From Bay Area</city> 
	 <province>California</province> 
	 <country>US</country> 
	 </user> 
<date>1216525620</date> 
 <body>  So you say a Democrat will make it skyrocket??? How?</body> 
 </post> 
<post id= "MS_9463_46548926"> 
<user id ="MS_374581065"> 
	 <username>Black~Jack is so gay - but likes girls too</username> 
	 <sex>M</sex> 
	 <age>17</age> 
	 <city>Aitkin</city> 
	 <province>Minnesota</province> 
	 <country>US</country> 
	 </user> 
<date>1216549620</date> 
 <body>  yeah everything skyrockets when we get a democratic president... back in the day of President Clinton, the taxes are high so we can spend money on government programs so the people who are working for the government gets some money. But when Bush is in there, taxes are lower because Bush is more based on consumerism and people buying stuff ourselves than paying the government for money. For the government it is good if we have higher prices, but for the regular consumers, it is bad.  yeah with the gas... the gash goes higher because instead of spending money on drilling, we spend it on more important stuff like government programs and health care and all that good stuff.</body> 
 </post> 
<post id= "MS_9463_46560357"> 
<user id ="MS_157942348"> 
	 <username>Raelene & Gerald</username> 
	 <sex>F</sex> 
	 <age>29</age> 
	 <city>From Bay Area</city> 
	 <province>California</province> 
	 <country>US</country> 
	 </user> 
<date>1216565280</date> 
 <body> I'm not saying you're wrong..but the gas never was a huge problem unTIL a republican so as-BUSH-was in office..we have seemed to be in debt because also too much spending on the war...so actually it looks as though the opposite happened..</body> 
 </post> 
<post id= "MS_9463_46562482"> 
<user id ="MS_4087388"> 
	 <username>Chris</username> 
	 <sex>M</sex> 
	 <age>33</age> 
	 <city>North Carolina</city> 
	 <province></province> 
	 <country>US</country> 
	 </user> 
<date>1216568760</date> 
 <body>FOREVAAAAAAAAAAHHHHHHHHHHHHHHHH!!!!!!!!!!!!!! Or until it hits zero</body> 
 </post> 
</posts>