<?xml version="1.0" encoding="UTF-8"?> 
 <posts> 
<post id= "MS_9463_46560357"> 
<user id ="MS_157942348"> 
	 <username>Raelene & Gerald</username> 
	 <sex>F</sex> 
	 <age>29</age> 
	 <city>From Bay Area</city> 
	 <province>California</province> 
	 <country>US</country> 
	 </user> 
<date>1216565280</date> 
 <body> I'm not saying you're wrong..but the gas never was a huge problem unTIL a republican so as-BUSH-was in office..we have seemed to be in debt because also too much spending on the war...so actually it looks as though the opposite happened..</body> 
 </post> 
<post id= "MS_9463_46562482"> 
<user id ="MS_4087388"> 
	 <username>Chris</username> 
	 <sex>M</sex> 
	 <age>33</age> 
	 <city>North Carolina</city> 
	 <province></province> 
	 <country>US</country> 
	 </user> 
<date>1216568760</date> 
 <body>FOREVAAAAAAAAAAHHHHHHHHHHHHHHHH!!!!!!!!!!!!!! Or until it hits zero</body> 
 </post> 
<post id= "MS_9463_46562555"> 
<user id ="MS_323763497"> 
	 <username>Spark E.</username> 
	 <sex>M</sex> 
	 <age>30</age> 
	 <city>ESCONDIDO</city> 
	 <province>California</province> 
	 <country>US</country> 
	 </user> 
<date>1216568880</date> 
 <body>  You might not be saying it, but I will. Fool is wrong!  Supply side economics means suppliers make a bundle...you get screwed. "Trickle-down economics" is a lie. The only thing that trickles down is inflation. Putting more money in the hands of the rich leads them to increase their investments, bringing prices out of the reach of the lower and middle classes. Not just for gas, but also for things like housing and health care.</body> 
 </post> 
<post id= "MS_9463_46562936"> 
<user id ="MS_3231231"> 
	 <username>Dan.</username> 
	 <sex>M</sex> 
	 <age>20</age> 
	 <city>Goldsboro & Gvegas</city> 
	 <province>NORTH CAROLINA</province> 
	 <country>US</country> 
	 </user> 
<date>1216569480</date> 
 <body>Heres the three reasons why they've been going down this past week:  -President lifted executive ban on offshore drilling (speculation decreased) -The US is sitting down with Iran (speculation decreased) -Demand has lowered  The cost of a barrel of oil went down 18 dollars this past week, and thats not just the biggest decrease in a week since the war, thats the biggest decrease in history for one week.</body> 
 </post> 
<post id= "MS_9463_46572601"> 
<user id ="MS_369060867"> 
	 <username>Frequency 13</username> 
	 <sex>F</sex> 
	 <age>104</age> 
	 <city>ATLANTA</city> 
	 <province>Georgia</province> 
	 <country>US</country> 
	 </user> 
<date>1216584000</date> 
 <body> gas prices will never go down...just sort of a roller coaster ride up</body> 
 </post> 
<post id= "MS_9463_46652704"> 
<user id ="MS_8225318"> 
	 <username>dujac</username> 
	 <sex>M</sex> 
	 <age>49</age> 
	 <city>Hot Springs</city> 
	 <province>Arkansas</province> 
	 <country>US</country> 
	 </user> 
<date>1216721580</date> 
 <body>  i don't think you know what you're talking about   wholesale oil prices have come down to some degree  consumer prices are somewhat flexible upward, but strictly  sticky downward; so, gas prices will not fall significantly unless  the decreased demand for it, can be maintained for some time</body> 
 </post> 
<post id= "MS_9463_46661068"> 
<user id ="MS_151422216"> 
	 <username>richard</username> 
	 <sex>M</sex> 
	 <age>29</age> 
	 <city>Texas</city> 
	 <province></province> 
	 <country>US</country> 
	 </user> 
<date>1216730640</date> 
 <body>  the last time we had gas prices rise, sales of pickup trucks and suvs fell sharply only to pick up again when prices fell. but most people think we aren't gonna see gas in 2 dollar range ever again. why should they reduce the price? the don't have to and nobody seems to know why they are up so high anyhow.</body> 
 </post> 
<post id= "MS_9463_46662787"> 
<user id ="MS_8225318"> 
	 <username>dujac</username> 
	 <sex>M</sex> 
	 <age>49</age> 
	 <city>Hot Springs</city> 
	 <province>Arkansas</province> 
	 <country>US</country> 
	 </user> 
<date>1216732740</date> 
 <body>  the reason why, has already been posted in this thread</body> 
 </post> 
<post id= "MS_9463_46673159"> 
<user id ="MS_276798524"> 
	 <username>BG n EH</username> 
	 <sex>M</sex> 
	 <age>35</age> 
	 <city>East Hampton</city> 
	 <province>New York</province> 
	 <country>US</country> 
	 </user> 
<date>1216746120</date> 
 <body>Gas prices going DOWN????? Some one should send word via pony express to Long Island.... still paying $4.65 a gallon.... just like last week...</body> 
 </post> 
<post id= "MS_9463_46676294"> 
<user id ="MS_8225318"> 
	 <username>dujac</username> 
	 <sex>M</sex> 
	 <age>49</age> 
	 <city>Hot Springs</city> 
	 <province>Arkansas</province> 
	 <country>US</country> 
	 </user> 
<date>1216749780</date> 
 <body></body> 
 </post> 
</posts>