<?xml version="1.0" encoding="UTF-8"?> 
 <posts> 
<post id= "MS_8773_46417797"> 
<user id ="MS_378260841"> 
	 <username>Mike</username> 
	 <sex>M</sex> 
	 <age>29</age> 
	 <city>NEW CITY</city> 
	 <province>New York</province> 
	 <country>US</country> 
	 </user> 
<date>1216311780</date> 
 <body>public defenders are the worst of the bunch. they don't care about the client if you are innocent they will sell you up the river. they will not show up to hearings, show up late & basically do what they can to make you look guilty when you aren't. when you are on your way to jail they will sit back & say "I tried" when laughing at you. fuckin scumbags the lot of them.</body> 
 </post> 
<post id= "MS_8773_46420869"> 
<user id ="MS_87131833"> 
	 <username>Steven R.</username> 
	 <sex>M</sex> 
	 <age>93</age> 
	 <city>ELIZABETH</city> 
	 <province>Colorado</province> 
	 <country>US</country> 
	 </user> 
<date>1216315320</date> 
 <body>But what if you didn't need a lawyer?</body> 
 </post> 
<post id= "MS_8773_46421852"> 
<user id ="MS_170404325"> 
	 <username>Best Viewed With Cable</username> 
	 <sex>M</sex> 
	 <age>37</age> 
	 <city>Michigan</city> 
	 <province></province> 
	 <country>US</country> 
	 </user> 
<date>1216316400</date> 
 <body>  Lawyers get paid to tell lies.  Yes, I admit all all lawyers arent jonny cochran, but still. They knowingly portray reality under a false microscope, and sometimes its deadly...</body> 
 </post> 
<post id= "MS_8773_46423262"> 
<user id ="MS_191785243"> 
	 <username>whooyaa</username> 
	 <sex>M</sex> 
	 <age>48</age> 
	 <city>Montclair</city> 
	 <province>California</province> 
	 <country>US</country> 
	 </user> 
<date>1216318260</date> 
 <body>Whats wrong with our lawyer's?  There's not any hanging from our trees.</body> 
 </post> 
<post id= "MS_8773_46425228"> 
<user id ="MS_191785243"> 
	 <username>whooyaa</username> 
	 <sex>M</sex> 
	 <age>48</age> 
	 <city>Montclair</city> 
	 <province>California</province> 
	 <country>US</country> 
	 </user> 
<date>1216320960</date> 
 <body>  So very true. The language they use is pretty much foreign to probably about 90% of us. Therefore making us equal in the eyes of the law pretty much a out and out lie. Of course ignorance is no excuse, as they say. What gets me is your considered ignorant if your unable to lawyerspeak or speak the tongue of deception.  I've had recent dealings needing a lawyer, That son o bitch ripped me off more than the people I was after. He's 3g's richer and I'm in the exact same situation I was in before he was retained.  I should have handled it the old Irish way, but on the advice of those closest to me, I refrained.  Heh, Maybe I will send that thiefing som bitch a piece of rope and one of those witty Irish quotes and let him think about that not everyone he screw's is going to let it slide, or maybe one day he will turn around and there I'll be, to explain to him about honesty and integrity and when someone charges $300.00 bucks an hour, he damn well better earn it.</body> 
 </post> 
<post id= "MS_8773_46442060"> 
<user id ="MS_395538055"> 
	 <username>Norseman</username> 
	 <sex>M</sex> 
	 <age>46</age> 
	 <city>MINNEAPOLIS</city> 
	 <province>Minnesota</province> 
	 <country>US</country> 
	 </user> 
<date>1216357320</date> 
 <body>Lawyers are the biggest scumbags to live on this planet, all they care about is there F---ing money They dont care if you go to prison. Why do yuu think most of the people in prison are poor, most of them should be in there but it makes you wonder how many innocent people are there just because the scumbag piece of crap didnt get enuogh money to line his pocket! Then the lump of bile when theyve thoroughly screwed there fellow americans out of everything they have, They somehow think that they are now worthy of representing us as Senetor or Congressman. We dont really even get a choice because chances are both sides of the race are going to be scumbag bile. So thats why we end up with a Congress that has the the worst approvel rating in american history. Most scumbag Lawyers think they are so supperior to the average american that they have no Idea what issues are most important to the people they are supposed to be representing. But they do know how to spend tax money that doesnt belong to them did I mention I hate Lawyers!!!!</body> 
 </post> 
<post id= "MS_8773_46937124"> 
<user id ="MS_111289718"> 
	 <username>Maxwell</username> 
	 <sex>M</sex> 
	 <age>53</age> 
	 <city>US</city> 
	 <province></province> 
	 <country></country> 
	 </user> 
<date>1217171940</date> 
 <body> I heard of one "public defender" even showing up DRUNK for a trial! He was do drunk that the judge had to suspend proceedings. Really wonder why these people conduct themselves and treat their indigent clients the way they do.</body> 
 </post> 
<post id= "MS_8773_46937692"> 
<user id ="MS_138940314"> 
	 <username>Mr. Meat Curtains</username> 
	 <sex>M</sex> 
	 <age>32</age> 
	 <city>Scottsdale</city> 
	 <province>Arizona</province> 
	 <country>US</country> 
	 </user> 
<date>1217172780</date> 
 <body> LMAO  Funny thing is we all hate lawyers, till we need one.</body> 
 </post> 
<post id= "MS_8773_46938069"> 
<user id ="MS_111289718"> 
	 <username>Maxwell</username> 
	 <sex>M</sex> 
	 <age>53</age> 
	 <city>US</city> 
	 <province></province> 
	 <country></country> 
	 </user> 
<date>1217173320</date> 
 <body></body> 
 </post> 
<post id= "MS_8773_46938168"> 
<user id ="MS_111289718"> 
	 <username>Maxwell</username> 
	 <sex>M</sex> 
	 <age>53</age> 
	 <city>US</city> 
	 <province></province> 
	 <country></country> 
	 </user> 
<date>1217173500</date> 
 <body> Yeah, but very FEW can afford one unless you have the wealth and fame of Victor Newman, or Bill Gates!</body> 
 </post> 
</posts>