<?xml version="1.0" encoding="UTF-8"?> 
 <posts> 
<post id= "MS_8773_46937124"> 
<user id ="MS_111289718"> 
	 <username>Maxwell</username> 
	 <sex>M</sex> 
	 <age>53</age> 
	 <city>US</city> 
	 <province></province> 
	 <country></country> 
	 </user> 
<date>1217171940</date> 
 <body> I heard of one "public defender" even showing up DRUNK for a trial! He was do drunk that the judge had to suspend proceedings. Really wonder why these people conduct themselves and treat their indigent clients the way they do.</body> 
 </post> 
<post id= "MS_8773_46937692"> 
<user id ="MS_138940314"> 
	 <username>Mr. Meat Curtains</username> 
	 <sex>M</sex> 
	 <age>32</age> 
	 <city>Scottsdale</city> 
	 <province>Arizona</province> 
	 <country>US</country> 
	 </user> 
<date>1217172780</date> 
 <body> LMAO  Funny thing is we all hate lawyers, till we need one.</body> 
 </post> 
<post id= "MS_8773_46938069"> 
<user id ="MS_111289718"> 
	 <username>Maxwell</username> 
	 <sex>M</sex> 
	 <age>53</age> 
	 <city>US</city> 
	 <province></province> 
	 <country></country> 
	 </user> 
<date>1217173320</date> 
 <body></body> 
 </post> 
<post id= "MS_8773_46938168"> 
<user id ="MS_111289718"> 
	 <username>Maxwell</username> 
	 <sex>M</sex> 
	 <age>53</age> 
	 <city>US</city> 
	 <province></province> 
	 <country></country> 
	 </user> 
<date>1217173500</date> 
 <body> Yeah, but very FEW can afford one unless you have the wealth and fame of Victor Newman, or Bill Gates!</body> 
 </post> 
<post id= "MS_8773_46938682"> 
<user id ="MS_138940314"> 
	 <username>Mr. Meat Curtains</username> 
	 <sex>M</sex> 
	 <age>32</age> 
	 <city>Scottsdale</city> 
	 <province>Arizona</province> 
	 <country>US</country> 
	 </user> 
<date>1217174160</date> 
 <body> You mean a good lawyer, right?  I got my older brother. He's an attorney. Although it would have to deal with real estate. Otherwise, I'm fucked.</body> 
 </post> 
<post id= "MS_8773_46938895"> 
<user id ="MS_111289718"> 
	 <username>Maxwell</username> 
	 <sex>M</sex> 
	 <age>53</age> 
	 <city>US</city> 
	 <province></province> 
	 <country></country> 
	 </user> 
<date>1217174520</date> 
 <body> That is correct! Say, are you having legal problems at present?</body> 
 </post> 
<post id= "MS_8773_46953546"> 
<user id ="MS_138940314"> 
	 <username>Mr. Meat Curtains</username> 
	 <sex>M</sex> 
	 <age>32</age> 
	 <city>Scottsdale</city> 
	 <province>Arizona</province> 
	 <country>US</country> 
	 </user> 
<date>1217195940</date> 
 <body> Not yet. But as an educator, I keep my fingers crossed. We're too sue-happy. I love when parents threaten to sue you if you fail their kid who never did homework and always ditches class.</body> 
 </post> 
<post id= "MS_8773_46962426"> 
<user id ="MS_87131833"> 
	 <username>Steven R.</username> 
	 <sex>M</sex> 
	 <age>93</age> 
	 <city>ELIZABETH</city> 
	 <province>Colorado</province> 
	 <country>US</country> 
	 </user> 
<date>1217223780</date> 
 <body>  In general, ÃÂ I completely disagree. ÃÂ Yes, there are those who are new and doing it for the experience, and there are those who are doing it because they have to and really donÃ¢â¬â¢t care because they are getting far less for representing someone under the Public Defenders arrangement that they would from a paying customer.ÃÂ  But there are also those who are doing it because they have a desire to see that everyone is defended. ÃÂ  I was on a murder jury where the defendant was defended by the Public Defenders office.ÃÂ  These guys threw their hearts and souls into the defense.ÃÂ  Too bad the guy was guilty as hell, but they mounted several appeals after the conviction, interviewed every member of the jury that would talk to them, and I understand that they are still trying to get this dude out.ÃÂ  I contrast that to a lawyer I had, gave him a large retainer, and he withdrew from the case after he had spent it all, much more, and I asked him to put me on a payment plan.</body> 
 </post> 
<post id= "MS_8773_46963218"> 
<user id ="MS_396709118"> 
	 <username>Penny</username> 
	 <sex>F</sex> 
	 <age>42</age> 
	 <city>NASHVILLE</city> 
	 <province>North Carolina</province> 
	 <country>US</country> 
	 </user> 
<date>1217225220</date> 
 <body>Lawyers just plain make too damn much money for really screwing you in the ass with a big legal sized dildo. And no, they don't use any Astroglide, either,LMAO!</body> 
 </post> 
<post id= "MS_8773_46964271"> 
<user id ="MS_386468900"> 
	 <username>Tacoma Grandpa</username> 
	 <sex>M</sex> 
	 <age>49</age> 
	 <city>TACOMA</city> 
	 <province>Washington</province> 
	 <country>US</country> 
	 </user> 
<date>1217226960</date> 
 <body>It's the system that is at fault here. Even if they come forward, there's a good chance it wouldn't have made a difference. Having said that, however, had it been me, I would have went to the judge and DA and told what I know and given up the license. At least, maybe, the verdict could have been overturned. Only maybe, but worth a shot. Even if they didn't give up their client, just said that someone else confessed to the crime. What I don't get is why they didn't do it after their client got convicted. He was done for anyway.</body> 
 </post> 
</posts>