<?xml version="1.0" encoding="UTF-8"?> 
 <posts> 
<post id= "MS_29071_46729822"> 
<user id ="MS_205379997"> 
	 <username>Apollo</username> 
	 <sex>M</sex> 
	 <age>26</age> 
	 <city>US</city> 
	 <province></province> 
	 <country></country> 
	 </user> 
<date>1216830480</date> 
 <body>   You said it</body> 
 </post> 
<post id= "MS_29071_46729944"> 
<user id ="MS_2278378"> 
	 <username>Surf</username> 
	 <sex>M</sex> 
	 <age>27</age> 
	 <city>Riverside (No Longer San Diego :(</city> 
	 <province>California</province> 
	 <country>US</country> 
	 </user> 
<date>1216830660</date> 
 <body>Check out this awesome thread</body> 
 </post> 
<post id= "MS_29071_46730580"> 
<user id ="MS_23964149"> 
	 <username>Rockstar Cowboy</username> 
	 <sex>M</sex> 
	 <age>26</age> 
	 <city>Golden</city> 
	 <province>Colorado</province> 
	 <country>US</country> 
	 </user> 
<date>1216831560</date> 
 <body>TDK was better than Begins...I didn't like begins. But I liked TDK...Because of the acting, but I still don't like the Bale over voice acting as Batman.</body> 
 </post> 
<post id= "MS_29071_46730769"> 
<user id ="MS_115019883"> 
	 <username>Evil Red Ninja</username> 
	 <sex>M</sex> 
	 <age>100</age> 
	 <city>Neon Trailer Park</city> 
	 <province>Georgia</province> 
	 <country>US</country> 
	 </user> 
<date>1216831800</date> 
 <body>  If you really didn't like itÂ  . . . then I can respect that, but you will have to do better than Bale's voice as Batman. ItÂ was an established fact (comic book) that Batman spoke with a gravelly typeÂ voice. If you expected it to be cheesy. . Â then why did you go to the theater to see it. I personally only go to the theater to see movies thatÂ I think are going to be goodÂ  . . all the rest I can wait for DVD.  The fact that you started a thread while there is one pinned . . . just to state your disgust with the film makes you an attention whoreÂ  . . . GOOD JOB !!</body> 
 </post> 
<post id= "MS_29071_46730839"> 
<user id ="MS_3671064"> 
	 <username>3671064 â</username> 
	 <sex>M</sex> 
	 <age>38</age> 
	 <city>Lexington</city> 
	 <province>Kentucky</province> 
	 <country>US</country> 
	 </user> 
<date>1216831860</date> 
 <body>  (also 8.5/10 here)</body> 
 </post> 
<post id= "MS_29071_46786559"> 
<user id ="MS_115019883"> 
	 <username>Evil Red Ninja</username> 
	 <sex>M</sex> 
	 <age>100</age> 
	 <city>Neon Trailer Park</city> 
	 <province>Georgia</province> 
	 <country>US</country> 
	 </user> 
<date>1216915620</date> 
 <body>ÃÂ   I'mÃÂ just an overzealous forum slut.</body> 
 </post> 
<post id= "MS_29071_46787030"> 
<user id ="MS_115019883"> 
	 <username>Evil Red Ninja</username> 
	 <sex>M</sex> 
	 <age>100</age> 
	 <city>Neon Trailer Park</city> 
	 <province>Georgia</province> 
	 <country>US</country> 
	 </user> 
<date>1216916280</date> 
 <body>  My cycle is broken!</body> 
 </post> 
<post id= "MS_29071_46787363"> 
<user id ="MS_115019883"> 
	 <username>Evil Red Ninja</username> 
	 <sex>M</sex> 
	 <age>100</age> 
	 <city>Neon Trailer Park</city> 
	 <province>Georgia</province> 
	 <country>US</country> 
	 </user> 
<date>1216916700</date> 
 <body>  It's called welfare Earl.</body> 
 </post> 
<post id= "MS_29071_46787521"> 
<user id ="MS_16077278"> 
	 <username>Drea.(The Albino-Mexican)</username> 
	 <sex>F</sex> 
	 <age>17</age> 
	 <city>Vancouver/ Bell Gardens/ Commerce</city> 
	 <province>Washington</province> 
	 <country>US</country> 
	 </user> 
<date>1216916940</date> 
 <body>   Of course his death had something to do with how big it got!  Hello...the same thing happened with The Crow....it got soo big because of Brandon Lee's death and was praised to be like gods work...   I mean yeah its good but its not a present from god...the same situation here!!!</body> 
 </post> 
<post id= "MS_29071_46787643"> 
<user id ="MS_115019883"> 
	 <username>Evil Red Ninja</username> 
	 <sex>M</sex> 
	 <age>100</age> 
	 <city>Neon Trailer Park</city> 
	 <province>Georgia</province> 
	 <country>US</country> 
	 </user> 
<date>1216917120</date> 
 <body>  This was a present from GodÃÂ !</body> 
 </post> 
</posts>