<?xml version="1.0" encoding="UTF-8"?> 
 <posts> 
<post id= "MS_29071_46790718"> 
<user id ="MS_30647797"> 
	 <username>Lord Kalvin</username> 
	 <sex>M</sex> 
	 <age>23</age> 
	 <city>HOUSTON</city> 
	 <province>Texas</province> 
	 <country>US</country> 
	 </user> 
<date>1216920480</date> 
 <body>Bale's Batman voice was shit. (and that concludes the list of things not awesome about "The Dark Knight")  The movie is badass. Best (non indie) of the Year. (mainstream NEVER tops indie)  And now, Corrections to dumb comments made earlier by people who just didn't know any better:  1) "The Dark Knight" is a gift from god... Specifically to me. 2) Ledger's "Joker" is in fact the greatest portrayl of a (super)villain of all times. Primarily due to the fact that He played it in such a realistic way. If a super villain like "The Joker" did really exist, I imagine that he'd be exactly like that. Most super villains in movies don't have the level of realistic character depth, that Ledger, (along with the amazing writers) brought to the "joker".ÃÂ  Besides... I dare the OP to suggest who IS the greatest villain then, since "the joker isn't" 3)I agree that other films have been storywise on par (and better) than The Dark Knight... But what makes this one stand out is that it was done on a mainstream scale.ÃÂ  This movie is VERY noir, and dark, unhappy movies are generally not so big with the mass public.ÃÂ  Thats why we've rarely seen it done (if ever), in a guaranteed blockbuster hit like a Batman movie (or any other big name superhero movie)ÃÂ  I think with the success of "The Dark Knight" big budget studios may stop "playing it safe" and start producing more films that think outside "hollywood box".  -Dark Knight was awesome.ÃÂ  Very Awesome.</body> 
 </post> 
<post id= "MS_29071_46791367"> 
<user id ="MS_119944990"> 
	 <username>Johnnie</username> 
	 <sex>M</sex> 
	 <age>28</age> 
	 <city>D8ton</city> 
	 <province>Ohio</province> 
	 <country>US</country> 
	 </user> 
<date>1216921260</date> 
 <body>Jesus Christ...</body> 
 </post> 
<post id= "MS_29071_46820901"> 
<user id ="MS_25025863"> 
	 <username>David</username> 
	 <sex>M</sex> 
	 <age>24</age> 
	 <city>Miami</city> 
	 <province>Florida</province> 
	 <country>US</country> 
	 </user> 
<date>1216974720</date> 
 <body>Batman was thinking outside of the "hollywood box"?  hahahahahahahahahaha  and apparently professors should start using this movie as a prime example for character study and development. Because, obviously, Heath Ledger is the greatest actor of all time. Get real.</body> 
 </post> 
<post id= "MS_29071_46821107"> 
<user id ="MS_257767570"> 
	 <username>MatyMaddog (Ready To Burn Entertainment)</username> 
	 <sex>M</sex> 
	 <age>21</age> 
	 <city>FLEMINGTON</city> 
	 <province>New Jersey</province> 
	 <country>US</country> 
	 </user> 
<date>1216974900</date> 
 <body>There's a couple of idiots in this thread. I think it's obvious who they are.</body> 
 </post> 
<post id= "MS_29071_46825443"> 
<user id ="MS_119944990"> 
	 <username>Johnnie</username> 
	 <sex>M</sex> 
	 <age>28</age> 
	 <city>D8ton</city> 
	 <province>Ohio</province> 
	 <country>US</country> 
	 </user> 
<date>1216980300</date> 
 <body>I really don't get these psycho fanboys attacking everyone who didn't like the damn movie. It's a f***ing Batman movie, grow up!  All your bitching and moaning won't change the fact that the movie was just "OK" and nonething more.  No one deserves an oscar and no new ground was broke.  The f***ing Batmobile was stopped by a stupid rocket launcher! WTF?? ha ha ha!  It was a kids movie written to appeal to the emo generation... I guess that explains all the "boo hoos" and "I'll kill myself if Heath don't get an oscar!"  Some of you REALLY need to get outside more ;)</body> 
 </post> 
<post id= "MS_29071_46825532"> 
<user id ="MS_165864578"> 
	 <username>C. Allen Bell</username> 
	 <sex>M</sex> 
	 <age>108</age> 
	 <city>South philadelphia</city> 
	 <province>Pennsylvania</province> 
	 <country>US</country> 
	 </user> 
<date>1216980420</date> 
 <body>all your bitching and moaning about batman is the same.</body> 
 </post> 
<post id= "MS_29071_46825561"> 
<user id ="MS_207188824"> 
	 <username>Robo-Pennies 2.0</username> 
	 <sex>M</sex> 
	 <age>26</age> 
	 <city>Texas</city> 
	 <province></province> 
	 <country>US</country> 
	 </user> 
<date>1216980420</date> 
 <body>i had no idea you felt that way.</body> 
 </post> 
<post id= "MS_29071_46825780"> 
<user id ="MS_141172136"> 
	 <username>annie</username> 
	 <sex>F</sex> 
	 <age>37</age> 
	 <city>ROCKAWAY</city> 
	 <province>New York</province> 
	 <country>US</country> 
	 </user> 
<date>1216980720</date> 
 <body> haha...says the guy who hunts down every single TDK thread to post the SAME thing...you need to go out more...and maybe see more movies to talk about...because your rhetoric on this one has grown tiresome... Isn't there a new mask out there somewhere to discover?</body> 
 </post> 
<post id= "MS_29071_46825784"> 
<user id ="MS_118204420"> 
	 <username>Dain bramaged</username> 
	 <sex>M</sex> 
	 <age>29</age> 
	 <city>The last place you look</city> 
	 <province>Florida</province> 
	 <country>US</country> 
	 </user> 
<date>1216980720</date> 
 <body> lmao at this guy feeling left out b/c we've ignored him for a while.</body> 
 </post> 
<post id= "MS_29071_46825875"> 
<user id ="MS_141172136"> 
	 <username>annie</username> 
	 <sex>F</sex> 
	 <age>37</age> 
	 <city>ROCKAWAY</city> 
	 <province>New York</province> 
	 <country>US</country> 
	 </user> 
<date>1216980780</date> 
 <body> Yeah...we should have kept ignoring him...it would drive him crazy in a couple of days</body> 
 </post> 
</posts>