<?xml version="1.0" encoding="UTF-8"?> 
 <posts> 
<post id= "MS_29071_46730769"> 
<user id ="MS_115019883"> 
	 <username>Evil Red Ninja</username> 
	 <sex>M</sex> 
	 <age>100</age> 
	 <city>Neon Trailer Park</city> 
	 <province>Georgia</province> 
	 <country>US</country> 
	 </user> 
<date>1216831800</date> 
 <body>  If you really didn't like itÂ  . . . then I can respect that, but you will have to do better than Bale's voice as Batman. ItÂ was an established fact (comic book) that Batman spoke with a gravelly typeÂ voice. If you expected it to be cheesy. . Â then why did you go to the theater to see it. I personally only go to the theater to see movies thatÂ I think are going to be goodÂ  . . all the rest I can wait for DVD.  The fact that you started a thread while there is one pinned . . . just to state your disgust with the film makes you an attention whoreÂ  . . . GOOD JOB !!</body> 
 </post> 
<post id= "MS_29071_46730839"> 
<user id ="MS_3671064"> 
	 <username>3671064 â</username> 
	 <sex>M</sex> 
	 <age>38</age> 
	 <city>Lexington</city> 
	 <province>Kentucky</province> 
	 <country>US</country> 
	 </user> 
<date>1216831860</date> 
 <body>  (also 8.5/10 here)</body> 
 </post> 
<post id= "MS_29071_46786559"> 
<user id ="MS_115019883"> 
	 <username>Evil Red Ninja</username> 
	 <sex>M</sex> 
	 <age>100</age> 
	 <city>Neon Trailer Park</city> 
	 <province>Georgia</province> 
	 <country>US</country> 
	 </user> 
<date>1216915620</date> 
 <body>ÃÂ   I'mÃÂ just an overzealous forum slut.</body> 
 </post> 
<post id= "MS_29071_46787030"> 
<user id ="MS_115019883"> 
	 <username>Evil Red Ninja</username> 
	 <sex>M</sex> 
	 <age>100</age> 
	 <city>Neon Trailer Park</city> 
	 <province>Georgia</province> 
	 <country>US</country> 
	 </user> 
<date>1216916280</date> 
 <body>  My cycle is broken!</body> 
 </post> 
<post id= "MS_29071_46787363"> 
<user id ="MS_115019883"> 
	 <username>Evil Red Ninja</username> 
	 <sex>M</sex> 
	 <age>100</age> 
	 <city>Neon Trailer Park</city> 
	 <province>Georgia</province> 
	 <country>US</country> 
	 </user> 
<date>1216916700</date> 
 <body>  It's called welfare Earl.</body> 
 </post> 
<post id= "MS_29071_46787521"> 
<user id ="MS_16077278"> 
	 <username>Drea.(The Albino-Mexican)</username> 
	 <sex>F</sex> 
	 <age>17</age> 
	 <city>Vancouver/ Bell Gardens/ Commerce</city> 
	 <province>Washington</province> 
	 <country>US</country> 
	 </user> 
<date>1216916940</date> 
 <body>   Of course his death had something to do with how big it got!  Hello...the same thing happened with The Crow....it got soo big because of Brandon Lee's death and was praised to be like gods work...   I mean yeah its good but its not a present from god...the same situation here!!!</body> 
 </post> 
<post id= "MS_29071_46787643"> 
<user id ="MS_115019883"> 
	 <username>Evil Red Ninja</username> 
	 <sex>M</sex> 
	 <age>100</age> 
	 <city>Neon Trailer Park</city> 
	 <province>Georgia</province> 
	 <country>US</country> 
	 </user> 
<date>1216917120</date> 
 <body>  This was a present from GodÃÂ !</body> 
 </post> 
<post id= "MS_29071_46790718"> 
<user id ="MS_30647797"> 
	 <username>Lord Kalvin</username> 
	 <sex>M</sex> 
	 <age>23</age> 
	 <city>HOUSTON</city> 
	 <province>Texas</province> 
	 <country>US</country> 
	 </user> 
<date>1216920480</date> 
 <body>Bale's Batman voice was shit. (and that concludes the list of things not awesome about "The Dark Knight")  The movie is badass. Best (non indie) of the Year. (mainstream NEVER tops indie)  And now, Corrections to dumb comments made earlier by people who just didn't know any better:  1) "The Dark Knight" is a gift from god... Specifically to me. 2) Ledger's "Joker" is in fact the greatest portrayl of a (super)villain of all times. Primarily due to the fact that He played it in such a realistic way. If a super villain like "The Joker" did really exist, I imagine that he'd be exactly like that. Most super villains in movies don't have the level of realistic character depth, that Ledger, (along with the amazing writers) brought to the "joker".ÃÂ  Besides... I dare the OP to suggest who IS the greatest villain then, since "the joker isn't" 3)I agree that other films have been storywise on par (and better) than The Dark Knight... But what makes this one stand out is that it was done on a mainstream scale.ÃÂ  This movie is VERY noir, and dark, unhappy movies are generally not so big with the mass public.ÃÂ  Thats why we've rarely seen it done (if ever), in a guaranteed blockbuster hit like a Batman movie (or any other big name superhero movie)ÃÂ  I think with the success of "The Dark Knight" big budget studios may stop "playing it safe" and start producing more films that think outside "hollywood box".  -Dark Knight was awesome.ÃÂ  Very Awesome.</body> 
 </post> 
<post id= "MS_29071_46791367"> 
<user id ="MS_119944990"> 
	 <username>Johnnie</username> 
	 <sex>M</sex> 
	 <age>28</age> 
	 <city>D8ton</city> 
	 <province>Ohio</province> 
	 <country>US</country> 
	 </user> 
<date>1216921260</date> 
 <body>Jesus Christ...</body> 
 </post> 
<post id= "MS_29071_46820901"> 
<user id ="MS_25025863"> 
	 <username>David</username> 
	 <sex>M</sex> 
	 <age>24</age> 
	 <city>Miami</city> 
	 <province>Florida</province> 
	 <country>US</country> 
	 </user> 
<date>1216974720</date> 
 <body>Batman was thinking outside of the "hollywood box"?  hahahahahahahahahaha  and apparently professors should start using this movie as a prime example for character study and development. Because, obviously, Heath Ledger is the greatest actor of all time. Get real.</body> 
 </post> 
</posts>