<?xml version="1.0" encoding="UTF-8"?> 
 <posts> 
<post id= "MS_29762_47028739"> 
<user id ="MS_165864578"> 
	 <username>C. Allen Bell</username> 
	 <sex>M</sex> 
	 <age>108</age> 
	 <city>South philadelphia</city> 
	 <province>Pennsylvania</province> 
	 <country>US</country> 
	 </user> 
<date>1217322840</date> 
 <body>Some people still haven't seen the movie and you are supposed to post spoiler warning. It's proper forum etiquette. Have you no manners?</body> 
 </post> 
<post id= "MS_29762_47028827"> 
<user id ="MS_1478146"> 
	 <username>mike</username> 
	 <sex>M</sex> 
	 <age>31</age> 
	 <city>idaho falls</city> 
	 <province>Idaho</province> 
	 <country>US</country> 
	 </user> 
<date>1217322960</date> 
 <body>if you haven't seen the movie why are you kn the dark knight thread? go see the movie and stop your bitching before i tell you the whole movie</body> 
 </post> 
<post id= "MS_29762_47028936"> 
<user id ="MS_165864578"> 
	 <username>C. Allen Bell</username> 
	 <sex>M</sex> 
	 <age>108</age> 
	 <city>South philadelphia</city> 
	 <province>Pennsylvania</province> 
	 <country>US</country> 
	 </user> 
<date>1217323080</date> 
 <body>I have already seen the movie but I have friends on here that have not because they haven't had a chance yet. whats your address. I got you a present. I need to know where to send it.</body> 
 </post> 
<post id= "MS_29762_47029083"> 
<user id ="MS_1478146"> 
	 <username>mike</username> 
	 <sex>M</sex> 
	 <age>31</age> 
	 <city>idaho falls</city> 
	 <province>Idaho</province> 
	 <country>US</country> 
	 </user> 
<date>1217323260</date> 
 <body>let me make sure to tell all your friends about it. so give me his name</body> 
 </post> 
<post id= "MS_29762_47029246"> 
<user id ="MS_165864578"> 
	 <username>C. Allen Bell</username> 
	 <sex>M</sex> 
	 <age>108</age> 
	 <city>South philadelphia</city> 
	 <province>Pennsylvania</province> 
	 <country>US</country> 
	 </user> 
<date>1217323440</date> 
 <body></body> 
 </post> 
<post id= "MS_29762_47029443"> 
<user id ="MS_119944990"> 
	 <username>Johnnie</username> 
	 <sex>M</sex> 
	 <age>28</age> 
	 <city>D8ton</city> 
	 <province>Ohio</province> 
	 <country>US</country> 
	 </user> 
<date>1217323740</date> 
 <body>  Actually he has 3 friends in the movie forum! lol  Don't argue with C.Allen, he's just a forum troll that likes to play keyboard ninja and go around the forum cussing people out for attention. Just ignore him and maybe he'll go back to masturbating to his "cammed" copy of The dark Knight!</body> 
 </post> 
<post id= "MS_29762_47029549"> 
<user id ="MS_165864578"> 
	 <username>C. Allen Bell</username> 
	 <sex>M</sex> 
	 <age>108</age> 
	 <city>South philadelphia</city> 
	 <province>Pennsylvania</province> 
	 <country>US</country> 
	 </user> 
<date>1217323860</date> 
 <body>I see you have a new profile picture. You must've saved up big time for that vacation. Must be good to not have to use the same old pool this year. ..</body> 
 </post> 
<post id= "MS_29762_47029587"> 
<user id ="MS_165864578"> 
	 <username>C. Allen Bell</username> 
	 <sex>M</sex> 
	 <age>108</age> 
	 <city>South philadelphia</city> 
	 <province>Pennsylvania</province> 
	 <country>US</country> 
	 </user> 
<date>1217323920</date> 
 <body></body> 
 </post> 
<post id= "MS_29762_47030587"> 
<user id ="MS_60439146"> 
	 <username>El REY a.k.a. Da Franchise</username> 
	 <sex>M</sex> 
	 <age>25</age> 
	 <city>BRONX</city> 
	 <province>New York</province> 
	 <country>US</country> 
	 </user> 
<date>1217325000</date> 
 <body>Not 10 out of 10 but prob like a 8 or 9 out of 10.</body> 
 </post> 
<post id= "MS_29762_47031558"> 
<user id ="MS_43445330"> 
	 <username>ç¸ç¶ è©²æ­» RANDOM</username> 
	 <sex>M</sex> 
	 <age>26</age> 
	 <city>FORT WORTH</city> 
	 <province>Texas</province> 
	 <country>US</country> 
	 </user> 
<date>1217325960</date> 
 <body>  Actually I think he is swimming in the same pool, all he did was photoshop the pic to make look more luxurious.</body> 
 </post> 
</posts>