<?xml version="1.0" encoding="UTF-8"?> 
 <posts> 
<post id= "MS_29762_47024554"> 
<user id ="MS_206800701"> 
	 <username>Mark is [Wilhelm Ryan]</username> 
	 <sex>M</sex> 
	 <age>20</age> 
	 <city>Hartland</city> 
	 <province>Michigan</province> 
	 <country>US</country> 
	 </user> 
<date>1217317260</date> 
 <body>  Latent homosexuality?</body> 
 </post> 
<post id= "MS_29762_47026134"> 
<user id ="MS_19570081"> 
	 <username>Freak</username> 
	 <sex>F</sex> 
	 <age>19</age> 
	 <city>California</city> 
	 <province></province> 
	 <country>US</country> 
	 </user> 
<date>1217319300</date> 
 <body>  Oh poor you...</body> 
 </post> 
<post id= "MS_29762_47026377"> 
<user id ="MS_63136871"> 
	 <username>Maleek</username> 
	 <sex>M</sex> 
	 <age>18</age> 
	 <city>Dena</city> 
	 <province>Maryland</province> 
	 <country>US</country> 
	 </user> 
<date>1217319660</date> 
 <body>Batman saves Harvey.....the girlfriend dies.  Two-face falls to his death in the end.  Joker gets arrested.  The boat with the prisoners on it....they throw the detonator out the window...the other boat doesn't have the courage to push it.  He never shows his true identity....he lets Harvey be a decoy.  The girl chooses Harvey in the note.  The Joker kills the asian guy by burning him on top of a stack of money.</body> 
 </post> 
<post id= "MS_29762_47026447"> 
<user id ="MS_63136871"> 
	 <username>Maleek</username> 
	 <sex>M</sex> 
	 <age>18</age> 
	 <city>Dena</city> 
	 <province>Maryland</province> 
	 <country>US</country> 
	 </user> 
<date>1217319720</date> 
 <body>Oh...and in the prison...the guy with the stomach ache has a bomb inside of him...</body> 
 </post> 
<post id= "MS_29762_47027490"> 
<user id ="MS_165864578"> 
	 <username>C. Allen Bell</username> 
	 <sex>M</sex> 
	 <age>108</age> 
	 <city>South philadelphia</city> 
	 <province>Pennsylvania</province> 
	 <country>US</country> 
	 </user> 
<date>1217321160</date> 
 <body> http://profile.myspace.com/index.cfm?fuseaction=user.viewprofile &friendid=83559263</body> 
 </post> 
<post id= "MS_29762_47028060"> 
<user id ="MS_1478146"> 
	 <username>mike</username> 
	 <sex>M</sex> 
	 <age>31</age> 
	 <city>idaho falls</city> 
	 <province>Idaho</province> 
	 <country>US</country> 
	 </user> 
<date>1217321940</date> 
 <body>i'm so glad they killed off rachel she was ugly. what were they thinking</body> 
 </post> 
<post id= "MS_29762_47028552"> 
<user id ="MS_165864578"> 
	 <username>C. Allen Bell</username> 
	 <sex>M</sex> 
	 <age>108</age> 
	 <city>South philadelphia</city> 
	 <province>Pennsylvania</province> 
	 <country>US</country> 
	 </user> 
<date>1217322660</date> 
 <body> so maybe you should put a spoiler warning before you post grave details like that for somone who hasn't seen it. Asshole.</body> 
 </post> 
<post id= "MS_29762_47028670"> 
<user id ="MS_1478146"> 
	 <username>mike</username> 
	 <sex>M</sex> 
	 <age>31</age> 
	 <city>idaho falls</city> 
	 <province>Idaho</province> 
	 <country>US</country> 
	 </user> 
<date>1217322780</date> 
 <body>the movie been out for sometime now. and this is a dark knight thread so that should be warning enough asshole</body> 
 </post> 
<post id= "MS_29762_47028739"> 
<user id ="MS_165864578"> 
	 <username>C. Allen Bell</username> 
	 <sex>M</sex> 
	 <age>108</age> 
	 <city>South philadelphia</city> 
	 <province>Pennsylvania</province> 
	 <country>US</country> 
	 </user> 
<date>1217322840</date> 
 <body>Some people still haven't seen the movie and you are supposed to post spoiler warning. It's proper forum etiquette. Have you no manners?</body> 
 </post> 
<post id= "MS_29762_47028827"> 
<user id ="MS_1478146"> 
	 <username>mike</username> 
	 <sex>M</sex> 
	 <age>31</age> 
	 <city>idaho falls</city> 
	 <province>Idaho</province> 
	 <country>US</country> 
	 </user> 
<date>1217322960</date> 
 <body>if you haven't seen the movie why are you kn the dark knight thread? go see the movie and stop your bitching before i tell you the whole movie</body> 
 </post> 
</posts>