<?xml version="1.0" encoding="UTF-8"?> 
 <posts> 
<post id= "MS_29762_47023021"> 
<user id ="MS_43445330"> 
	 <username>ç¸ç¶ è©²æ­» RANDOM</username> 
	 <sex>M</sex> 
	 <age>26</age> 
	 <city>FORT WORTH</city> 
	 <province>Texas</province> 
	 <country>US</country> 
	 </user> 
<date>1217315220</date> 
 <body></body> 
 </post> 
<post id= "MS_29762_47024400"> 
<user id ="MS_207188824"> 
	 <username>Robo-Pennies 2.0</username> 
	 <sex>M</sex> 
	 <age>26</age> 
	 <city>Texas</city> 
	 <province></province> 
	 <country>US</country> 
	 </user> 
<date>1217317080</date> 
 <body>joe piscopo looks like an old lesbian now.  </body> 
 </post> 
<post id= "MS_29762_47024418"> 
<user id ="MS_119944990"> 
	 <username>Johnnie</username> 
	 <sex>M</sex> 
	 <age>28</age> 
	 <city>D8ton</city> 
	 <province>Ohio</province> 
	 <country>US</country> 
	 </user> 
<date>1217317080</date> 
 <body>  ha ha ha!!! But yet you fags still do.</body> 
 </post> 
<post id= "MS_29762_47024554"> 
<user id ="MS_206800701"> 
	 <username>Mark is [Wilhelm Ryan]</username> 
	 <sex>M</sex> 
	 <age>20</age> 
	 <city>Hartland</city> 
	 <province>Michigan</province> 
	 <country>US</country> 
	 </user> 
<date>1217317260</date> 
 <body>  Latent homosexuality?</body> 
 </post> 
<post id= "MS_29762_47026134"> 
<user id ="MS_19570081"> 
	 <username>Freak</username> 
	 <sex>F</sex> 
	 <age>19</age> 
	 <city>California</city> 
	 <province></province> 
	 <country>US</country> 
	 </user> 
<date>1217319300</date> 
 <body>  Oh poor you...</body> 
 </post> 
<post id= "MS_29762_47026377"> 
<user id ="MS_63136871"> 
	 <username>Maleek</username> 
	 <sex>M</sex> 
	 <age>18</age> 
	 <city>Dena</city> 
	 <province>Maryland</province> 
	 <country>US</country> 
	 </user> 
<date>1217319660</date> 
 <body>Batman saves Harvey.....the girlfriend dies.  Two-face falls to his death in the end.  Joker gets arrested.  The boat with the prisoners on it....they throw the detonator out the window...the other boat doesn't have the courage to push it.  He never shows his true identity....he lets Harvey be a decoy.  The girl chooses Harvey in the note.  The Joker kills the asian guy by burning him on top of a stack of money.</body> 
 </post> 
<post id= "MS_29762_47026447"> 
<user id ="MS_63136871"> 
	 <username>Maleek</username> 
	 <sex>M</sex> 
	 <age>18</age> 
	 <city>Dena</city> 
	 <province>Maryland</province> 
	 <country>US</country> 
	 </user> 
<date>1217319720</date> 
 <body>Oh...and in the prison...the guy with the stomach ache has a bomb inside of him...</body> 
 </post> 
<post id= "MS_29762_47027490"> 
<user id ="MS_165864578"> 
	 <username>C. Allen Bell</username> 
	 <sex>M</sex> 
	 <age>108</age> 
	 <city>South philadelphia</city> 
	 <province>Pennsylvania</province> 
	 <country>US</country> 
	 </user> 
<date>1217321160</date> 
 <body> http://profile.myspace.com/index.cfm?fuseaction=user.viewprofile &friendid=83559263</body> 
 </post> 
<post id= "MS_29762_47028060"> 
<user id ="MS_1478146"> 
	 <username>mike</username> 
	 <sex>M</sex> 
	 <age>31</age> 
	 <city>idaho falls</city> 
	 <province>Idaho</province> 
	 <country>US</country> 
	 </user> 
<date>1217321940</date> 
 <body>i'm so glad they killed off rachel she was ugly. what were they thinking</body> 
 </post> 
<post id= "MS_29762_47028552"> 
<user id ="MS_165864578"> 
	 <username>C. Allen Bell</username> 
	 <sex>M</sex> 
	 <age>108</age> 
	 <city>South philadelphia</city> 
	 <province>Pennsylvania</province> 
	 <country>US</country> 
	 </user> 
<date>1217322660</date> 
 <body> so maybe you should put a spoiler warning before you post grave details like that for somone who hasn't seen it. Asshole.</body> 
 </post> 
</posts>