<?xml version="1.0" encoding="UTF-8"?> 
 <posts> 
<post id= "MS_29762_47029443"> 
<user id ="MS_119944990"> 
	 <username>Johnnie</username> 
	 <sex>M</sex> 
	 <age>28</age> 
	 <city>D8ton</city> 
	 <province>Ohio</province> 
	 <country>US</country> 
	 </user> 
<date>1217323740</date> 
 <body>  Actually he has 3 friends in the movie forum! lol  Don't argue with C.Allen, he's just a forum troll that likes to play keyboard ninja and go around the forum cussing people out for attention. Just ignore him and maybe he'll go back to masturbating to his "cammed" copy of The dark Knight!</body> 
 </post> 
<post id= "MS_29762_47029549"> 
<user id ="MS_165864578"> 
	 <username>C. Allen Bell</username> 
	 <sex>M</sex> 
	 <age>108</age> 
	 <city>South philadelphia</city> 
	 <province>Pennsylvania</province> 
	 <country>US</country> 
	 </user> 
<date>1217323860</date> 
 <body>I see you have a new profile picture. You must've saved up big time for that vacation. Must be good to not have to use the same old pool this year. ..</body> 
 </post> 
<post id= "MS_29762_47029587"> 
<user id ="MS_165864578"> 
	 <username>C. Allen Bell</username> 
	 <sex>M</sex> 
	 <age>108</age> 
	 <city>South philadelphia</city> 
	 <province>Pennsylvania</province> 
	 <country>US</country> 
	 </user> 
<date>1217323920</date> 
 <body></body> 
 </post> 
<post id= "MS_29762_47030587"> 
<user id ="MS_60439146"> 
	 <username>El REY a.k.a. Da Franchise</username> 
	 <sex>M</sex> 
	 <age>25</age> 
	 <city>BRONX</city> 
	 <province>New York</province> 
	 <country>US</country> 
	 </user> 
<date>1217325000</date> 
 <body>Not 10 out of 10 but prob like a 8 or 9 out of 10.</body> 
 </post> 
<post id= "MS_29762_47031558"> 
<user id ="MS_43445330"> 
	 <username>ç¸ç¶ è©²æ­» RANDOM</username> 
	 <sex>M</sex> 
	 <age>26</age> 
	 <city>FORT WORTH</city> 
	 <province>Texas</province> 
	 <country>US</country> 
	 </user> 
<date>1217325960</date> 
 <body>  Actually I think he is swimming in the same pool, all he did was photoshop the pic to make look more luxurious.</body> 
 </post> 
<post id= "MS_29762_47032252"> 
<user id ="MS_43445330"> 
	 <username>ç¸ç¶ è©²æ­» RANDOM</username> 
	 <sex>M</sex> 
	 <age>26</age> 
	 <city>FORT WORTH</city> 
	 <province>Texas</province> 
	 <country>US</country> 
	 </user> 
<date>1217326680</date> 
 <body>  Yeah Justin, stop being a fucking forum troll!</body> 
 </post> 
<post id= "MS_29762_47036905"> 
<user id ="MS_63136871"> 
	 <username>Maleek</username> 
	 <sex>M</sex> 
	 <age>18</age> 
	 <city>Dena</city> 
	 <province>Maryland</province> 
	 <country>US</country> 
	 </user> 
<date>1217331240</date> 
 <body>Batman saves Harvey.....the girlfriend dies.  Two-face falls to his death in the end.  Joker gets arrested.  The boat with the prisoners on it....they throw the detonator out the window...the other boat doesn't have the courage to push it.  He never shows his true identity....he lets Harvey be a decoy.  The girl chooses Harvey in the note.  The Joker kills the asian guy by burning him on top of a stack of money.  Oh...and in the prison...the guy with the stomach ache has a bomb inside of him...</body> 
 </post> 
<post id= "MS_29762_47037327"> 
<user id ="MS_126959981"> 
	 <username>Bruce the Legend</username> 
	 <sex>M</sex> 
	 <age>48</age> 
	 <city>WILMINGTON</city> 
	 <province>North Carolina</province> 
	 <country>US</country> 
	 </user> 
<date>1217331660</date> 
 <body>   AND THEN BATMAN HUNG HIMSELF (too much stupid fan fare)</body> 
 </post> 
<post id= "MS_29762_47139255"> 
<user id ="MS_290235551"> 
	 <username>the good,the bad and the fugly</username> 
	 <sex>M</sex> 
	 <age>32</age> 
	 <city>WOODSIDE</city> 
	 <province>New York</province> 
	 <country>US</country> 
	 </user> 
<date>1217480460</date> 
 <body>   I thought he took pills or did he do both just to make sure he passed on  whoops that was ledger.</body> 
 </post> 
<post id= "MS_29762_47140898"> 
<user id ="MS_198264371"> 
	 <username>jxrtau</username> 
	 <sex>M</sex> 
	 <age>38</age> 
	 <city>Victoria</city> 
	 <province></province> 
	 <country>AU</country> 
	 </user> 
<date>1217483160</date> 
 <body>  That's absolute gold! Gold I tell you!</body> 
 </post> 
</posts>