<?xml version="1.0" encoding="UTF-8"?> 
 <posts> 
<post id= "MS_29762_47019573"> 
<user id ="MS_43445330"> 
	 <username>ç¸ç¶ è©²æ­» RANDOM</username> 
	 <sex>M</sex> 
	 <age>26</age> 
	 <city>FORT WORTH</city> 
	 <province>Texas</province> 
	 <country>US</country> 
	 </user> 
<date>1217310420</date> 
 <body>What's a Dark Knight? Is this some medieval movie?</body> 
 </post> 
<post id= "MS_29762_47019720"> 
<user id ="MS_117412665"> 
	 <username>The Ninja formerly known as James</username> 
	 <sex>M</sex> 
	 <age>32</age> 
	 <city>BELLEVUE</city> 
	 <province>NEBRASKA</province> 
	 <country>US</country> 
	 </user> 
<date>1217310660</date> 
 <body></body> 
 </post> 
<post id= "MS_29762_47019792"> 
<user id ="MS_117572054"> 
	 <username>Chad</username> 
	 <sex>M</sex> 
	 <age>35</age> 
	 <city>Missouri</city> 
	 <province></province> 
	 <country>US</country> 
	 </user> 
<date>1217310720</date> 
 <body>I saw it. You will not be disappointed. Check out the thread on it on top of this forum. It is pinned at the top for the time being.</body> 
 </post> 
<post id= "MS_29762_47020092"> 
<user id ="MS_126959981"> 
	 <username>Bruce the Legend</username> 
	 <sex>M</sex> 
	 <age>48</age> 
	 <city>WILMINGTON</city> 
	 <province>North Carolina</province> 
	 <country>US</country> 
	 </user> 
<date>1217311200</date> 
 <body>Actually its what everybody was freaking about in the movie: THE HAPPENING</body> 
 </post> 
<post id= "MS_29762_47020679"> 
<user id ="MS_153954866"> 
	 <username>Patrick</username> 
	 <sex>M</sex> 
	 <age>34</age> 
	 <city>Lake Villa</city> 
	 <province>Illinois</province> 
	 <country>US</country> 
	 </user> 
<date>1217311980</date> 
 <body>Originally, I had doubts as to weather or not this film was going to live up to the hype. But, after seeing it this week, I have to say that I was very pleasantly surprised. It was arguably one of the best action flicks I had seen in quite some time.</body> 
 </post> 
<post id= "MS_29762_47020822"> 
<user id ="MS_115019883"> 
	 <username>Evil Red Ninja</username> 
	 <sex>M</sex> 
	 <age>100</age> 
	 <city>Neon Trailer Park</city> 
	 <province>Georgia</province> 
	 <country>US</country> 
	 </user> 
<date>1217312160</date> 
 <body>  Neither was your date . . . I hear heÂ wished he hadÂ wentÂ and seen it with John C. Reilly!</body> 
 </post> 
<post id= "MS_29762_47020896"> 
<user id ="MS_115019883"> 
	 <username>Evil Red Ninja</username> 
	 <sex>M</sex> 
	 <age>100</age> 
	 <city>Neon Trailer Park</city> 
	 <province>Georgia</province> 
	 <country>US</country> 
	 </user> 
<date>1217312280</date> 
 <body>  Blindness?</body> 
 </post> 
<post id= "MS_29762_47020939"> 
<user id ="MS_115019883"> 
	 <username>Evil Red Ninja</username> 
	 <sex>M</sex> 
	 <age>100</age> 
	 <city>Neon Trailer Park</city> 
	 <province>Georgia</province> 
	 <country>US</country> 
	 </user> 
<date>1217312340</date> 
 <body> Side of the Moon?</body> 
 </post> 
<post id= "MS_29762_47021085"> 
<user id ="MS_8135016"> 
	 <username>Jeffsta</username> 
	 <sex>M</sex> 
	 <age>22</age> 
	 <city>Fullerton</city> 
	 <province>California</province> 
	 <country>US</country> 
	 </user> 
<date>1217312520</date> 
 <body> Care to elaborate?</body> 
 </post> 
<post id= "MS_29762_47021429"> 
<user id ="MS_115019883"> 
	 <username>Evil Red Ninja</username> 
	 <sex>M</sex> 
	 <age>100</age> 
	 <city>Neon Trailer Park</city> 
	 <province>Georgia</province> 
	 <country>US</country> 
	 </user> 
<date>1217313000</date> 
 <body>  Hell . . . he can't enunciate!</body> 
 </post> 
</posts>