<?xml version="1.0" encoding="UTF-8"?> 
 <posts> 
<post id= "MS_29762_47031558"> 
<user id ="MS_43445330"> 
	 <username>ç¸ç¶ è©²æ­» RANDOM</username> 
	 <sex>M</sex> 
	 <age>26</age> 
	 <city>FORT WORTH</city> 
	 <province>Texas</province> 
	 <country>US</country> 
	 </user> 
<date>1217325960</date> 
 <body>  Actually I think he is swimming in the same pool, all he did was photoshop the pic to make look more luxurious.</body> 
 </post> 
<post id= "MS_29762_47032252"> 
<user id ="MS_43445330"> 
	 <username>ç¸ç¶ è©²æ­» RANDOM</username> 
	 <sex>M</sex> 
	 <age>26</age> 
	 <city>FORT WORTH</city> 
	 <province>Texas</province> 
	 <country>US</country> 
	 </user> 
<date>1217326680</date> 
 <body>  Yeah Justin, stop being a fucking forum troll!</body> 
 </post> 
<post id= "MS_29762_47036905"> 
<user id ="MS_63136871"> 
	 <username>Maleek</username> 
	 <sex>M</sex> 
	 <age>18</age> 
	 <city>Dena</city> 
	 <province>Maryland</province> 
	 <country>US</country> 
	 </user> 
<date>1217331240</date> 
 <body>Batman saves Harvey.....the girlfriend dies.  Two-face falls to his death in the end.  Joker gets arrested.  The boat with the prisoners on it....they throw the detonator out the window...the other boat doesn't have the courage to push it.  He never shows his true identity....he lets Harvey be a decoy.  The girl chooses Harvey in the note.  The Joker kills the asian guy by burning him on top of a stack of money.  Oh...and in the prison...the guy with the stomach ache has a bomb inside of him...</body> 
 </post> 
<post id= "MS_29762_47037327"> 
<user id ="MS_126959981"> 
	 <username>Bruce the Legend</username> 
	 <sex>M</sex> 
	 <age>48</age> 
	 <city>WILMINGTON</city> 
	 <province>North Carolina</province> 
	 <country>US</country> 
	 </user> 
<date>1217331660</date> 
 <body>   AND THEN BATMAN HUNG HIMSELF (too much stupid fan fare)</body> 
 </post> 
<post id= "MS_29762_47139255"> 
<user id ="MS_290235551"> 
	 <username>the good,the bad and the fugly</username> 
	 <sex>M</sex> 
	 <age>32</age> 
	 <city>WOODSIDE</city> 
	 <province>New York</province> 
	 <country>US</country> 
	 </user> 
<date>1217480460</date> 
 <body>   I thought he took pills or did he do both just to make sure he passed on  whoops that was ledger.</body> 
 </post> 
<post id= "MS_29762_47140898"> 
<user id ="MS_198264371"> 
	 <username>jxrtau</username> 
	 <sex>M</sex> 
	 <age>38</age> 
	 <city>Victoria</city> 
	 <province></province> 
	 <country>AU</country> 
	 </user> 
<date>1217483160</date> 
 <body>  That's absolute gold! Gold I tell you!</body> 
 </post> 
<post id= "MS_29762_47141044"> 
<user id ="MS_198264371"> 
	 <username>jxrtau</username> 
	 <sex>M</sex> 
	 <age>38</age> 
	 <city>Victoria</city> 
	 <province></province> 
	 <country>AU</country> 
	 </user> 
<date>1217483400</date> 
 <body>What TV show was she in?</body> 
 </post> 
<post id= "MS_29762_47141743"> 
<user id ="MS_207188824"> 
	 <username>Robo-Pennies 2.0</username> 
	 <sex>M</sex> 
	 <age>26</age> 
	 <city>Texas</city> 
	 <province></province> 
	 <country>US</country> 
	 </user> 
<date>1217484600</date> 
 <body>can't you just hear him/her saying in a deep, raspy voice, "hey girls, who wants margaritas?"</body> 
 </post> 
<post id= "MS_29762_47187560"> 
<user id ="MS_126959981"> 
	 <username>Bruce the Legend</username> 
	 <sex>M</sex> 
	 <age>48</age> 
	 <city>WILMINGTON</city> 
	 <province>North Carolina</province> 
	 <country>US</country> 
	 </user> 
<date>1217538060</date> 
 <body>  What he looked liked before plastic surgery</body> 
 </post> 
<post id= "MS_29762_47213159"> 
<user id ="MS_126959981"> 
	 <username>Bruce the Legend</username> 
	 <sex>M</sex> 
	 <age>48</age> 
	 <city>WILMINGTON</city> 
	 <province>North Carolina</province> 
	 <country>US</country> 
	 </user> 
<date>1217584980</date> 
 <body>BUMP</body> 
 </post> 
</posts>