<?xml version="1.0" encoding="UTF-8"?> 
 <posts> 
<post id= "MS_29762_47020822"> 
<user id ="MS_115019883"> 
	 <username>Evil Red Ninja</username> 
	 <sex>M</sex> 
	 <age>100</age> 
	 <city>Neon Trailer Park</city> 
	 <province>Georgia</province> 
	 <country>US</country> 
	 </user> 
<date>1217312160</date> 
 <body>  Neither was your date . . . I hear heÂ wished he hadÂ wentÂ and seen it with John C. Reilly!</body> 
 </post> 
<post id= "MS_29762_47020896"> 
<user id ="MS_115019883"> 
	 <username>Evil Red Ninja</username> 
	 <sex>M</sex> 
	 <age>100</age> 
	 <city>Neon Trailer Park</city> 
	 <province>Georgia</province> 
	 <country>US</country> 
	 </user> 
<date>1217312280</date> 
 <body>  Blindness?</body> 
 </post> 
<post id= "MS_29762_47020939"> 
<user id ="MS_115019883"> 
	 <username>Evil Red Ninja</username> 
	 <sex>M</sex> 
	 <age>100</age> 
	 <city>Neon Trailer Park</city> 
	 <province>Georgia</province> 
	 <country>US</country> 
	 </user> 
<date>1217312340</date> 
 <body> Side of the Moon?</body> 
 </post> 
<post id= "MS_29762_47021085"> 
<user id ="MS_8135016"> 
	 <username>Jeffsta</username> 
	 <sex>M</sex> 
	 <age>22</age> 
	 <city>Fullerton</city> 
	 <province>California</province> 
	 <country>US</country> 
	 </user> 
<date>1217312520</date> 
 <body> Care to elaborate?</body> 
 </post> 
<post id= "MS_29762_47021429"> 
<user id ="MS_115019883"> 
	 <username>Evil Red Ninja</username> 
	 <sex>M</sex> 
	 <age>100</age> 
	 <city>Neon Trailer Park</city> 
	 <province>Georgia</province> 
	 <country>US</country> 
	 </user> 
<date>1217313000</date> 
 <body>  Hell . . . he can't enunciate!</body> 
 </post> 
<post id= "MS_29762_47022408"> 
<user id ="MS_43445330"> 
	 <username>ç¸ç¶ è©²æ­» RANDOM</username> 
	 <sex>M</sex> 
	 <age>26</age> 
	 <city>FORT WORTH</city> 
	 <province>Texas</province> 
	 <country>US</country> 
	 </user> 
<date>1217314380</date> 
 <body>Great..now Johnnie, Crank, or whatever his names is will come in here and give us the same BS that he gives over and over again. Example- See..everytime someone disagrees with The Dark Knight you guys have to jump all over them beacause they didn't love it! Why don't you "fan boys" or "trolls" grow up! I see no need to explain myself because at times..I don't even what I'm saying! Blah blah blah, blah blah blah! Oh yeah...YOU TROLLS!</body> 
 </post> 
<post id= "MS_29762_47022902"> 
<user id ="MS_115019883"> 
	 <username>Evil Red Ninja</username> 
	 <sex>M</sex> 
	 <age>100</age> 
	 <city>Neon Trailer Park</city> 
	 <province>Georgia</province> 
	 <country>US</country> 
	 </user> 
<date>1217315040</date> 
 <body>  Johnny Dangerously?</body> 
 </post> 
<post id= "MS_29762_47022996"> 
<user id ="MS_118204420"> 
	 <username>Dain bramaged</username> 
	 <sex>M</sex> 
	 <age>29</age> 
	 <city>The last place you look</city> 
	 <province>Florida</province> 
	 <country>US</country> 
	 </user> 
<date>1217315220</date> 
 <body> You shouldn't hang me on a hook, Johnny. My father hung me on a hook once... Once.</body> 
 </post> 
<post id= "MS_29762_47023021"> 
<user id ="MS_43445330"> 
	 <username>ç¸ç¶ è©²æ­» RANDOM</username> 
	 <sex>M</sex> 
	 <age>26</age> 
	 <city>FORT WORTH</city> 
	 <province>Texas</province> 
	 <country>US</country> 
	 </user> 
<date>1217315220</date> 
 <body></body> 
 </post> 
<post id= "MS_29762_47024400"> 
<user id ="MS_207188824"> 
	 <username>Robo-Pennies 2.0</username> 
	 <sex>M</sex> 
	 <age>26</age> 
	 <city>Texas</city> 
	 <province></province> 
	 <country>US</country> 
	 </user> 
<date>1217317080</date> 
 <body>joe piscopo looks like an old lesbian now.  </body> 
 </post> 
</posts>