<?xml version="1.0" encoding="UTF-8"?> 
 <posts> 
<post id= "MS_29762_47021429"> 
<user id ="MS_115019883"> 
	 <username>Evil Red Ninja</username> 
	 <sex>M</sex> 
	 <age>100</age> 
	 <city>Neon Trailer Park</city> 
	 <province>Georgia</province> 
	 <country>US</country> 
	 </user> 
<date>1217313000</date> 
 <body>  Hell . . . he can't enunciate!</body> 
 </post> 
<post id= "MS_29762_47022408"> 
<user id ="MS_43445330"> 
	 <username>ç¸ç¶ è©²æ­» RANDOM</username> 
	 <sex>M</sex> 
	 <age>26</age> 
	 <city>FORT WORTH</city> 
	 <province>Texas</province> 
	 <country>US</country> 
	 </user> 
<date>1217314380</date> 
 <body>Great..now Johnnie, Crank, or whatever his names is will come in here and give us the same BS that he gives over and over again. Example- See..everytime someone disagrees with The Dark Knight you guys have to jump all over them beacause they didn't love it! Why don't you "fan boys" or "trolls" grow up! I see no need to explain myself because at times..I don't even what I'm saying! Blah blah blah, blah blah blah! Oh yeah...YOU TROLLS!</body> 
 </post> 
<post id= "MS_29762_47022902"> 
<user id ="MS_115019883"> 
	 <username>Evil Red Ninja</username> 
	 <sex>M</sex> 
	 <age>100</age> 
	 <city>Neon Trailer Park</city> 
	 <province>Georgia</province> 
	 <country>US</country> 
	 </user> 
<date>1217315040</date> 
 <body>  Johnny Dangerously?</body> 
 </post> 
<post id= "MS_29762_47022996"> 
<user id ="MS_118204420"> 
	 <username>Dain bramaged</username> 
	 <sex>M</sex> 
	 <age>29</age> 
	 <city>The last place you look</city> 
	 <province>Florida</province> 
	 <country>US</country> 
	 </user> 
<date>1217315220</date> 
 <body> You shouldn't hang me on a hook, Johnny. My father hung me on a hook once... Once.</body> 
 </post> 
<post id= "MS_29762_47023021"> 
<user id ="MS_43445330"> 
	 <username>ç¸ç¶ è©²æ­» RANDOM</username> 
	 <sex>M</sex> 
	 <age>26</age> 
	 <city>FORT WORTH</city> 
	 <province>Texas</province> 
	 <country>US</country> 
	 </user> 
<date>1217315220</date> 
 <body></body> 
 </post> 
<post id= "MS_29762_47024400"> 
<user id ="MS_207188824"> 
	 <username>Robo-Pennies 2.0</username> 
	 <sex>M</sex> 
	 <age>26</age> 
	 <city>Texas</city> 
	 <province></province> 
	 <country>US</country> 
	 </user> 
<date>1217317080</date> 
 <body>joe piscopo looks like an old lesbian now.  </body> 
 </post> 
<post id= "MS_29762_47024418"> 
<user id ="MS_119944990"> 
	 <username>Johnnie</username> 
	 <sex>M</sex> 
	 <age>28</age> 
	 <city>D8ton</city> 
	 <province>Ohio</province> 
	 <country>US</country> 
	 </user> 
<date>1217317080</date> 
 <body>  ha ha ha!!! But yet you fags still do.</body> 
 </post> 
<post id= "MS_29762_47024554"> 
<user id ="MS_206800701"> 
	 <username>Mark is [Wilhelm Ryan]</username> 
	 <sex>M</sex> 
	 <age>20</age> 
	 <city>Hartland</city> 
	 <province>Michigan</province> 
	 <country>US</country> 
	 </user> 
<date>1217317260</date> 
 <body>  Latent homosexuality?</body> 
 </post> 
<post id= "MS_29762_47026134"> 
<user id ="MS_19570081"> 
	 <username>Freak</username> 
	 <sex>F</sex> 
	 <age>19</age> 
	 <city>California</city> 
	 <province></province> 
	 <country>US</country> 
	 </user> 
<date>1217319300</date> 
 <body>  Oh poor you...</body> 
 </post> 
<post id= "MS_29762_47026377"> 
<user id ="MS_63136871"> 
	 <username>Maleek</username> 
	 <sex>M</sex> 
	 <age>18</age> 
	 <city>Dena</city> 
	 <province>Maryland</province> 
	 <country>US</country> 
	 </user> 
<date>1217319660</date> 
 <body>Batman saves Harvey.....the girlfriend dies.  Two-face falls to his death in the end.  Joker gets arrested.  The boat with the prisoners on it....they throw the detonator out the window...the other boat doesn't have the courage to push it.  He never shows his true identity....he lets Harvey be a decoy.  The girl chooses Harvey in the note.  The Joker kills the asian guy by burning him on top of a stack of money.</body> 
 </post> 
</posts>