<?xml version="1.0" encoding="UTF-8"?> 
 <posts> 
<post id= "MS_29762_47020092"> 
<user id ="MS_126959981"> 
	 <username>Bruce the Legend</username> 
	 <sex>M</sex> 
	 <age>48</age> 
	 <city>WILMINGTON</city> 
	 <province>North Carolina</province> 
	 <country>US</country> 
	 </user> 
<date>1217311200</date> 
 <body>Actually its what everybody was freaking about in the movie: THE HAPPENING</body> 
 </post> 
<post id= "MS_29762_47020679"> 
<user id ="MS_153954866"> 
	 <username>Patrick</username> 
	 <sex>M</sex> 
	 <age>34</age> 
	 <city>Lake Villa</city> 
	 <province>Illinois</province> 
	 <country>US</country> 
	 </user> 
<date>1217311980</date> 
 <body>Originally, I had doubts as to weather or not this film was going to live up to the hype. But, after seeing it this week, I have to say that I was very pleasantly surprised. It was arguably one of the best action flicks I had seen in quite some time.</body> 
 </post> 
<post id= "MS_29762_47020822"> 
<user id ="MS_115019883"> 
	 <username>Evil Red Ninja</username> 
	 <sex>M</sex> 
	 <age>100</age> 
	 <city>Neon Trailer Park</city> 
	 <province>Georgia</province> 
	 <country>US</country> 
	 </user> 
<date>1217312160</date> 
 <body>  Neither was your date . . . I hear heÂ wished he hadÂ wentÂ and seen it with John C. Reilly!</body> 
 </post> 
<post id= "MS_29762_47020896"> 
<user id ="MS_115019883"> 
	 <username>Evil Red Ninja</username> 
	 <sex>M</sex> 
	 <age>100</age> 
	 <city>Neon Trailer Park</city> 
	 <province>Georgia</province> 
	 <country>US</country> 
	 </user> 
<date>1217312280</date> 
 <body>  Blindness?</body> 
 </post> 
<post id= "MS_29762_47020939"> 
<user id ="MS_115019883"> 
	 <username>Evil Red Ninja</username> 
	 <sex>M</sex> 
	 <age>100</age> 
	 <city>Neon Trailer Park</city> 
	 <province>Georgia</province> 
	 <country>US</country> 
	 </user> 
<date>1217312340</date> 
 <body> Side of the Moon?</body> 
 </post> 
<post id= "MS_29762_47021085"> 
<user id ="MS_8135016"> 
	 <username>Jeffsta</username> 
	 <sex>M</sex> 
	 <age>22</age> 
	 <city>Fullerton</city> 
	 <province>California</province> 
	 <country>US</country> 
	 </user> 
<date>1217312520</date> 
 <body> Care to elaborate?</body> 
 </post> 
<post id= "MS_29762_47021429"> 
<user id ="MS_115019883"> 
	 <username>Evil Red Ninja</username> 
	 <sex>M</sex> 
	 <age>100</age> 
	 <city>Neon Trailer Park</city> 
	 <province>Georgia</province> 
	 <country>US</country> 
	 </user> 
<date>1217313000</date> 
 <body>  Hell . . . he can't enunciate!</body> 
 </post> 
<post id= "MS_29762_47022408"> 
<user id ="MS_43445330"> 
	 <username>ç¸ç¶ è©²æ­» RANDOM</username> 
	 <sex>M</sex> 
	 <age>26</age> 
	 <city>FORT WORTH</city> 
	 <province>Texas</province> 
	 <country>US</country> 
	 </user> 
<date>1217314380</date> 
 <body>Great..now Johnnie, Crank, or whatever his names is will come in here and give us the same BS that he gives over and over again. Example- See..everytime someone disagrees with The Dark Knight you guys have to jump all over them beacause they didn't love it! Why don't you "fan boys" or "trolls" grow up! I see no need to explain myself because at times..I don't even what I'm saying! Blah blah blah, blah blah blah! Oh yeah...YOU TROLLS!</body> 
 </post> 
<post id= "MS_29762_47022902"> 
<user id ="MS_115019883"> 
	 <username>Evil Red Ninja</username> 
	 <sex>M</sex> 
	 <age>100</age> 
	 <city>Neon Trailer Park</city> 
	 <province>Georgia</province> 
	 <country>US</country> 
	 </user> 
<date>1217315040</date> 
 <body>  Johnny Dangerously?</body> 
 </post> 
<post id= "MS_29762_47022996"> 
<user id ="MS_118204420"> 
	 <username>Dain bramaged</username> 
	 <sex>M</sex> 
	 <age>29</age> 
	 <city>The last place you look</city> 
	 <province>Florida</province> 
	 <country>US</country> 
	 </user> 
<date>1217315220</date> 
 <body> You shouldn't hang me on a hook, Johnny. My father hung me on a hook once... Once.</body> 
 </post> 
</posts>