<?xml version="1.0" encoding="UTF-8"?> 
 <posts> 
<post id= "MS_27747_47367704"> 
<user id ="MS_387534641"> 
	 <username>Kriistoffer</username> 
	 <sex>M</sex> 
	 <age>22</age> 
	 <city>FORT LAUDERDALE</city> 
	 <province>Florida</province> 
	 <country>US</country> 
	 </user> 
<date>1217840220</date> 
 <body></body> 
 </post> 
<post id= "MS_27747_47367873"> 
<user id ="MS_250265622"> 
	 <username>Nas aka Himura</username> 
	 <sex>M</sex> 
	 <age>17</age> 
	 <city>Syracuse</city> 
	 <province>New York</province> 
	 <country>US</country> 
	 </user> 
<date>1217840400</date> 
 <body>Silent Hill was a great movie</body> 
 </post> 
<post id= "MS_27747_47367936"> 
<user id ="MS_141172136"> 
	 <username>annie</username> 
	 <sex>F</sex> 
	 <age>37</age> 
	 <city>ROCKAWAY</city> 
	 <province>New York</province> 
	 <country>US</country> 
	 </user> 
<date>1217840460</date> 
 <body>wow...I was going to post that same exact clip...</body> 
 </post> 
<post id= "MS_27747_47367987"> 
<user id ="MS_97326494"> 
	 <username>Duncan Destruction</username> 
	 <sex>M</sex> 
	 <age>25</age> 
	 <city>Dundee</city> 
	 <province>Scotland</province> 
	 <country>UK</country> 
	 </user> 
<date>1217840520</date> 
 <body>errrr...ok...</body> 
 </post> 
<post id= "MS_27747_47368025"> 
<user id ="MS_141172136"> 
	 <username>annie</username> 
	 <sex>F</sex> 
	 <age>37</age> 
	 <city>ROCKAWAY</city> 
	 <province>New York</province> 
	 <country>US</country> 
	 </user> 
<date>1217840580</date> 
 <body> I kid, Duncan...</body> 
 </post> 
<post id= "MS_27747_47368110"> 
<user id ="MS_97326494"> 
	 <username>Duncan Destruction</username> 
	 <sex>M</sex> 
	 <age>25</age> 
	 <city>Dundee</city> 
	 <province>Scotland</province> 
	 <country>UK</country> 
	 </user> 
<date>1217840700</date> 
 <body>  I know my comment was directed to the OP.</body> 
 </post> 
<post id= "MS_27747_47376913"> 
<user id ="MS_118204420"> 
	 <username>Dain bramaged</username> 
	 <sex>M</sex> 
	 <age>29</age> 
	 <city>The last place you look</city> 
	 <province>Florida</province> 
	 <country>US</country> 
	 </user> 
<date>1217849880</date> 
 <body>Pyramid Head was the only thing passable in that shit fest.</body> 
 </post> 
<post id= "MS_27747_47377158"> 
<user id ="MS_228858634"> 
	 <username>Ben Jamin</username> 
	 <sex>M</sex> 
	 <age>22</age> 
	 <city>sister city to Cisterna, Italy</city> 
	 <province>Arkansas</province> 
	 <country>US</country> 
	 </user> 
<date>1217850060</date> 
 <body>god that movie is one of my top ten fav movies and my fav movie that i would consider being a horror flick.</body> 
 </post> 
<post id= "MS_27747_47377237"> 
<user id ="MS_43445330"> 
	 <username>ç¸ç¶ è©²æ­» RANDOM</username> 
	 <sex>M</sex> 
	 <age>26</age> 
	 <city>FORT WORTH</city> 
	 <province>Texas</province> 
	 <country>US</country> 
	 </user> 
<date>1217850120</date> 
 <body>Ouch!</body> 
 </post> 
<post id= "MS_27747_47377553"> 
<user id ="MS_207188824"> 
	 <username>Robo-Pennies 2.0</username> 
	 <sex>M</sex> 
	 <age>26</age> 
	 <city>Texas</city> 
	 <province></province> 
	 <country>US</country> 
	 </user> 
<date>1217850480</date> 
 <body>that movie was terrible. just play the game.</body> 
 </post> 
</posts>