<?xml version="1.0" encoding="UTF-8"?> 
 <posts> 
<post id= "MS_10335_47751219"> 
<user id ="MS_395538055"> 
	 <username>Norseman</username> 
	 <sex>M</sex> 
	 <age>46</age> 
	 <city>MINNEAPOLIS</city> 
	 <province>Minnesota</province> 
	 <country>US</country> 
	 </user> 
<date>1218411900</date> 
 <body> Maybe they refuse to use it, I wont use it simply because if there is a live human that probably needs a job one Isle down, I will go to them. If corporations had there way there wouldnt be anyone at the checkouts. So every time you use the self checkout you are sending a message arnt you.Do you get a discount on your goods when you use the self checkout?</body> 
 </post> 
<post id= "MS_10335_47751322"> 
<user id ="MS_395538055"> 
	 <username>Norseman</username> 
	 <sex>M</sex> 
	 <age>46</age> 
	 <city>MINNEAPOLIS</city> 
	 <province>Minnesota</province> 
	 <country>US</country> 
	 </user> 
<date>1218412080</date> 
 <body> I would say OBAMMMA</body> 
 </post> 
<post id= "MS_10335_47751926"> 
<user id ="MS_171407912"> 
	 <username>Binky</username> 
	 <sex>M</sex> 
	 <age>20</age> 
	 <city>Temple Terrace</city> 
	 <province>Florida</province> 
	 <country>US</country> 
	 </user> 
<date>1218413520</date> 
 <body>hmmm....a president who isnt going to be using google or wikipedia in office, what a shame  computer skills may be a necessary skill in many other important jobs, but i dont really see it being essential for the president</body> 
 </post> 
<post id= "MS_10335_47752227"> 
<user id ="MS_395538055"> 
	 <username>Norseman</username> 
	 <sex>M</sex> 
	 <age>46</age> 
	 <city>MINNEAPOLIS</city> 
	 <province>Minnesota</province> 
	 <country>US</country> 
	 </user> 
<date>1218414300</date> 
 <body>Its not... they want to attack Mccaine any way they can, but I do wonder why he never learned just for fun, I love my PC unless it crashes for no reason whatsoever!</body> 
 </post> 
<post id= "MS_10335_47752310"> 
<user id ="MS_195642716"> 
	 <username>Ãon</username> 
	 <sex>F</sex> 
	 <age>26</age> 
	 <city>ÎÎ¦ÎÎÎÎÎ¾Ï</city> 
	 <province>Omniverse</province> 
	 <country>VA</country> 
	 </user> 
<date>1218414480</date> 
 <body>  Ya know, all things considered, being the president of the US ain't no big deal.</body> 
 </post> 
<post id= "MS_10335_47752571"> 
<user id ="MS_171407912"> 
	 <username>Binky</username> 
	 <sex>M</sex> 
	 <age>20</age> 
	 <city>Temple Terrace</city> 
	 <province>Florida</province> 
	 <country>US</country> 
	 </user> 
<date>1218415200</date> 
 <body> mind telling me one thing that the somone on a computer could do that the president(not directly using a computer) wouldnt be able to do?</body> 
 </post> 
<post id= "MS_10335_47752993"> 
<user id ="MS_195642716"> 
	 <username>Ãon</username> 
	 <sex>F</sex> 
	 <age>26</age> 
	 <city>ÎÎ¦ÎÎÎÎÎ¾Ï</city> 
	 <province>Omniverse</province> 
	 <country>VA</country> 
	 </user> 
<date>1218416100</date> 
 <body>Respond to rhetorical questions on MySpace.</body> 
 </post> 
<post id= "MS_10335_47762937"> 
<user id ="MS_395242946"> 
	 <username>JAMES</username> 
	 <sex>M</sex> 
	 <age>60</age> 
	 <city>PITTSBURGH</city> 
	 <province>Pennsylvania</province> 
	 <country>US</country> 
	 </user> 
<date>1218437280</date> 
 <body>Just for perspective, or curiosity value -- when Obama has decided on his VP choice, the name of that person will be announced not only by the standard means, but simultaneously by e-mail and text.ÃÂ  Herewith:  -----------------------------------------------------------------------------  Dear James --  Barack Obama is about to make one of the most important decisions of this campaign -- choosing a running mate.  You have helped build this movement from the bottom up, and Barack wants you to be the first to know his choice.  Sign up today to be the first to know:  http://my.barackobama.com/vp  You will receive an email the moment Barack makes his decision, or you can text VP to 62262 to receive a text message on your mobile phone.  Once you've signed up, please forward this email to your friends, family, and coworkers to let them know about this special opportunity.  No other campaign has done this before. You can be part of this important moment.  Be the first to know who Barack selects as his running mate.  Thanks,  David  David Plouffe Campaign Manager Obama for America  ------------------------------------------------------------------------------   This is just FYI. I'm not encouraging anyone to sign on unless they're so inclined.  Of course it's a gimmick, but a neat one, and a first.</body> 
 </post> 
<post id= "MS_10335_47795569"> 
<user id ="MS_136643930"> 
	 <username>Josh</username> 
	 <sex>M</sex> 
	 <age>19</age> 
	 <city>Miami</city> 
	 <province>Florida</province> 
	 <country>US</country> 
	 </user> 
<date>1218475980</date> 
 <body>  If you think the US has 57 states you need to reread your history books. Obama never said their where 57 states. The GOP said Obama said that even though he didnt. I know its hard to seperate lies and the truth while in high school.</body> 
 </post> 
<post id= "MS_10335_47796428"> 
<user id ="MS_171407912"> 
	 <username>Binky</username> 
	 <sex>M</sex> 
	 <age>20</age> 
	 <city>Temple Terrace</city> 
	 <province>Florida</province> 
	 <country>US</country> 
	 </user> 
<date>1218477060</date> 
 <body>  does somone have a problem with reading comprehension?</body> 
 </post> 
</posts>