<?xml version="1.0" encoding="UTF-8"?> 
 <posts> 
<post id= "MS_26586_47841993"> 
<user id ="MS_115019883"> 
	 <username>Evil Red Ninja</username> 
	 <sex>M</sex> 
	 <age>100</age> 
	 <city>Neon Trailer Park</city> 
	 <province>Georgia</province> 
	 <country>US</country> 
	 </user> 
<date>1218550620</date> 
 <body>  You responding an hour and a half later (after you have responded to your thread since then)doesn't make you stupid . . just slow!</body> 
 </post> 
<post id= "MS_26586_47842077"> 
<user id ="MS_16077278"> 
	 <username>Drea.(The Albino-Mexican)</username> 
	 <sex>F</sex> 
	 <age>17</age> 
	 <city>Vancouver/ Bell Gardens/ Commerce</city> 
	 <province>Washington</province> 
	 <country>US</country> 
	 </user> 
<date>1218550740</date> 
 <body> no it means that I don't spend all my time on Myspace and have other shit to get to.</body> 
 </post> 
<post id= "MS_26586_47842227"> 
<user id ="MS_119944990"> 
	 <username>Johnnie</username> 
	 <sex>M</sex> 
	 <age>28</age> 
	 <city>D8ton</city> 
	 <province>Ohio</province> 
	 <country>US</country> 
	 </user> 
<date>1218550920</date> 
 <body>  lol!  Just ignore him. Most people that post here are only interested in starting e-fights. I think the myspace forums are the ONLY life they have ;)</body> 
 </post> 
<post id= "MS_26586_47842407"> 
<user id ="MS_115019883"> 
	 <username>Evil Red Ninja</username> 
	 <sex>M</sex> 
	 <age>100</age> 
	 <city>Neon Trailer Park</city> 
	 <province>Georgia</province> 
	 <country>US</country> 
	 </user> 
<date>1218551100</date> 
 <body>  Then you must be stupid . .cause you don't read what you are posting to  . . . Â you responded to this post an hour before you responded to mineÂ  . . .XP</body> 
 </post> 
<post id= "MS_26586_47842457"> 
<user id ="MS_16077278"> 
	 <username>Drea.(The Albino-Mexican)</username> 
	 <sex>F</sex> 
	 <age>17</age> 
	 <city>Vancouver/ Bell Gardens/ Commerce</city> 
	 <province>Washington</province> 
	 <country>US</country> 
	 </user> 
<date>1218551160</date> 
 <body>   hahaha..it's slightly sad because It's true...but then again I really don't care about them so It isn't really.</body> 
 </post> 
<post id= "MS_26586_47842791"> 
<user id ="MS_115019883"> 
	 <username>Evil Red Ninja</username> 
	 <sex>M</sex> 
	 <age>100</age> 
	 <city>Neon Trailer Park</city> 
	 <province>Georgia</province> 
	 <country>US</country> 
	 </user> 
<date>1218551520</date> 
 <body> LOL . .Â  you have started most for the E- fights in the last two months . . . TROLL!</body> 
 </post> 
<post id= "MS_26586_47842855"> 
<user id ="MS_97326494"> 
	 <username>Duncan Destruction</username> 
	 <sex>M</sex> 
	 <age>25</age> 
	 <city>Dundee</city> 
	 <province>Scotland</province> 
	 <country>UK</country> 
	 </user> 
<date>1218551640</date> 
 <body>  Not technically true. The studio wanted a straight American remake but Rodriguez didn't want to so he progressed the story on slightly.</body> 
 </post> 
<post id= "MS_26586_47842874"> 
<user id ="MS_115019883"> 
	 <username>Evil Red Ninja</username> 
	 <sex>M</sex> 
	 <age>100</age> 
	 <city>Neon Trailer Park</city> 
	 <province>Georgia</province> 
	 <country>US</country> 
	 </user> 
<date>1218551640</date> 
 <body>  **FIXED!</body> 
 </post> 
<post id= "MS_26586_47842957"> 
<user id ="MS_16820684"> 
	 <username>jivemonkey</username> 
	 <sex>M</sex> 
	 <age>38</age> 
	 <city>WILLIAMSPORT</city> 
	 <province>INDIANA</province> 
	 <country>US</country> 
	 </user> 
<date>1218551700</date> 
 <body>  Okay, let me guess, your two favorite are Spy Kids 3-D and Adventures of Sharkboy & Lava Girl?  We are not gonna agree on much, I see.  Good on ya!</body> 
 </post> 
<post id= "MS_26586_47843017"> 
<user id ="MS_115019883"> 
	 <username>Evil Red Ninja</username> 
	 <sex>M</sex> 
	 <age>100</age> 
	 <city>Neon Trailer Park</city> 
	 <province>Georgia</province> 
	 <country>US</country> 
	 </user> 
<date>1218551820</date> 
 <body>  Sightly . . . it was an AmericanÂ remake.</body> 
 </post> 
</posts>