<?xml version="1.0" encoding="UTF-8"?> 
 <posts> 
<post id= "MS_26586_47837037"> 
<user id ="MS_398694295"> 
	 <username>Jacks smirking revenge</username> 
	 <sex>M</sex> 
	 <age>29</age> 
	 <city>where the beer flows like wine</city> 
	 <province>California</province> 
	 <country>US</country> 
	 </user> 
<date>1218545340</date> 
 <body> Sin City was good but not all him though. Desperado was ok, but the Red Ninja is right it's just american El Mariachi spy kids lol</body> 
 </post> 
<post id= "MS_26586_47837313"> 
<user id ="MS_16077278"> 
	 <username>Drea.(The Albino-Mexican)</username> 
	 <sex>F</sex> 
	 <age>17</age> 
	 <city>Vancouver/ Bell Gardens/ Commerce</city> 
	 <province>Washington</province> 
	 <country>US</country> 
	 </user> 
<date>1218545640</date> 
 <body>  true..but ehy are good movies....  I do agree with you on the Tarantino bit though.  He needs to pan out by himself!</body> 
 </post> 
<post id= "MS_26586_47838518"> 
<user id ="MS_235821724"> 
	 <username>christopher</username> 
	 <sex>M</sex> 
	 <age>26</age> 
	 <city>US</city> 
	 <province></province> 
	 <country></country> 
	 </user> 
<date>1218546900</date> 
 <body>What do you mean Sin City wasn't all his? I remember seeing an interview withMiller saying that he didn't direct a shot, but was there for advice for a lot of the filming, so Rodriguez insisted that he take a co-director credit. I'm sure he helped make it great, but that movie in and of itself was all Rodriguez. That said, I'd agree to all the movies listed so far as being worth watching. In your post and the other with a list. I'd throw in Once Upon a Time in Mexico, but mainly only for Depp's performance.</body> 
 </post> 
<post id= "MS_26586_47839010"> 
<user id ="MS_185794065"> 
	 <username>B Indifferent</username> 
	 <sex>M</sex> 
	 <age>23</age> 
	 <city>LOS ANGELES</city> 
	 <province>California</province> 
	 <country>US</country> 
	 </user> 
<date>1218547440</date> 
 <body> i'll let you guys figure that out</body> 
 </post> 
<post id= "MS_26586_47839145"> 
<user id ="MS_16077278"> 
	 <username>Drea.(The Albino-Mexican)</username> 
	 <sex>F</sex> 
	 <age>17</age> 
	 <city>Vancouver/ Bell Gardens/ Commerce</city> 
	 <province>Washington</province> 
	 <country>US</country> 
	 </user> 
<date>1218547560</date> 
 <body>   No mames guey!!!</body> 
 </post> 
<post id= "MS_26586_47841504"> 
<user id ="MS_115019883"> 
	 <username>Evil Red Ninja</username> 
	 <sex>M</sex> 
	 <age>100</age> 
	 <city>Neon Trailer Park</city> 
	 <province>Georgia</province> 
	 <country>US</country> 
	 </user> 
<date>1218550080</date> 
 <body>  He's only seen two of his movies . . . learn to read between the lines Miss Sin.</body> 
 </post> 
<post id= "MS_26586_47841691"> 
<user id ="MS_16077278"> 
	 <username>Drea.(The Albino-Mexican)</username> 
	 <sex>F</sex> 
	 <age>17</age> 
	 <city>Vancouver/ Bell Gardens/ Commerce</city> 
	 <province>Washington</province> 
	 <country>US</country> 
	 </user> 
<date>1218550260</date> 
 <body>   Do you really think Im that stupid..?   I still believe that although they are very similar....they are great in their own ways.  hahaha...yeah Americanized in Mexico!!!! puras pinche Puta Mathres!!!!</body> 
 </post> 
<post id= "MS_26586_47841791"> 
<user id ="MS_119944990"> 
	 <username>Johnnie</username> 
	 <sex>M</sex> 
	 <age>28</age> 
	 <city>D8ton</city> 
	 <province>Ohio</province> 
	 <country>US</country> 
	 </user> 
<date>1218550380</date> 
 <body>I had no ideal he directed the Faculty, I like most of his movies.  Maybe I'll rent it since it's been so long since I've watched it.</body> 
 </post> 
<post id= "MS_26586_47841862"> 
<user id ="MS_398694295"> 
	 <username>Jacks smirking revenge</username> 
	 <sex>M</sex> 
	 <age>29</age> 
	 <city>where the beer flows like wine</city> 
	 <province>California</province> 
	 <country>US</country> 
	 </user> 
<date>1218550500</date> 
 <body> I'm not saying that Sin City is bad, but if Rodriguez didn't take full credit then I'm not giving him full credit.</body> 
 </post> 
<post id= "MS_26586_47841974"> 
<user id ="MS_16077278"> 
	 <username>Drea.(The Albino-Mexican)</username> 
	 <sex>F</sex> 
	 <age>17</age> 
	 <city>Vancouver/ Bell Gardens/ Commerce</city> 
	 <province>Washington</province> 
	 <country>US</country> 
	 </user> 
<date>1218550620</date> 
 <body>   It comes on TV all the time too.</body> 
 </post> 
</posts>