<?xml version="1.0" encoding="UTF-8"?> 
 <posts> 
<post id= "MS_26586_47832931"> 
<user id ="MS_16077278"> 
	 <username>Drea.(The Albino-Mexican)</username> 
	 <sex>F</sex> 
	 <age>17</age> 
	 <city>Vancouver/ Bell Gardens/ Commerce</city> 
	 <province>Washington</province> 
	 <country>US</country> 
	 </user> 
<date>1218540600</date> 
 <body>I was watching The Faculty the other day..a movie that I've seen MANY times.Yet for the first time I realized it was Directed by Robert Rodriguez...WOW...how dumb did I feel. I love his movies and all this time This was one of his....hahaha.</body> 
 </post> 
<post id= "MS_26586_47834857"> 
<user id ="MS_115019883"> 
	 <username>Evil Red Ninja</username> 
	 <sex>M</sex> 
	 <age>100</age> 
	 <city>Neon Trailer Park</city> 
	 <province>Georgia</province> 
	 <country>US</country> 
	 </user> 
<date>1218542940</date> 
 <body>  You probably didn't notice. . . due to the predominantly white cast LOL!</body> 
 </post> 
<post id= "MS_26586_47834997"> 
<user id ="MS_16077278"> 
	 <username>Drea.(The Albino-Mexican)</username> 
	 <sex>F</sex> 
	 <age>17</age> 
	 <city>Vancouver/ Bell Gardens/ Commerce</city> 
	 <province>Washington</province> 
	 <country>US</country> 
	 </user> 
<date>1218543120</date> 
 <body>   hahaha..that's true...  and after I realized he directed it it finally occurred to me what Salma Hayak was doing in that cast because as of that point it was random that she was in it.</body> 
 </post> 
<post id= "MS_26586_47835163"> 
<user id ="MS_185794065"> 
	 <username>B Indifferent</username> 
	 <sex>M</sex> 
	 <age>23</age> 
	 <city>LOS ANGELES</city> 
	 <province>California</province> 
	 <country>US</country> 
	 </user> 
<date>1218543300</date> 
 <body>hes made two movies that can be considered watchable. the rest of his career he has spent sucking tarantino's cock.</body> 
 </post> 
<post id= "MS_26586_47836243"> 
<user id ="MS_16077278"> 
	 <username>Drea.(The Albino-Mexican)</username> 
	 <sex>F</sex> 
	 <age>17</age> 
	 <city>Vancouver/ Bell Gardens/ Commerce</city> 
	 <province>Washington</province> 
	 <country>US</country> 
	 </user> 
<date>1218544500</date> 
 <body>   and what movies are those?</body> 
 </post> 
<post id= "MS_26586_47836392"> 
<user id ="MS_398694295"> 
	 <username>Jacks smirking revenge</username> 
	 <sex>M</sex> 
	 <age>29</age> 
	 <city>where the beer flows like wine</city> 
	 <province>California</province> 
	 <country>US</country> 
	 </user> 
<date>1218544680</date> 
 <body> I count 3 El Mariachi From Dusk till Dawn The Faculty</body> 
 </post> 
<post id= "MS_26586_47836604"> 
<user id ="MS_16077278"> 
	 <username>Drea.(The Albino-Mexican)</username> 
	 <sex>F</sex> 
	 <age>17</age> 
	 <city>Vancouver/ Bell Gardens/ Commerce</city> 
	 <province>Washington</province> 
	 <country>US</country> 
	 </user> 
<date>1218544920</date> 
 <body>   what about  Desperado Sin City Planet Terror Spy Kids(hahah j/k)</body> 
 </post> 
<post id= "MS_26586_47836850"> 
<user id ="MS_115019883"> 
	 <username>Evil Red Ninja</username> 
	 <sex>M</sex> 
	 <age>100</age> 
	 <city>Neon Trailer Park</city> 
	 <province>Georgia</province> 
	 <country>US</country> 
	 </user> 
<date>1218545160</date> 
 <body>  Desperado is the Americanized version of El Mariachi.</body> 
 </post> 
<post id= "MS_26586_47837037"> 
<user id ="MS_398694295"> 
	 <username>Jacks smirking revenge</username> 
	 <sex>M</sex> 
	 <age>29</age> 
	 <city>where the beer flows like wine</city> 
	 <province>California</province> 
	 <country>US</country> 
	 </user> 
<date>1218545340</date> 
 <body> Sin City was good but not all him though. Desperado was ok, but the Red Ninja is right it's just american El Mariachi spy kids lol</body> 
 </post> 
<post id= "MS_26586_47837313"> 
<user id ="MS_16077278"> 
	 <username>Drea.(The Albino-Mexican)</username> 
	 <sex>F</sex> 
	 <age>17</age> 
	 <city>Vancouver/ Bell Gardens/ Commerce</city> 
	 <province>Washington</province> 
	 <country>US</country> 
	 </user> 
<date>1218545640</date> 
 <body>  true..but ehy are good movies....  I do agree with you on the Tarantino bit though.  He needs to pan out by himself!</body> 
 </post> 
</posts>