<?xml version="1.0" encoding="UTF-8"?> 
 <posts> 
<post id= "MS_26586_47839010"> 
<user id ="MS_185794065"> 
	 <username>B Indifferent</username> 
	 <sex>M</sex> 
	 <age>23</age> 
	 <city>LOS ANGELES</city> 
	 <province>California</province> 
	 <country>US</country> 
	 </user> 
<date>1218547440</date> 
 <body> i'll let you guys figure that out</body> 
 </post> 
<post id= "MS_26586_47839145"> 
<user id ="MS_16077278"> 
	 <username>Drea.(The Albino-Mexican)</username> 
	 <sex>F</sex> 
	 <age>17</age> 
	 <city>Vancouver/ Bell Gardens/ Commerce</city> 
	 <province>Washington</province> 
	 <country>US</country> 
	 </user> 
<date>1218547560</date> 
 <body>   No mames guey!!!</body> 
 </post> 
<post id= "MS_26586_47841504"> 
<user id ="MS_115019883"> 
	 <username>Evil Red Ninja</username> 
	 <sex>M</sex> 
	 <age>100</age> 
	 <city>Neon Trailer Park</city> 
	 <province>Georgia</province> 
	 <country>US</country> 
	 </user> 
<date>1218550080</date> 
 <body>  He's only seen two of his movies . . . learn to read between the lines Miss Sin.</body> 
 </post> 
<post id= "MS_26586_47841691"> 
<user id ="MS_16077278"> 
	 <username>Drea.(The Albino-Mexican)</username> 
	 <sex>F</sex> 
	 <age>17</age> 
	 <city>Vancouver/ Bell Gardens/ Commerce</city> 
	 <province>Washington</province> 
	 <country>US</country> 
	 </user> 
<date>1218550260</date> 
 <body>   Do you really think Im that stupid..?   I still believe that although they are very similar....they are great in their own ways.  hahaha...yeah Americanized in Mexico!!!! puras pinche Puta Mathres!!!!</body> 
 </post> 
<post id= "MS_26586_47841791"> 
<user id ="MS_119944990"> 
	 <username>Johnnie</username> 
	 <sex>M</sex> 
	 <age>28</age> 
	 <city>D8ton</city> 
	 <province>Ohio</province> 
	 <country>US</country> 
	 </user> 
<date>1218550380</date> 
 <body>I had no ideal he directed the Faculty, I like most of his movies.  Maybe I'll rent it since it's been so long since I've watched it.</body> 
 </post> 
<post id= "MS_26586_47841862"> 
<user id ="MS_398694295"> 
	 <username>Jacks smirking revenge</username> 
	 <sex>M</sex> 
	 <age>29</age> 
	 <city>where the beer flows like wine</city> 
	 <province>California</province> 
	 <country>US</country> 
	 </user> 
<date>1218550500</date> 
 <body> I'm not saying that Sin City is bad, but if Rodriguez didn't take full credit then I'm not giving him full credit.</body> 
 </post> 
<post id= "MS_26586_47841974"> 
<user id ="MS_16077278"> 
	 <username>Drea.(The Albino-Mexican)</username> 
	 <sex>F</sex> 
	 <age>17</age> 
	 <city>Vancouver/ Bell Gardens/ Commerce</city> 
	 <province>Washington</province> 
	 <country>US</country> 
	 </user> 
<date>1218550620</date> 
 <body>   It comes on TV all the time too.</body> 
 </post> 
<post id= "MS_26586_47841993"> 
<user id ="MS_115019883"> 
	 <username>Evil Red Ninja</username> 
	 <sex>M</sex> 
	 <age>100</age> 
	 <city>Neon Trailer Park</city> 
	 <province>Georgia</province> 
	 <country>US</country> 
	 </user> 
<date>1218550620</date> 
 <body>  You responding an hour and a half later (after you have responded to your thread since then)doesn't make you stupid . . just slow!</body> 
 </post> 
<post id= "MS_26586_47842077"> 
<user id ="MS_16077278"> 
	 <username>Drea.(The Albino-Mexican)</username> 
	 <sex>F</sex> 
	 <age>17</age> 
	 <city>Vancouver/ Bell Gardens/ Commerce</city> 
	 <province>Washington</province> 
	 <country>US</country> 
	 </user> 
<date>1218550740</date> 
 <body> no it means that I don't spend all my time on Myspace and have other shit to get to.</body> 
 </post> 
<post id= "MS_26586_47842227"> 
<user id ="MS_119944990"> 
	 <username>Johnnie</username> 
	 <sex>M</sex> 
	 <age>28</age> 
	 <city>D8ton</city> 
	 <province>Ohio</province> 
	 <country>US</country> 
	 </user> 
<date>1218550920</date> 
 <body>  lol!  Just ignore him. Most people that post here are only interested in starting e-fights. I think the myspace forums are the ONLY life they have ;)</body> 
 </post> 
</posts>