<?xml version="1.0" encoding="UTF-8"?> 
 <posts> 
<post id= "MS_3149_48113227"> 
<user id ="MS_377165218"> 
	 <username>Max</username> 
	 <sex>M</sex> 
	 <age>17</age> 
	 <city>Michigan</city> 
	 <province></province> 
	 <country>US</country> 
	 </user> 
<date>1218987960</date> 
 <body>According to most sitcoms that I watch... Yes. We are entering a world dominated by women. Or are as my nerdy half cousin would call it: "We are about to interface with theÂ orifice of a matriarchtical society, flamen!"</body> 
 </post> 
<post id= "MS_3149_48124020"> 
<user id ="MS_143549239"> 
	 <username>[lifeizeazy]</username> 
	 <sex>M</sex> 
	 <age>20</age> 
	 <city>where ignorance surrounds me[charleston]</city> 
	 <province>South Carolina</province> 
	 <country>US</country> 
	 </user> 
<date>1219004040</date> 
 <body>all of this shit is funny.</body> 
 </post> 
<post id= "MS_3149_48126149"> 
<user id ="MS_401743316"> 
	 <username>Jane</username> 
	 <sex>F</sex> 
	 <age>19</age> 
	 <city>SAN LUIS OBISPO</city> 
	 <province>California</province> 
	 <country>US</country> 
	 </user> 
<date>1219007760</date> 
 <body>Personally? I think everything is based on personal merit.  I've come up against several men of power in my life who are inherently sexist, but I have never failed to get what I wanted because I never let them regard me in a lower way. I think if you have enough respect for yourself and a general air of confidence, you can get most things done.  This is probably because I grew up training horses with guys though. You can whine, bitch, and moan.  I think women are definitely at a disadvantage because there is a high percentage who rely on being cute to get their way... which can work to an extent, but not in a way which will earn you any kind of respect in the future. More likely a pat on the head and a send her on her way.</body> 
 </post> 
<post id= "MS_3149_48126408"> 
<user id ="MS_143549239"> 
	 <username>[lifeizeazy]</username> 
	 <sex>M</sex> 
	 <age>20</age> 
	 <city>where ignorance surrounds me[charleston]</city> 
	 <province>South Carolina</province> 
	 <country>US</country> 
	 </user> 
<date>1219008180</date> 
 <body> soooo how the hell does that put other women at a disadvantage?LOL..don't even answer.</body> 
 </post> 
<post id= "MS_3149_48126485"> 
<user id ="MS_401743316"> 
	 <username>Jane</username> 
	 <sex>F</sex> 
	 <age>19</age> 
	 <city>SAN LUIS OBISPO</city> 
	 <province>California</province> 
	 <country>US</country> 
	 </user> 
<date>1219008300</date> 
 <body>   Haha, I will answer.  Because, if some chick screws her boss to get a raise, how much respect is there in that? She's basically a whore.  That's an extreme example, but generally the meaning is the same. I don't respect girls who use their looks to get what they want in the work place.</body> 
 </post> 
<post id= "MS_3149_48126610"> 
<user id ="MS_143549239"> 
	 <username>[lifeizeazy]</username> 
	 <sex>M</sex> 
	 <age>20</age> 
	 <city>where ignorance surrounds me[charleston]</city> 
	 <province>South Carolina</province> 
	 <country>US</country> 
	 </user> 
<date>1219008540</date> 
 <body> Key Phrase:"She's basically a whore."  ...</body> 
 </post> 
<post id= "MS_3149_48126668"> 
<user id ="MS_401743316"> 
	 <username>Jane</username> 
	 <sex>F</sex> 
	 <age>19</age> 
	 <city>SAN LUIS OBISPO</city> 
	 <province>California</province> 
	 <country>US</country> 
	 </user> 
<date>1219008720</date> 
 <body>That's what I'm saying. There's no respect in that relationship. So how can they be equal?</body> 
 </post> 
<post id= "MS_3149_48133767"> 
<user id ="MS_211791136"> 
	 <username>â¥Cawaiiâ¥</username> 
	 <sex>F</sex> 
	 <age>20</age> 
	 <city>Tampa</city> 
	 <province>Florida</province> 
	 <country>US</country> 
	 </user> 
<date>1219028520</date> 
 <body>This thread just made my morning. :)</body> 
 </post> 
<post id= "MS_3149_48147972"> 
<user id ="MS_143549239"> 
	 <username>[lifeizeazy]</username> 
	 <sex>M</sex> 
	 <age>20</age> 
	 <city>where ignorance surrounds me[charleston]</city> 
	 <province>South Carolina</province> 
	 <country>US</country> 
	 </user> 
<date>1219052460</date> 
 <body> finally , a sharp minded teen.</body> 
 </post> 
<post id= "MS_3149_48161044"> 
<user id ="MS_213637686"> 
	 <username>Charlie</username> 
	 <sex>M</sex> 
	 <age>28</age> 
	 <city>MIDLAND</city> 
	 <province>Ohio</province> 
	 <country>US</country> 
	 </user> 
<date>1219068060</date> 
 <body>Women have made great strides here in the past few decades, thanks in part to the feminist movement. Women have more opportunities available to them now than they've ever had. (At least in recorded history). They are now able compete in more sports than ever before and they now have equal access to colleges and schools and to most careers. And now with equal access women are showing that they can hang and even outshine the boys. More women than men are going to college and more are graduating and starting new careers. On some campuses almost 70% of the student population is female. Women are taking on more leadership responsibilites and some tests show that women in general make better managers or leaders. Women in their twenties in most large cities in the US are actually making more money than the men in their own age group. A lot of successful women are finding it hard to find a man who makes what they make. More and more, women are actually making more than their husband of boyfriend. I do believe society has become more feminized. Just look at the news with the war in Iraq. Ever since Vietnam, people have begun to question war and the need for it. Women historically have never been in favor of war and most men are becomming that way. I believe Women are definately making a huge mark on history at this very moment and I do believe we will see more of a female influence on leadership, politics, education, etc. etc. etc. where before they never had a voice.</body> 
 </post> 
</posts>