<?xml version="1.0" encoding="UTF-8"?> 
 <posts> 
<post id= "MS_3149_48176818"> 
<user id ="MS_401743316"> 
	 <username>Jane</username> 
	 <sex>F</sex> 
	 <age>19</age> 
	 <city>SAN LUIS OBISPO</city> 
	 <province>California</province> 
	 <country>US</country> 
	 </user> 
<date>1219087560</date> 
 <body>  Seriously.  And like anyone else in the forum sounded like a moron.  I hate condescension</body> 
 </post> 
<post id= "MS_3149_48177682"> 
<user id ="MS_143549239"> 
	 <username>[lifeizeazy]</username> 
	 <sex>M</sex> 
	 <age>20</age> 
	 <city>where ignorance surrounds me[charleston]</city> 
	 <province>South Carolina</province> 
	 <country>US</country> 
	 </user> 
<date>1219088520</date> 
 <body> wtf, i neva said i wasn't. they're a teen, are they not?   gtfo,  dumbass..."I'ma drink outta my cup like a pussy", tea sippin' bitch.</body> 
 </post> 
<post id= "MS_3149_48178304"> 
<user id ="MS_182348487"> 
	 <username>Stay. [u really have no idea]</username> 
	 <sex>F</sex> 
	 <age>19</age> 
	 <city>Mish Town</city> 
	 <province>Montana</province> 
	 <country>US</country> 
	 </user> 
<date>1219089240</date> 
 <body> hey pat,why did you stopped writing me?</body> 
 </post> 
<post id= "MS_3149_48178361"> 
<user id ="MS_143549239"> 
	 <username>[lifeizeazy]</username> 
	 <sex>M</sex> 
	 <age>20</age> 
	 <city>where ignorance surrounds me[charleston]</city> 
	 <province>South Carolina</province> 
	 <country>US</country> 
	 </user> 
<date>1219089300</date> 
 <body>what are you talking about?</body> 
 </post> 
<post id= "MS_3149_48178493"> 
<user id ="MS_182348487"> 
	 <username>Stay. [u really have no idea]</username> 
	 <sex>F</sex> 
	 <age>19</age> 
	 <city>Mish Town</city> 
	 <province>Montana</province> 
	 <country>US</country> 
	 </user> 
<date>1219089480</date> 
 <body>we were writing each other,remember...i was like the first normal and non-ghetto girl writing you!</body> 
 </post> 
<post id= "MS_3149_48198173"> 
<user id ="MS_226698859"> 
	 <username>George Dunning</username> 
	 <sex>M</sex> 
	 <age>19</age> 
	 <city>UK</city> 
	 <province></province> 
	 <country></country> 
	 </user> 
<date>1219130940</date> 
 <body>  The person said "Finally,a teenager talking sense" or something along those lines. I hate it when people in their early 20's talk like they were kids 100 years ago.  Tea sippin' bitch? Another English sterotype. How original.  LOL.</body> 
 </post> 
<post id= "MS_3149_48198479"> 
<user id ="MS_226698859"> 
	 <username>George Dunning</username> 
	 <sex>M</sex> 
	 <age>19</age> 
	 <city>UK</city> 
	 <province></province> 
	 <country></country> 
	 </user> 
<date>1219131240</date> 
 <body> And,to prove I'm not in the closet about being tea "sippin'".</body> 
 </post> 
<post id= "MS_3149_48204934"> 
<user id ="MS_143549239"> 
	 <username>[lifeizeazy]</username> 
	 <sex>M</sex> 
	 <age>20</age> 
	 <city>where ignorance surrounds me[charleston]</city> 
	 <province>South Carolina</province> 
	 <country>US</country> 
	 </user> 
<date>1219138740</date> 
 <body> I said, "a teen talking sense"...ok.... Isn't that person a teen? yes or no.  and its "stereotype"...not "sterotype".</body> 
 </post> 
<post id= "MS_3149_48205034"> 
<user id ="MS_202289119"> 
	 <username>\m/Lilith\m/</username> 
	 <sex>F</sex> 
	 <age>19</age> 
	 <city>Hell</city> 
	 <province>Colorado</province> 
	 <country>US</country> 
	 </user> 
<date>1219138860</date> 
 <body>  hell no that shits not true.......i mean why would one gender be superior?</body> 
 </post> 
<post id= "MS_3149_48205553"> 
<user id ="MS_388024910"> 
	 <username>BEAT THE DODGERS</username> 
	 <sex>M</sex> 
	 <age>34</age> 
	 <city>LOS ANGELES</city> 
	 <province>California</province> 
	 <country>US</country> 
	 </user> 
<date>1219139460</date> 
 <body>Female superiority thats an oximoron if I ever heard one.We as men are here to do the heavy lifting and you know this man!You need to kill a spider or clean behind the stove you call us.Why are all of these teachers doing their underage students, because when you need dick you take the first dick you see.Women are so pathetic now before you would use a dildo or let your fingers do the walking and now you go after the kid in the Power Ranger t shirt.That statement would be true if you still didn't need us. Female Superiority my foot, now go put that in your pot pipe and smoke it</body> 
 </post> 
</posts>