<?xml version="1.0" encoding="UTF-8"?> 
 <posts> 
<post id= "MS_3149_48205034"> 
<user id ="MS_202289119"> 
	 <username>\m/Lilith\m/</username> 
	 <sex>F</sex> 
	 <age>19</age> 
	 <city>Hell</city> 
	 <province>Colorado</province> 
	 <country>US</country> 
	 </user> 
<date>1219138860</date> 
 <body>  hell no that shits not true.......i mean why would one gender be superior?</body> 
 </post> 
<post id= "MS_3149_48205553"> 
<user id ="MS_388024910"> 
	 <username>BEAT THE DODGERS</username> 
	 <sex>M</sex> 
	 <age>34</age> 
	 <city>LOS ANGELES</city> 
	 <province>California</province> 
	 <country>US</country> 
	 </user> 
<date>1219139460</date> 
 <body>Female superiority thats an oximoron if I ever heard one.We as men are here to do the heavy lifting and you know this man!You need to kill a spider or clean behind the stove you call us.Why are all of these teachers doing their underage students, because when you need dick you take the first dick you see.Women are so pathetic now before you would use a dildo or let your fingers do the walking and now you go after the kid in the Power Ranger t shirt.That statement would be true if you still didn't need us. Female Superiority my foot, now go put that in your pot pipe and smoke it</body> 
 </post> 
<post id= "MS_3149_48205906"> 
<user id ="MS_202289119"> 
	 <username>\m/Lilith\m/</username> 
	 <sex>F</sex> 
	 <age>19</age> 
	 <city>Hell</city> 
	 <province>Colorado</province> 
	 <country>US</country> 
	 </user> 
<date>1219139940</date> 
 <body>  dude stfu, male teachers have had sex with students to.</body> 
 </post> 
<post id= "MS_3149_48207132"> 
<user id ="MS_194663241"> 
	 <username>C.</username> 
	 <sex>M</sex> 
	 <age>35</age> 
	 <city>Barnesville</city> 
	 <province>Pennsylvania</province> 
	 <country>US</country> 
	 </user> 
<date>1219141380</date> 
 <body>  That depends on an individual's idea of "common." It was mainly isolated to cults of the ancient mystery religions(i.e. specifically Greece, Egypt) which had their roots from the mother-son worship started by Semiramis(aka. Astarte, Isis, etc.) upon the death of Cush, father of Nimrod(aka. Osiris, Bacchus, etc.).</body> 
 </post> 
<post id= "MS_3149_48220422"> 
<user id ="MS_226698859"> 
	 <username>George Dunning</username> 
	 <sex>M</sex> 
	 <age>19</age> 
	 <city>UK</city> 
	 <province></province> 
	 <country></country> 
	 </user> 
<date>1219156980</date> 
 <body>  1) When did I say they weren't a teenager?  2) Don't correct my spelling. It's rude and it's a sign you can't think of anything else to say.  Back to the original topic.</body> 
 </post> 
<post id= "MS_3149_48235531"> 
<user id ="MS_143549239"> 
	 <username>[lifeizeazy]</username> 
	 <sex>M</sex> 
	 <age>20</age> 
	 <city>where ignorance surrounds me[charleston]</city> 
	 <province>South Carolina</province> 
	 <country>US</country> 
	 </user> 
<date>1219175640</date> 
 <body>I didn't say you didn't say he wasn't a teen. I was stating a fact and you started all of this over NOTHING, absolutely nothing.   I said,"a sharp minded teen."  damn.....</body> 
 </post> 
<post id= "MS_3149_48235761"> 
<user id ="MS_25218945"> 
	 <username>grim</username> 
	 <sex>M</sex> 
	 <age>18</age> 
	 <city>out of city limits</city> 
	 <province>TEXAS</province> 
	 <country>US</country> 
	 </user> 
<date>1219176060</date> 
 <body>i dunno, nothing makes me happier than a fine peace of ass(to put it simply)  so i would assume that opposite sex is superior</body> 
 </post> 
<post id= "MS_3149_48285726"> 
<user id ="MS_226698859"> 
	 <username>George Dunning</username> 
	 <sex>M</sex> 
	 <age>19</age> 
	 <city>UK</city> 
	 <province></province> 
	 <country></country> 
	 </user> 
<date>1219253160</date> 
 <body>  The exact words were "finally , a sharp minded teen" which implied that all previous teen posters on this thread, myself included, weren't sharp minded.  Started what?</body> 
 </post> 
<post id= "MS_3149_48288836"> 
<user id ="MS_8226067"> 
	 <username>Mari</username> 
	 <sex>F</sex> 
	 <age>19</age> 
	 <city>Caracas</city> 
	 <province>Miranda</province> 
	 <country>VE</country> 
	 </user> 
<date>1219257300</date> 
 <body>haha you mean you want me to post on this one!!</body> 
 </post> 
<post id= "MS_3149_48288977"> 
<user id ="MS_226698859"> 
	 <username>George Dunning</username> 
	 <sex>M</sex> 
	 <age>19</age> 
	 <city>UK</city> 
	 <province></province> 
	 <country></country> 
	 </user> 
<date>1219257480</date> 
 <body>LOL I meant the "Do you fancy older or younger people thread" on this forum.</body> 
 </post> 
</posts>