<?xml version="1.0" encoding="UTF-8"?> 
 <posts> 
<post id= "MS_8500_48258235"> 
<user id ="MS_111289718"> 
	 <username>Maxwell</username> 
	 <sex>M</sex> 
	 <age>53</age> 
	 <city>US</city> 
	 <province></province> 
	 <country></country> 
	 </user> 
<date>1219220940</date> 
 <body> Anything wrong with being evangelical in belief? The "gay lifestyle" is not for everyone!!</body> 
 </post> 
<post id= "MS_8500_48258491"> 
<user id ="MS_369524519"> 
	 <username>Cheeky Flirt</username> 
	 <sex>M</sex> 
	 <age>33</age> 
	 <city>Northwest</city> 
	 <province></province> 
	 <country>UK</country> 
	 </user> 
<date>1219221300</date> 
 <body>  I asked a question if you had any comment about this article, along with a brief nudge to point you to that other thread where you were speaking of gays as "abnormal" and "perverted".  Obviously you have no real comment to make on this topic, or do you? Did you want to talk about the evils of drinking perhaps? Or maybe you wanted to say how evil technology is? Who knows, perhaps you can enlighten us with your gospel?</body> 
 </post> 
<post id= "MS_8500_48258960"> 
<user id ="MS_111289718"> 
	 <username>Maxwell</username> 
	 <sex>M</sex> 
	 <age>53</age> 
	 <city>US</city> 
	 <province></province> 
	 <country></country> 
	 </user> 
<date>1219221900</date> 
 <body> Thank God these two "drunken wenches" were stopped from opening the plane door at 30,000 feet! Passengers who fly should watch their intake of alcohol and other spirits. Man, what was going through their "alcohol soaked" minds?"</body> 
 </post> 
<post id= "MS_8500_48259384"> 
<user id ="MS_369524519"> 
	 <username>Cheeky Flirt</username> 
	 <sex>M</sex> 
	 <age>33</age> 
	 <city>Northwest</city> 
	 <province></province> 
	 <country>UK</country> 
	 </user> 
<date>1219222380</date> 
 <body>  Another question, and perhaps quite an important one is what was going through the minds of those who allowed these on the plane? Usually there's a sign at the check in saying that they have the right to refuse passage to anyone appearing drunk, etc.. But you're always going to get things like this happening.  And what we don't know either is how much the cabin crew took from them for any in flight drinks? I know that they're not usually too fussy when it comes to selling drinks on flights, they probably make a bit of commission off them, so safety is a secondary issue.</body> 
 </post> 
<post id= "MS_8500_48259640"> 
<user id ="MS_111289718"> 
	 <username>Maxwell</username> 
	 <sex>M</sex> 
	 <age>53</age> 
	 <city>US</city> 
	 <province></province> 
	 <country></country> 
	 </user> 
<date>1219222620</date> 
 <body>When these two "lushes" started to "act up" why weren't they cut off? Any other drinking establishment would have done that!</body> 
 </post> 
<post id= "MS_8500_48260106"> 
<user id ="MS_369524519"> 
	 <username>Cheeky Flirt</username> 
	 <sex>M</sex> 
	 <age>33</age> 
	 <city>Northwest</city> 
	 <province></province> 
	 <country>UK</country> 
	 </user> 
<date>1219223160</date> 
 <body>  Who knows. Like I said, you're not going to stop these kinds of things. I do think there are more important things in the world to worry about though than incidents like this.</body> 
 </post> 
<post id= "MS_8500_48260523"> 
<user id ="MS_111289718"> 
	 <username>Maxwell</username> 
	 <sex>M</sex> 
	 <age>53</age> 
	 <city>US</city> 
	 <province></province> 
	 <country></country> 
	 </user> 
<date>1219223640</date> 
 <body>A bunch of "out of control "wenches", a sudden decompression" of an aircraft. That not important?</body> 
 </post> 
<post id= "MS_8500_48260857"> 
<user id ="MS_369524519"> 
	 <username>Cheeky Flirt</username> 
	 <sex>M</sex> 
	 <age>33</age> 
	 <city>Northwest</city> 
	 <province></province> 
	 <country>UK</country> 
	 </user> 
<date>1219224000</date> 
 <body>  Maxwell, I said there are MORE IMPORTANT things in the world to worry about.  By the way, still no response on that other thread, what happened?  Stuck for words?</body> 
 </post> 
<post id= "MS_8500_48483045"> 
<user id ="MS_111289718"> 
	 <username>Maxwell</username> 
	 <sex>M</sex> 
	 <age>53</age> 
	 <city>US</city> 
	 <province></province> 
	 <country></country> 
	 </user> 
<date>1219594980</date> 
 <body> Should airlines permanently suspend the sale of alcohol aboard domestic and international flights after this "near incident" with two "drunken wenches" who wanted "fresh air" at 30,000 feet?</body> 
 </post> 
<post id= "MS_8500_48487090"> 
<user id ="MS_162851625"> 
	 <username>alpha</username> 
	 <sex>M</sex> 
	 <age>100</age> 
	 <city>Newcastle</city> 
	 <province>New South Wales</province> 
	 <country>AU</country> 
	 </user> 
<date>1219601040</date> 
 <body>  Mistaken identity, women don't do this, they must have been men.</body> 
 </post> 
</posts>