<?xml version="1.0" encoding="UTF-8"?> 
 <posts> 
<post id= "MS_28021_49448501"> 
<user id ="MS_73639185"> 
	 <username>Rearranging the Deck Chairs</username> 
	 <sex>F</sex> 
	 <age>108</age> 
	 <city>FLORENCE</city> 
	 <province>Alabama</province> 
	 <country>US</country> 
	 </user> 
<date>1221178860</date> 
 <body>This classic of restrained horror, directed by Albert Lewin and starring Hurd Hatfield, George Sanders, and Donna Reed will be released on DVD for the very first time in October. Anyone else a fan of this film?</body> 
 </post> 
<post id= "MS_28021_49452016"> 
<user id ="MS_97326494"> 
	 <username>Duncan Destruction</username> 
	 <sex>M</sex> 
	 <age>25</age> 
	 <city>Dundee</city> 
	 <province>Scotland</province> 
	 <country>UK</country> 
	 </user> 
<date>1221190980</date> 
 <body>I've never actually seen it but I'm a huge fan of Oscar Wilde. I might have to get hold of a copy next month.</body> 
 </post> 
<post id= "MS_28021_49452661"> 
<user id ="MS_165864578"> 
	 <username>C.A(llen)B(ell)</username> 
	 <sex>M</sex> 
	 <age>108</age> 
	 <city>South philadelphia</city> 
	 <province>Pennsylvania</province> 
	 <country>US</country> 
	 </user> 
<date>1221192720</date> 
 <body>I read the book.</body> 
 </post> 
<post id= "MS_28021_49453336"> 
<user id ="MS_207188824"> 
	 <username>Robo-Pennies 2.0</username> 
	 <sex>M</sex> 
	 <age>26</age> 
	 <city>Texas</city> 
	 <province></province> 
	 <country>US</country> 
	 </user> 
<date>1221194280</date> 
 <body>how is it?</body> 
 </post> 
<post id= "MS_28021_49456851"> 
<user id ="MS_165864578"> 
	 <username>C.A(llen)B(ell)</username> 
	 <sex>M</sex> 
	 <age>108</age> 
	 <city>South philadelphia</city> 
	 <province>Pennsylvania</province> 
	 <country>US</country> 
	 </user> 
<date>1221200400</date> 
 <body>the book?</body> 
 </post> 
<post id= "MS_28021_49457386"> 
<user id ="MS_281376640"> 
	 <username>Chris</username> 
	 <sex>M</sex> 
	 <age>24</age> 
	 <city>New Hampshire</city> 
	 <province></province> 
	 <country>US</country> 
	 </user> 
<date>1221201180</date> 
 <body>I believe there's a new movie in the works.</body> 
 </post> 
<post id= "MS_28021_49457582"> 
<user id ="MS_165864578"> 
	 <username>C.A(llen)B(ell)</username> 
	 <sex>M</sex> 
	 <age>108</age> 
	 <city>South philadelphia</city> 
	 <province>Pennsylvania</province> 
	 <country>US</country> 
	 </user> 
<date>1221201420</date> 
 <body>Book was kinda boring.</body> 
 </post> 
<post id= "MS_28021_49460948"> 
<user id ="MS_97326494"> 
	 <username>Duncan Destruction</username> 
	 <sex>M</sex> 
	 <age>25</age> 
	 <city>Dundee</city> 
	 <province>Scotland</province> 
	 <country>UK</country> 
	 </user> 
<date>1221205920</date> 
 <body>  Interesting.  http://www.imdb.com/title/tt1235124/</body> 
 </post> 
<post id= "MS_28021_49478310"> 
<user id ="MS_73639185"> 
	 <username>Rearranging the Deck Chairs</username> 
	 <sex>F</sex> 
	 <age>108</age> 
	 <city>FLORENCE</city> 
	 <province>Alabama</province> 
	 <country>US</country> 
	 </user> 
<date>1221227940</date> 
 <body>I love the 1945 film. Hurd Hatfield made a good Dorian Gray, but George Sanders stole the show as Lord Wotton. And the paintings (by Ivan Le Lorraine Albright) were excellent.</body> 
 </post> 
</posts>