<?xml version="1.0" encoding="UTF-8"?> 
 <posts> 
<post id= "MS_9902_49754921"> 
<user id ="MS_285803594"> 
	 <username>Meg.</username> 
	 <sex>F</sex> 
	 <age>19</age> 
	 <city>Concord</city> 
	 <province>California</province> 
	 <country>US</country> 
	 </user> 
<date>1221684360</date> 
 <body>Gil. Yes, thank you. You have proved yourself to be an idiot time and time again on these forums, you didn't need to tell us.  and Corey. Try not to think too high and mighty of yourself considering you were 4 years old, still pissing in your pants when i was born. I posted the John Stewart clip simply because it was humorous. I do not solely receive my facts from comedy central. If you do not believe any of the things John Stewart is saying perhaps you should look them up.   ohh man. All of you conservatives are so full of rage whenever your beliefs are questioned. Well guess what EVOLUTION IS REAL and there is no easter bunny. Sorry!  Maybe you should go kill a poor defenseless animal with your shiny guns and refuse a child with cancer health care. That should brighten your day up. Turn that frown upside down!</body> 
 </post> 
<post id= "MS_9902_49755453"> 
<user id ="MS_143745876"> 
	 <username>Not THE Vault Dweller, but a Vault dweller.</username> 
	 <sex>M</sex> 
	 <age>19</age> 
	 <city>Nawlins</city> 
	 <province>Louisiana</province> 
	 <country>US</country> 
	 </user> 
<date>1221685320</date> 
 <body> yeah, he's pretty fucking funny, but it's funnier when some loon believes that we all think this way.</body> 
 </post> 
<post id= "MS_9902_49756470"> 
<user id ="MS_285803594"> 
	 <username>Meg.</username> 
	 <sex>F</sex> 
	 <age>19</age> 
	 <city>Concord</city> 
	 <province>California</province> 
	 <country>US</country> 
	 </user> 
<date>1221687540</date> 
 <body>yeah, some people think it in a way to help others providing everyone with health care and strengthening the lower class. other people believe on stepping on people below them in the ladder to make the rich richer and the poor poorer.   and some see hunted animals as poor & defenseless and others see it as useless beasts that feel no pain or terror that need to be kept under control.</body> 
 </post> 
<post id= "MS_9902_49782296"> 
<user id ="MS_62921124"> 
	 <username>Gil</username> 
	 <sex>M</sex> 
	 <age>37</age> 
	 <city>PARAMUS</city> 
	 <province>New Jersey</province> 
	 <country>US</country> 
	 </user> 
<date>1221735180</date> 
 <body>Some people are jealous of those that are more successful than them and want to take their money.  I can defeat any Liberal in a debate.  I was graduating High School when you where born.</body> 
 </post> 
<post id= "MS_9902_49789619"> 
<user id ="MS_285803594"> 
	 <username>Meg.</username> 
	 <sex>F</sex> 
	 <age>19</age> 
	 <city>Concord</city> 
	 <province>California</province> 
	 <country>US</country> 
	 </user> 
<date>1221744120</date> 
 <body>   Oh? and did you take the short bus gil? Newsflash. This, is not a debate. I gave two examples. I am sure there are people out there who are jealous of those that are more successful than myself and want to take their money.  However. I am not one of them. I am happy for people who have earned what they have but only on the condition that they attained it honestly. I think that anyone who attains anything they desire, not just money, by illegal, cruel, selfish and greedy behavior should be looked down upon.</body> 
 </post> 
<post id= "MS_9902_49789993"> 
<user id ="MS_237084880"> 
	 <username>mc3805</username> 
	 <sex>M</sex> 
	 <age>33</age> 
	 <city>somewhere</city> 
	 <province>New York</province> 
	 <country>US</country> 
	 </user> 
<date>1221744600</date> 
 <body> Hmm, give everybody health care and strengthen the lower class? So, I have to pay for all of the lazy ass people out there that don't want to get a job and give more hand outs to the lower class...I say hell no. But, you probably think to tax the rich is a good plan. As for the hunting...when was the last time you ate at McDonald or was that hair dye animal tested?</body> 
 </post> 
<post id= "MS_9902_49790768"> 
<user id ="MS_285803594"> 
	 <username>Meg.</username> 
	 <sex>F</sex> 
	 <age>19</age> 
	 <city>Concord</city> 
	 <province>California</province> 
	 <country>US</country> 
	 </user> 
<date>1221745740</date> 
 <body>  You are fucking ignorant. My mom. A 57 year old woman. lives in 500sf apartment in ghetto and she works 4 jobs. she can not afford health care. oh yeah but she is just lazy as all hell. unfortunately there are hundreds of thousands of lazy people like that in america I guess, by your logic. Those lazy mother fuckers need a couple more jobs and maybe sell their ass on the street huh?  With the price of tax going up it would pay for YOUR health care. YOU are not paying for anyone else. add it up dumb ass. My husbands parents pay 1700 each a month for their health care. Do you know why it is so high? Because that is how much Kaiser decided to charge them that much, no reason. But with free health care you get so much more. free mental health. free doctors visits. free medicine. free surgery. free dentistry. ect!  Do you have any idea how much, in our current world that would cost to get insurance for? wayy more than we would be paying on taxes a month.  Yes taking the insanely rich More than the poor is a good thing. McCain WANTS to tax the POOR more and give tax cuts to the rich. When I say insanely rich I do not mean like 60 k a year. I mean million..billion and trillionairs.  and no sorry. i do not eat fast food. and i use all organic, non-animal tested products. sorry to crush your hopes and dreams.</body> 
 </post> 
<post id= "MS_9902_49791439"> 
<user id ="MS_237084880"> 
	 <username>mc3805</username> 
	 <sex>M</sex> 
	 <age>33</age> 
	 <city>somewhere</city> 
	 <province>New York</province> 
	 <country>US</country> 
	 </user> 
<date>1221746700</date> 
 <body></body> 
 </post> 
<post id= "MS_9902_49792702"> 
<user id ="MS_102902297"> 
	 <username>Jr.</username> 
	 <sex>M</sex> 
	 <age>28</age> 
	 <city>ILLINOIS</city> 
	 <province></province> 
	 <country>US</country> 
	 </user> 
<date>1221748380</date> 
 <body>This ideo is no longer available</body> 
 </post> 
<post id= "MS_9902_49793525"> 
<user id ="MS_250174592"> 
	 <username>MK Fitzgerald</username> 
	 <sex>M</sex> 
	 <age>41</age> 
	 <city>Pine Level</city> 
	 <province>North Carolina</province> 
	 <country>US</country> 
	 </user> 
<date>1221749640</date> 
 <body>Meg.: You are fucking ignorant. My mom. A 57 year old woman. lives in 500sf apartment in ghetto and she works 4 jobs. she can not afford health care.   Meg is either lying or heartless.  Meg.: My husbands parents pay 1700 each a month for their health care. Do you know why it is so high? Because that is how much Kaiser decided to charge them that much, no reason. But with free health care you get so much more. free mental health. free doctors visits. free medicine. free surgery. free dentistry. ect!  Bless her heart. She thinks doctors, dentists, and psychiatrists work for free.   Meg.: Do you have any idea how much, in our current world that would cost to get insurance for? wayy more than we would be paying on taxes a month.   I wonder why she think this...  Meg.:  i do not eat fast food. and i use all organic, non-animal tested products.   I understand now. Bless her heart.</body> 
 </post> 
</posts>