<?xml version="1.0" encoding="UTF-8"?> 
 <posts> 
<post id= "MS_11519_49829966"> 
<user id ="MS_3449431"> 
	 <username>Pre$ton</username> 
	 <sex>M</sex> 
	 <age>36</age> 
	 <city>Bel Air</city> 
	 <province>California</province> 
	 <country>US</country> 
	 </user> 
<date>1221815160</date> 
 <body>Any homeowners being bailed out?</body> 
 </post> 
<post id= "MS_11519_49830275"> 
<user id ="MS_475921"> 
	 <username>JASON HUN</username> 
	 <sex>M</sex> 
	 <age>100</age> 
	 <city>L.A. - Orange County area</city> 
	 <province>California</province> 
	 <country>US</country> 
	 </user> 
<date>1221815580</date> 
 <body>fromthe article: "There's precedent for the federal government taking on troubled assetsfrom the private sector. In the 1930s, the Home Owners Loan Corp. wasset up to issue bonds to refinance borrowers. Then during the S&Lcrisis Congress set up the Resolution Trust Corp. to sell assets offailed banks."  Notice that history repeats itself because those who are ignorant(or too greedy) of history keep repeating it (the deregulation/lack of oversight by Republican adminstrations in the 1920s under Hoover/Coolidge, the deregulation of the 80s under Reagan/Bush, and the deregulation under Repubs in 2000s)  And it takes a Democratic admin to come in & fix it when they're voted out of office</body> 
 </post> 
<post id= "MS_11519_49830316"> 
<user id ="MS_3449431"> 
	 <username>Pre$ton</username> 
	 <sex>M</sex> 
	 <age>36</age> 
	 <city>Bel Air</city> 
	 <province>California</province> 
	 <country>US</country> 
	 </user> 
<date>1221815640</date> 
 <body>Lord help us if the GOP succeeds in stealing another election.</body> 
 </post> 
<post id= "MS_11519_49836035"> 
<user id ="MS_3784914"> 
	 <username>Luke (NLD-MN)</username> 
	 <sex>M</sex> 
	 <age>19</age> 
	 <city>Genocide is our Business</city> 
	 <province>Minnesota</province> 
	 <country>US</country> 
	 </user> 
<date>1221822840</date> 
 <body>Come on man, some of these mortgages were totally fucked up. There are some people who deserve governmental protection.</body> 
 </post> 
<post id= "MS_11519_49836375"> 
<user id ="MS_392244934"> 
	 <username>Goat vs. Sheep vs. Sheeple</username> 
	 <sex>M</sex> 
	 <age>23</age> 
	 <city>OMAHA</city> 
	 <province>Nebraska</province> 
	 <country>US</country> 
	 </user> 
<date>1221823260</date> 
 <body>I'm not saying they shouldn't have done it completely, but it just pisses me off that there is such a double-standard. Someone can be stupid if their rich and get a bailout by the government. Someone can't be stupid and be poor, because they'll never get anything from anybody.</body> 
 </post> 
<post id= "MS_11519_50515469"> 
<user id ="MS_33738173"> 
	 <username>Pat</username> 
	 <sex>M</sex> 
	 <age>34</age> 
	 <city>SPRING CHURCH</city> 
	 <province>Pennsylvania</province> 
	 <country>US</country> 
	 </user> 
<date>1222959960</date> 
 <body>All I know is that I am doing everything that I possibly can to vote these bastards that vote yes on the bailout bill out of office and you all should do the same! There is a double standard and there always will be until the majority of the population stands up for themselves! The government is suppose to work for US! Not vice versa! The U.S. constitution clearly states that when the government stops working for the people as a whole then the people have the right to remove that government and replace it with another one! When are we all going to stand up for what we believe? I am doing my part. I have been printing flyers with the voting records of my state congressmen (Pennsylvania) and handing them out to people! I am determined to get rid of these bastards. It is high time that they started listening to their constituents! This bailout is BULLSHIT! How about taking that $700 billion and distributing it equally among the adult population of the U.S. and everyone would receive approx. $400,000!!! Hell sounds to me like a plan! Everyone would be spending money and buying houses and there would be no need for mortgages and loans and all that other bullshit that banks do for us! Let AIG and Fanny Mae sell there desks and lamps for some cash! It is not my fault so why should I pay!</body> 
 </post> 
<post id= "MS_11519_50523942"> 
<user id ="MS_395799346"> 
	 <username>sddsf</username> 
	 <sex>M</sex> 
	 <age>29</age> 
	 <city>CORYDON</city> 
	 <province>Kentucky</province> 
	 <country>US</country> 
	 </user> 
<date>1222970880</date> 
 <body>   No, its our own fault, we have allowed our government to work this way, if you want someone to blame, blame yourself. When Bush wrote the Patriot Act, we should have risen up as a people and slaughtered him and everyone in the Legislative that voted yes.</body> 
 </post> 
<post id= "MS_11519_50524434"> 
<user id ="MS_1349787"> 
	 <username>Crossroads Caper</username> 
	 <sex>M</sex> 
	 <age>28</age> 
	 <city>My Car</city> 
	 <province>California</province> 
	 <country>US</country> 
	 </user> 
<date>1222971360</date> 
 <body>I don't recall a single homeowner being able to reap any benefits from this sausage laden bailout bill. Instead, the wonderful folks--the experts in lending--who gave the fools the money will be able to sell their suddenly toxic assets to the government. Granted, it's at a discount, but none of that is being passed along to those struggling to pay their mortgages.  Why do you hate people? Are these the fundamentals of our economy?</body> 
 </post> 
<post id= "MS_11519_50524576"> 
<user id ="MS_395799346"> 
	 <username>sddsf</username> 
	 <sex>M</sex> 
	 <age>29</age> 
	 <city>CORYDON</city> 
	 <province>Kentucky</province> 
	 <country>US</country> 
	 </user> 
<date>1222971540</date> 
 <body>    32% interest rates are not fundamental to our economy no.</body> 
 </post> 
<post id= "MS_11519_50524650"> 
<user id ="MS_1349787"> 
	 <username>Crossroads Caper</username> 
	 <sex>M</sex> 
	 <age>28</age> 
	 <city>My Car</city> 
	 <province>California</province> 
	 <country>US</country> 
	 </user> 
<date>1222971600</date> 
 <body>The people, not the mortgage industry.</body> 
 </post> 
</posts>