<?xml version="1.0" encoding="UTF-8"?> 
 <posts> 
<post id= "MS_30911_49947197"> 
<user id ="MS_59766340"> 
	 <username>Sutter Cane</username> 
	 <sex>M</sex> 
	 <age>27</age> 
	 <city>BRONX</city> 
	 <province>New York</province> 
	 <country>US</country> 
	 </user> 
<date>1222028700</date> 
 <body>Well the man has Schizophrenia. So he would have to teach him to never go full Schizophrenic.  What is also funny is how this year with Iron Man and Tropic Thunder under his belt people are dick riding Downey, yet I'm sure people skipped or hated all those other films he was in, like Gothika, The Shaggy Dog, Game 6. Just to name a few.</body> 
 </post> 
<post id= "MS_30911_49958790"> 
<user id ="MS_73024193"> 
	 <username>Robert</username> 
	 <sex>M</sex> 
	 <age>29</age> 
	 <city>LATONIA</city> 
	 <province>Kentucky</province> 
	 <country>US</country> 
	 </user> 
<date>1222058160</date> 
 <body> Gothika was a bad movie period... Just becasue i hated that movie doesn't mean i didn't like him.. hell I hated the Happening, doesn't mean i hated Mark Walberg who will redeem himself with Max Payne.. And i did see The Shaggy Dog.  Downey has always been a good actor, it was his personal life that got in his way, and Ironman just put him in the comeback seat and he has looked back so far..</body> 
 </post> 
<post id= "MS_30911_49958946"> 
<user id ="MS_141172136"> 
	 <username>annie</username> 
	 <sex>F</sex> 
	 <age>37</age> 
	 <city>ROCKAWAY</city> 
	 <province>New York</province> 
	 <country>US</country> 
	 </user> 
<date>1222058520</date> 
 <body> whay he said...but will wait for cable...</body> 
 </post> 
<post id= "MS_30911_49961788"> 
<user id ="MS_207188824"> 
	 <username>Robo-Pennies 2.0</username> 
	 <sex>M</sex> 
	 <age>26</age> 
	 <city>Texas</city> 
	 <province></province> 
	 <country>US</country> 
	 </user> 
<date>1222063860</date> 
 <body>you NEVER go full retard  </body> 
 </post> 
<post id= "MS_30911_49962085"> 
<user id ="MS_141172136"> 
	 <username>annie</username> 
	 <sex>F</sex> 
	 <age>37</age> 
	 <city>ROCKAWAY</city> 
	 <province>New York</province> 
	 <country>US</country> 
	 </user> 
<date>1222064340</date> 
 <body> why can't I see that...</body> 
 </post> 
<post id= "MS_30911_49962571"> 
<user id ="MS_9867139"> 
	 <username>No LÃ¢âÂ¢</username> 
	 <sex>F</sex> 
	 <age>22</age> 
	 <city>AUSTIN</city> 
	 <province>Texas</province> 
	 <country>US</country> 
	 </user> 
<date>1222065300</date> 
 <body>i don't know about you guys, but i am still waiting for the sequels to Stealth and Booty Call. ;)</body> 
 </post> 
<post id= "MS_30911_49962906"> 
<user id ="MS_117412665"> 
	 <username>The Ninja formerly known as James</username> 
	 <sex>M</sex> 
	 <age>32</age> 
	 <city>BELLEVUE</city> 
	 <province>NEBRASKA</province> 
	 <country>US</country> 
	 </user> 
<date>1222065900</date> 
 <body>  You know, I actually kinda liked Booty Call. Never did see Stealth, though.</body> 
 </post> 
<post id= "MS_30911_49963934"> 
<user id ="MS_401189943"> 
	 <username>Jay aka Stitch, director of Lost 4 Words :)</username> 
	 <sex>M</sex> 
	 <age>21</age> 
	 <city>POCATELLO</city> 
	 <province>Idaho</province> 
	 <country>US</country> 
	 </user> 
<date>1222067580</date> 
 <body>  It's I Am Sam... ONE OF THE BEST MOVIES EVER BLOODY MADE IMO.  And is in my opinion Sean Penn's best role, i love the way he acts out and brings the character to life</body> 
 </post> 
<post id= "MS_30911_49964037"> 
<user id ="MS_141172136"> 
	 <username>annie</username> 
	 <sex>F</sex> 
	 <age>37</age> 
	 <city>ROCKAWAY</city> 
	 <province>New York</province> 
	 <country>US</country> 
	 </user> 
<date>1222067820</date> 
 <body>  One of the best ever made?...Stitch, are you on the pipe again? Sean Penn rarely misses...he's a great actor</body> 
 </post> 
<post id= "MS_30911_49964354"> 
<user id ="MS_401189943"> 
	 <username>Jay aka Stitch, director of Lost 4 Words :)</username> 
	 <sex>M</sex> 
	 <age>21</age> 
	 <city>POCATELLO</city> 
	 <province>Idaho</province> 
	 <country>US</country> 
	 </user> 
<date>1222068420</date> 
 <body>  I know that about Sean Penn, that what makes his films a joy to see, but IMO this is his best role. I love the way he brings the character to life, he makes you give a sense of feel for the character.  I know this will probably sound over-rating but honestly i don't care.  Sean Penn's role as Sam can nearly only be recgonised to as Heath's portrayal as The Joker. Even though they are different characters, yes that i know but both actors brought the characters to life</body> 
 </post> 
</posts>