<?xml version="1.0" encoding="UTF-8"?> 
 <posts> 
<post id= "MS_30911_49919798"> 
<user id ="MS_401189943"> 
	 <username>Jay aka Stitch, director of Lost 4 Words :)</username> 
	 <sex>M</sex> 
	 <age>21</age> 
	 <city>POCATELLO</city> 
	 <province>Idaho</province> 
	 <country>US</country> 
	 </user> 
<date>1221988320</date> 
 <body>  I recommend Redemption & Ray :) To anyone that thinks Foxx is a bad actor.  Because in those 2 roles he held the film on himself and himself alone in lead roles</body> 
 </post> 
<post id= "MS_30911_49921794"> 
<user id ="MS_408512301"> 
	 <username>Josh Duhamel Ultimate Fan Site</username> 
	 <sex>M</sex> 
	 <age>35</age> 
	 <city>MINOT</city> 
	 <province>North Dakota</province> 
	 <country>UK</country> 
	 </user> 
<date>1221991680</date> 
 <body>I AM SO MUCH WAITING FOR THIS MOVIE!! I mean,great actors,and the director is one of the best !! I like |ATONEMENT" and "PRIDE & PREJUDICE",and this movie must be one of the best!!!</body> 
 </post> 
<post id= "MS_30911_49944839"> 
<user id ="MS_40592638"> 
	 <username>To Me You Are Perfect</username> 
	 <sex>M</sex> 
	 <age>34</age> 
	 <city>The White Trash Mecca</city> 
	 <province>ALABAMA</province> 
	 <country>US</country> 
	 </user> 
<date>1222024800</date> 
 <body>  I recommend back  Held Up Bait Ali</body> 
 </post> 
<post id= "MS_30911_49947197"> 
<user id ="MS_59766340"> 
	 <username>Sutter Cane</username> 
	 <sex>M</sex> 
	 <age>27</age> 
	 <city>BRONX</city> 
	 <province>New York</province> 
	 <country>US</country> 
	 </user> 
<date>1222028700</date> 
 <body>Well the man has Schizophrenia. So he would have to teach him to never go full Schizophrenic.  What is also funny is how this year with Iron Man and Tropic Thunder under his belt people are dick riding Downey, yet I'm sure people skipped or hated all those other films he was in, like Gothika, The Shaggy Dog, Game 6. Just to name a few.</body> 
 </post> 
<post id= "MS_30911_49958790"> 
<user id ="MS_73024193"> 
	 <username>Robert</username> 
	 <sex>M</sex> 
	 <age>29</age> 
	 <city>LATONIA</city> 
	 <province>Kentucky</province> 
	 <country>US</country> 
	 </user> 
<date>1222058160</date> 
 <body> Gothika was a bad movie period... Just becasue i hated that movie doesn't mean i didn't like him.. hell I hated the Happening, doesn't mean i hated Mark Walberg who will redeem himself with Max Payne.. And i did see The Shaggy Dog.  Downey has always been a good actor, it was his personal life that got in his way, and Ironman just put him in the comeback seat and he has looked back so far..</body> 
 </post> 
<post id= "MS_30911_49958946"> 
<user id ="MS_141172136"> 
	 <username>annie</username> 
	 <sex>F</sex> 
	 <age>37</age> 
	 <city>ROCKAWAY</city> 
	 <province>New York</province> 
	 <country>US</country> 
	 </user> 
<date>1222058520</date> 
 <body> whay he said...but will wait for cable...</body> 
 </post> 
<post id= "MS_30911_49961788"> 
<user id ="MS_207188824"> 
	 <username>Robo-Pennies 2.0</username> 
	 <sex>M</sex> 
	 <age>26</age> 
	 <city>Texas</city> 
	 <province></province> 
	 <country>US</country> 
	 </user> 
<date>1222063860</date> 
 <body>you NEVER go full retard  </body> 
 </post> 
<post id= "MS_30911_49962085"> 
<user id ="MS_141172136"> 
	 <username>annie</username> 
	 <sex>F</sex> 
	 <age>37</age> 
	 <city>ROCKAWAY</city> 
	 <province>New York</province> 
	 <country>US</country> 
	 </user> 
<date>1222064340</date> 
 <body> why can't I see that...</body> 
 </post> 
<post id= "MS_30911_49962571"> 
<user id ="MS_9867139"> 
	 <username>No LÃ¢âÂ¢</username> 
	 <sex>F</sex> 
	 <age>22</age> 
	 <city>AUSTIN</city> 
	 <province>Texas</province> 
	 <country>US</country> 
	 </user> 
<date>1222065300</date> 
 <body>i don't know about you guys, but i am still waiting for the sequels to Stealth and Booty Call. ;)</body> 
 </post> 
<post id= "MS_30911_49962906"> 
<user id ="MS_117412665"> 
	 <username>The Ninja formerly known as James</username> 
	 <sex>M</sex> 
	 <age>32</age> 
	 <city>BELLEVUE</city> 
	 <province>NEBRASKA</province> 
	 <country>US</country> 
	 </user> 
<date>1222065900</date> 
 <body>  You know, I actually kinda liked Booty Call. Never did see Stealth, though.</body> 
 </post> 
</posts>