<?xml version="1.0" encoding="UTF-8"?> 
 <posts> 
<post id= "MS_30911_49962085"> 
<user id ="MS_141172136"> 
	 <username>annie</username> 
	 <sex>F</sex> 
	 <age>37</age> 
	 <city>ROCKAWAY</city> 
	 <province>New York</province> 
	 <country>US</country> 
	 </user> 
<date>1222064340</date> 
 <body> why can't I see that...</body> 
 </post> 
<post id= "MS_30911_49962571"> 
<user id ="MS_9867139"> 
	 <username>No LÃ¢âÂ¢</username> 
	 <sex>F</sex> 
	 <age>22</age> 
	 <city>AUSTIN</city> 
	 <province>Texas</province> 
	 <country>US</country> 
	 </user> 
<date>1222065300</date> 
 <body>i don't know about you guys, but i am still waiting for the sequels to Stealth and Booty Call. ;)</body> 
 </post> 
<post id= "MS_30911_49962906"> 
<user id ="MS_117412665"> 
	 <username>The Ninja formerly known as James</username> 
	 <sex>M</sex> 
	 <age>32</age> 
	 <city>BELLEVUE</city> 
	 <province>NEBRASKA</province> 
	 <country>US</country> 
	 </user> 
<date>1222065900</date> 
 <body>  You know, I actually kinda liked Booty Call. Never did see Stealth, though.</body> 
 </post> 
<post id= "MS_30911_49963934"> 
<user id ="MS_401189943"> 
	 <username>Jay aka Stitch, director of Lost 4 Words :)</username> 
	 <sex>M</sex> 
	 <age>21</age> 
	 <city>POCATELLO</city> 
	 <province>Idaho</province> 
	 <country>US</country> 
	 </user> 
<date>1222067580</date> 
 <body>  It's I Am Sam... ONE OF THE BEST MOVIES EVER BLOODY MADE IMO.  And is in my opinion Sean Penn's best role, i love the way he acts out and brings the character to life</body> 
 </post> 
<post id= "MS_30911_49964037"> 
<user id ="MS_141172136"> 
	 <username>annie</username> 
	 <sex>F</sex> 
	 <age>37</age> 
	 <city>ROCKAWAY</city> 
	 <province>New York</province> 
	 <country>US</country> 
	 </user> 
<date>1222067820</date> 
 <body>  One of the best ever made?...Stitch, are you on the pipe again? Sean Penn rarely misses...he's a great actor</body> 
 </post> 
<post id= "MS_30911_49964354"> 
<user id ="MS_401189943"> 
	 <username>Jay aka Stitch, director of Lost 4 Words :)</username> 
	 <sex>M</sex> 
	 <age>21</age> 
	 <city>POCATELLO</city> 
	 <province>Idaho</province> 
	 <country>US</country> 
	 </user> 
<date>1222068420</date> 
 <body>  I know that about Sean Penn, that what makes his films a joy to see, but IMO this is his best role. I love the way he brings the character to life, he makes you give a sense of feel for the character.  I know this will probably sound over-rating but honestly i don't care.  Sean Penn's role as Sam can nearly only be recgonised to as Heath's portrayal as The Joker. Even though they are different characters, yes that i know but both actors brought the characters to life</body> 
 </post> 
<post id= "MS_30911_49964524"> 
<user id ="MS_141172136"> 
	 <username>annie</username> 
	 <sex>F</sex> 
	 <age>37</age> 
	 <city>ROCKAWAY</city> 
	 <province>New York</province> 
	 <country>US</country> 
	 </user> 
<date>1222068660</date> 
 <body> Penn was great...the entire film was okay</body> 
 </post> 
<post id= "MS_30911_49964583"> 
<user id ="MS_165864578"> 
	 <username>C.A(llen)B(ell)</username> 
	 <sex>M</sex> 
	 <age>108</age> 
	 <city>South philadelphia</city> 
	 <province>Pennsylvania</province> 
	 <country>US</country> 
	 </user> 
<date>1222068720</date> 
 <body>I love i am sam but I don't think it's one of the best movies ever or penn's best role.</body> 
 </post> 
<post id= "MS_30911_49965412"> 
<user id ="MS_207188824"> 
	 <username>Robo-Pennies 2.0</username> 
	 <sex>M</sex> 
	 <age>26</age> 
	 <city>Texas</city> 
	 <province></province> 
	 <country>US</country> 
	 </user> 
<date>1222069860</date> 
 <body>i never finished it (i just caught it on tv one afternoon), but the whole time i was thinking, this guy shouldn't have control of his child. he's mentally unfit. i mean, i feel bad for the character, but come on.</body> 
 </post> 
<post id= "MS_30911_49966392"> 
<user id ="MS_141172136"> 
	 <username>annie</username> 
	 <sex>F</sex> 
	 <age>37</age> 
	 <city>ROCKAWAY</city> 
	 <province>New York</province> 
	 <country>US</country> 
	 </user> 
<date>1222071120</date> 
 <body> Kyle, you're just a big meanie</body> 
 </post> 
</posts>