<?xml version="1.0" encoding="UTF-8"?> 
 <posts> 
<post id= "MS_30911_49910990"> 
<user id ="MS_73024193"> 
	 <username>Robert</username> 
	 <sex>M</sex> 
	 <age>29</age> 
	 <city>LATONIA</city> 
	 <province>Kentucky</province> 
	 <country>US</country> 
	 </user> 
<date>1221970320</date> 
 <body>with Robert Downy Jr. to assist him        </body> 
 </post> 
<post id= "MS_30911_49912863"> 
<user id ="MS_205379997"> 
	 <username>Apollo</username> 
	 <sex>M</sex> 
	 <age>26</age> 
	 <city>US</city> 
	 <province></province> 
	 <country></country> 
	 </user> 
<date>1221975240</date> 
 <body>I hate Jamie Foxx but Downy JR. is the fucking man. So I will probably go see this.</body> 
 </post> 
<post id= "MS_30911_49914586"> 
<user id ="MS_410855209"> 
	 <username>ï»©Snowï»©</username> 
	 <sex>M</sex> 
	 <age>22</age> 
	 <city>Midlands</city> 
	 <province></province> 
	 <country>UK</country> 
	 </user> 
<date>1221978840</date> 
 <body>I think they are both decent actors ^^, might be entertaining to watch this. :)</body> 
 </post> 
<post id= "MS_30911_49914669"> 
<user id ="MS_40592638"> 
	 <username>To Me You Are Perfect</username> 
	 <sex>M</sex> 
	 <age>34</age> 
	 <city>The White Trash Mecca</city> 
	 <province>ALABAMA</province> 
	 <country>US</country> 
	 </user> 
<date>1221979020</date> 
 <body>It looks like The Caveman's Valentine, Resurrecting the Champ and Reign Over Me had a kid together. I saw Foxx on something recently like a MTV awards show and his ego has become huge. He's not that great of an actor. He's had a few really good movies but I figure it's only a matter of time before he goes back to picking roles like "Held Up" and "Bait" again.</body> 
 </post> 
<post id= "MS_30911_49915787"> 
<user id ="MS_73024193"> 
	 <username>Robert</username> 
	 <sex>M</sex> 
	 <age>29</age> 
	 <city>LATONIA</city> 
	 <province>Kentucky</province> 
	 <country>US</country> 
	 </user> 
<date>1221981180</date> 
 <body> i agree, Foxx only has succesful films becasue look at those in those films with him, Al Pacino, Tom Cruise, Downy Jr. just to name a few</body> 
 </post> 
<post id= "MS_30911_49918109"> 
<user id ="MS_119944990"> 
	 <username>Johnnie</username> 
	 <sex>M</sex> 
	 <age>28</age> 
	 <city>D8ton</city> 
	 <province>Ohio</province> 
	 <country>US</country> 
	 </user> 
<date>1221985500</date> 
 <body>Damn... That looks really good.</body> 
 </post> 
<post id= "MS_30911_49919798"> 
<user id ="MS_401189943"> 
	 <username>Jay aka Stitch, director of Lost 4 Words :)</username> 
	 <sex>M</sex> 
	 <age>21</age> 
	 <city>POCATELLO</city> 
	 <province>Idaho</province> 
	 <country>US</country> 
	 </user> 
<date>1221988320</date> 
 <body>  I recommend Redemption & Ray :) To anyone that thinks Foxx is a bad actor.  Because in those 2 roles he held the film on himself and himself alone in lead roles</body> 
 </post> 
<post id= "MS_30911_49921794"> 
<user id ="MS_408512301"> 
	 <username>Josh Duhamel Ultimate Fan Site</username> 
	 <sex>M</sex> 
	 <age>35</age> 
	 <city>MINOT</city> 
	 <province>North Dakota</province> 
	 <country>UK</country> 
	 </user> 
<date>1221991680</date> 
 <body>I AM SO MUCH WAITING FOR THIS MOVIE!! I mean,great actors,and the director is one of the best !! I like |ATONEMENT" and "PRIDE & PREJUDICE",and this movie must be one of the best!!!</body> 
 </post> 
<post id= "MS_30911_49944839"> 
<user id ="MS_40592638"> 
	 <username>To Me You Are Perfect</username> 
	 <sex>M</sex> 
	 <age>34</age> 
	 <city>The White Trash Mecca</city> 
	 <province>ALABAMA</province> 
	 <country>US</country> 
	 </user> 
<date>1222024800</date> 
 <body>  I recommend back  Held Up Bait Ali</body> 
 </post> 
<post id= "MS_30911_49947197"> 
<user id ="MS_59766340"> 
	 <username>Sutter Cane</username> 
	 <sex>M</sex> 
	 <age>27</age> 
	 <city>BRONX</city> 
	 <province>New York</province> 
	 <country>US</country> 
	 </user> 
<date>1222028700</date> 
 <body>Well the man has Schizophrenia. So he would have to teach him to never go full Schizophrenic.  What is also funny is how this year with Iron Man and Tropic Thunder under his belt people are dick riding Downey, yet I'm sure people skipped or hated all those other films he was in, like Gothika, The Shaggy Dog, Game 6. Just to name a few.</body> 
 </post> 
</posts>