<?xml version="1.0" encoding="UTF-8"?> 
 <posts> 
<post id= "MS_30911_49967082"> 
<user id ="MS_141172136"> 
	 <username>annie</username> 
	 <sex>F</sex> 
	 <age>37</age> 
	 <city>ROCKAWAY</city> 
	 <province>New York</province> 
	 <country>US</country> 
	 </user> 
<date>1222072020</date> 
 <body> well, Forrest had plenty of dough, so apparently, if you have money, you can have kids... no matter how unfit you are.. ÃÂ  </body> 
 </post> 
<post id= "MS_30911_50008291"> 
<user id ="MS_73024193"> 
	 <username>Robert</username> 
	 <sex>M</sex> 
	 <age>29</age> 
	 <city>LATONIA</city> 
	 <province>Kentucky</province> 
	 <country>US</country> 
	 </user> 
<date>1222146120</date> 
 <body> he died in Stealth</body> 
 </post> 
<post id= "MS_30911_50008320"> 
<user id ="MS_207188824"> 
	 <username>Robo-Pennies 2.0</username> 
	 <sex>M</sex> 
	 <age>26</age> 
	 <city>Texas</city> 
	 <province></province> 
	 <country>US</country> 
	 </user> 
<date>1222146180</date> 
 <body>  thank you, merciful screenwriter.</body> 
 </post> 
<post id= "MS_30911_50008660"> 
<user id ="MS_141172136"> 
	 <username>annie</username> 
	 <sex>F</sex> 
	 <age>37</age> 
	 <city>ROCKAWAY</city> 
	 <province>New York</province> 
	 <country>US</country> 
	 </user> 
<date>1222146840</date> 
 <body> It could have all been a dream...</body> 
 </post> 
<post id= "MS_30911_50008762"> 
<user id ="MS_73024193"> 
	 <username>Robert</username> 
	 <sex>M</sex> 
	 <age>29</age> 
	 <city>LATONIA</city> 
	 <province>Kentucky</province> 
	 <country>US</country> 
	 </user> 
<date>1222147080</date> 
 <body> damn it his black ass was blown out of the sky to hell</body> 
 </post> 
<post id= "MS_30911_50008907"> 
<user id ="MS_207188824"> 
	 <username>Robo-Pennies 2.0</username> 
	 <sex>M</sex> 
	 <age>26</age> 
	 <city>Texas</city> 
	 <province></province> 
	 <country>US</country> 
	 </user> 
<date>1222147440</date> 
 <body>if he wasn't a sinner, he wouldn't have gone to hell.</body> 
 </post> 
<post id= "MS_30911_50009012"> 
<user id ="MS_141172136"> 
	 <username>annie</username> 
	 <sex>F</sex> 
	 <age>37</age> 
	 <city>ROCKAWAY</city> 
	 <province>New York</province> 
	 <country>US</country> 
	 </user> 
<date>1222147680</date> 
 <body> The whole movie...just a dram...good ole Jamie just wakes up...all that never happened...hell, they did it in Dallas...</body> 
 </post> 
<post id= "MS_30911_50009111"> 
<user id ="MS_207188824"> 
	 <username>Robo-Pennies 2.0</username> 
	 <sex>M</sex> 
	 <age>26</age> 
	 <city>Texas</city> 
	 <province></province> 
	 <country>US</country> 
	 </user> 
<date>1222147860</date> 
 <body>it could have all happened in the head of an autistic kid...who ends up being the character from the soloist. bam! there's your story.</body> 
 </post> 
<post id= "MS_30911_50009374"> 
<user id ="MS_141172136"> 
	 <username>annie</username> 
	 <sex>F</sex> 
	 <age>37</age> 
	 <city>ROCKAWAY</city> 
	 <province>New York</province> 
	 <country>US</country> 
	 </user> 
<date>1222148400</date> 
 <body> Hollywood needs you, Kyle..needs you bad</body> 
 </post> 
<post id= "MS_30911_50011156"> 
<user id ="MS_73024193"> 
	 <username>Robert</username> 
	 <sex>M</sex> 
	 <age>29</age> 
	 <city>LATONIA</city> 
	 <province>Kentucky</province> 
	 <country>US</country> 
	 </user> 
<date>1222151700</date> 
 <body> lmao, too bad the soloist won't have jessica beil</body> 
 </post> 
</posts>