<?xml version="1.0" encoding="UTF-8"?> 
 <posts> 
<post id= "MS_11096_50644768"> 
<user id ="MS_10933375"> 
	 <username>Sample Junkeez</username> 
	 <sex>F</sex> 
	 <age>104</age> 
	 <city>AUSTIN</city> 
	 <province>TEXAS</province> 
	 <country>US</country> 
	 </user> 
<date>1223179800</date> 
 <body>$kala's thug-life baby got ass-handled by a white light heavyweight with pink hair, pink toenails, and a pink mouthpiece in under 15 seconds with a one-footed jab.  Woot.          </body> 
 </post> 
<post id= "MS_11096_50644825"> 
<user id ="MS_289754314"> 
	 <username>Nate the Great 08</username> 
	 <sex>M</sex> 
	 <age>29</age> 
	 <city>Fairport</city> 
	 <province>Ohio</province> 
	 <country>US</country> 
	 </user> 
<date>1223179980</date> 
 <body>they'll be telling this story 300 years from now.  'the shot heard around the world' 'david slays goliath'  you can't write fiction as bizarre as the this story, from beginning to end.</body> 
 </post> 
<post id= "MS_11096_50644989"> 
<user id ="MS_10933375"> 
	 <username>Sample Junkeez</username> 
	 <sex>F</sex> 
	 <age>104</age> 
	 <city>AUSTIN</city> 
	 <province>TEXAS</province> 
	 <country>US</country> 
	 </user> 
<date>1223180460</date> 
 <body>   The whole Kimbo character was fiction to begin with. He's been handled with the utmost of care since he made the switch to mma and became EliteXC's cash cow that appeals to the white, suburban gangster demographic. He was scheduled to fight the corpse of a light heavyweight that hasn't won a fight in close to 10 years. He instead got knocked out by a man that weighed 30 lbs less standing on one foot.  mma.tv has a .gif of Shaw screaming that Kimbo was being hit in the back of the head when Slice was already staring up at the lights. Truly, it has made my day  http://webpages.charter.net/gline/skala-kimbo_seth-juggo.gif</body> 
 </post> 
<post id= "MS_11096_50645057"> 
<user id ="MS_289754314"> 
	 <username>Nate the Great 08</username> 
	 <sex>M</sex> 
	 <age>29</age> 
	 <city>Fairport</city> 
	 <province>Ohio</province> 
	 <country>US</country> 
	 </user> 
<date>1223180640</date> 
 <body>  i think you meant to say that MMA in general appeals to the white, suburban gangster demographic. UFC knows who their market is. 12 boys living in a house together (TUF), heavy metal music at every juncture, etc, etc.</body> 
 </post> 
<post id= "MS_11096_50645127"> 
<user id ="MS_10933375"> 
	 <username>Sample Junkeez</username> 
	 <sex>F</sex> 
	 <age>104</age> 
	 <city>AUSTIN</city> 
	 <province>TEXAS</province> 
	 <country>US</country> 
	 </user> 
<date>1223180820</date> 
 <body>  Heh. Fair enough.</body> 
 </post> 
<post id= "MS_11096_50645178"> 
<user id ="MS_10933375"> 
	 <username>Sample Junkeez</username> 
	 <sex>F</sex> 
	 <age>104</age> 
	 <city>AUSTIN</city> 
	 <province>TEXAS</province> 
	 <country>US</country> 
	 </user> 
<date>1223181000</date> 
 <body>I was driving to work in West Austin (the pricey part of town) on Thursday, and I saw a white, TapOut-clad teenaged kid driving a new Escalade on rims with 'Team Hughes' stickers all over the back while basing Tupac.  It was quite possibly the proudest moment of my life. I had witnessed the pinnacle of our civilization.</body> 
 </post> 
<post id= "MS_11096_50645291"> 
<user id ="MS_149899577"> 
	 <username>Pickett: Ha-Ha I Touched Your Heart</username> 
	 <sex>M</sex> 
	 <age>26</age> 
	 <city>salem</city> 
	 <province>Massachusetts</province> 
	 <country>US</country> 
	 </user> 
<date>1223181360</date> 
 <body>what did i say man, kimbo slice cannot stand up to a real mma fighter, perhaps an old timer like shamrock, but not someone whos still young enough to feed themselves</body> 
 </post> 
<post id= "MS_11096_50645351"> 
<user id ="MS_289754314"> 
	 <username>Nate the Great 08</username> 
	 <sex>M</sex> 
	 <age>29</age> 
	 <city>Fairport</city> 
	 <province>Ohio</province> 
	 <country>US</country> 
	 </user> 
<date>1223181540</date> 
 <body>im not afraid to admit that I was a fan of slice. i said as soon as Shamrock weighed in at 206.5 that a lighter fighter would be the most dangerous scenario for an inexperienced gorilla like Kimbo. I never had any illusions about him. I thought that at best, he'd have a 10-4 or 12-6 record at 38. Slice has never even had an amateur career and he's going up against guys who've been doing it their entire lives. he was SUPPOSED to be fighting tomato cans. everybody demanded that he fight stiffer competition to justify the personna that Elite XC manufactured or magnified for him. i wasn't a supporter because I bought into that hype. the fight world and entertainment in general has always been plagued by that kind of hypocrisy. good fiction outsells reality in every genre.</body> 
 </post> 
<post id= "MS_11096_50645574"> 
<user id ="MS_289754314"> 
	 <username>Nate the Great 08</username> 
	 <sex>M</sex> 
	 <age>29</age> 
	 <city>Fairport</city> 
	 <province>Ohio</province> 
	 <country>US</country> 
	 </user> 
<date>1223182080</date> 
 <body>  that .gif is funny for so many reasons. check out the look an that blonde lady's face or that Elite XC official in front of Shaw.</body> 
 </post> 
<post id= "MS_11096_50645614"> 
<user id ="MS_149899577"> 
	 <username>Pickett: Ha-Ha I Touched Your Heart</username> 
	 <sex>M</sex> 
	 <age>26</age> 
	 <city>salem</city> 
	 <province>Massachusetts</province> 
	 <country>US</country> 
	 </user> 
<date>1223182200</date> 
 <body>  cant argue with you about that, and to be honest after listening to him talk after the fight, and listening to his interview I think i have more respect for the guy, although i still didnt like the fact that he wouldnt touch gloves. More than anything what i've always disliked about kimbo is his gangster attitude and crew and persona. But again after last night, his humility surprised me. What surprised me even more was the absence of his don king like promoter. perhaps he dropped him, which id respect yet again</body> 
 </post> 
</posts>