<?xml version="1.0" encoding="UTF-8"?> 
 <posts> 
<post id= "MS_11096_50645057"> 
<user id ="MS_289754314"> 
	 <username>Nate the Great 08</username> 
	 <sex>M</sex> 
	 <age>29</age> 
	 <city>Fairport</city> 
	 <province>Ohio</province> 
	 <country>US</country> 
	 </user> 
<date>1223180640</date> 
 <body>  i think you meant to say that MMA in general appeals to the white, suburban gangster demographic. UFC knows who their market is. 12 boys living in a house together (TUF), heavy metal music at every juncture, etc, etc.</body> 
 </post> 
<post id= "MS_11096_50645127"> 
<user id ="MS_10933375"> 
	 <username>Sample Junkeez</username> 
	 <sex>F</sex> 
	 <age>104</age> 
	 <city>AUSTIN</city> 
	 <province>TEXAS</province> 
	 <country>US</country> 
	 </user> 
<date>1223180820</date> 
 <body>  Heh. Fair enough.</body> 
 </post> 
<post id= "MS_11096_50645178"> 
<user id ="MS_10933375"> 
	 <username>Sample Junkeez</username> 
	 <sex>F</sex> 
	 <age>104</age> 
	 <city>AUSTIN</city> 
	 <province>TEXAS</province> 
	 <country>US</country> 
	 </user> 
<date>1223181000</date> 
 <body>I was driving to work in West Austin (the pricey part of town) on Thursday, and I saw a white, TapOut-clad teenaged kid driving a new Escalade on rims with 'Team Hughes' stickers all over the back while basing Tupac.  It was quite possibly the proudest moment of my life. I had witnessed the pinnacle of our civilization.</body> 
 </post> 
<post id= "MS_11096_50645291"> 
<user id ="MS_149899577"> 
	 <username>Pickett: Ha-Ha I Touched Your Heart</username> 
	 <sex>M</sex> 
	 <age>26</age> 
	 <city>salem</city> 
	 <province>Massachusetts</province> 
	 <country>US</country> 
	 </user> 
<date>1223181360</date> 
 <body>what did i say man, kimbo slice cannot stand up to a real mma fighter, perhaps an old timer like shamrock, but not someone whos still young enough to feed themselves</body> 
 </post> 
<post id= "MS_11096_50645351"> 
<user id ="MS_289754314"> 
	 <username>Nate the Great 08</username> 
	 <sex>M</sex> 
	 <age>29</age> 
	 <city>Fairport</city> 
	 <province>Ohio</province> 
	 <country>US</country> 
	 </user> 
<date>1223181540</date> 
 <body>im not afraid to admit that I was a fan of slice. i said as soon as Shamrock weighed in at 206.5 that a lighter fighter would be the most dangerous scenario for an inexperienced gorilla like Kimbo. I never had any illusions about him. I thought that at best, he'd have a 10-4 or 12-6 record at 38. Slice has never even had an amateur career and he's going up against guys who've been doing it their entire lives. he was SUPPOSED to be fighting tomato cans. everybody demanded that he fight stiffer competition to justify the personna that Elite XC manufactured or magnified for him. i wasn't a supporter because I bought into that hype. the fight world and entertainment in general has always been plagued by that kind of hypocrisy. good fiction outsells reality in every genre.</body> 
 </post> 
<post id= "MS_11096_50645574"> 
<user id ="MS_289754314"> 
	 <username>Nate the Great 08</username> 
	 <sex>M</sex> 
	 <age>29</age> 
	 <city>Fairport</city> 
	 <province>Ohio</province> 
	 <country>US</country> 
	 </user> 
<date>1223182080</date> 
 <body>  that .gif is funny for so many reasons. check out the look an that blonde lady's face or that Elite XC official in front of Shaw.</body> 
 </post> 
<post id= "MS_11096_50645614"> 
<user id ="MS_149899577"> 
	 <username>Pickett: Ha-Ha I Touched Your Heart</username> 
	 <sex>M</sex> 
	 <age>26</age> 
	 <city>salem</city> 
	 <province>Massachusetts</province> 
	 <country>US</country> 
	 </user> 
<date>1223182200</date> 
 <body>  cant argue with you about that, and to be honest after listening to him talk after the fight, and listening to his interview I think i have more respect for the guy, although i still didnt like the fact that he wouldnt touch gloves. More than anything what i've always disliked about kimbo is his gangster attitude and crew and persona. But again after last night, his humility surprised me. What surprised me even more was the absence of his don king like promoter. perhaps he dropped him, which id respect yet again</body> 
 </post> 
<post id= "MS_11096_50646779"> 
<user id ="MS_11836945"> 
	 <username>The J-Train</username> 
	 <sex>M</sex> 
	 <age>32</age> 
	 <city>PUTNAM</city> 
	 <province>Connecticut</province> 
	 <country>US</country> 
	 </user> 
<date>1223184600</date> 
 <body></body> 
 </post> 
<post id= "MS_11096_50647532"> 
<user id ="MS_151422216"> 
	 <username>richard</username> 
	 <sex>M</sex> 
	 <age>29</age> 
	 <city>Texas</city> 
	 <province></province> 
	 <country>US</country> 
	 </user> 
<date>1223186280</date> 
 <body>  yeah, it was a good story while it lasted and it was telling that it was a former ufc guy that nailed him in a matter of seconds. this may signal the end of XC.  but his story is not over yet because of the ad hoc nature of the fight. slice will fight again and that will tell the story better than this fight.  but it just looked too friggin' easy.</body> 
 </post> 
<post id= "MS_11096_50648016"> 
<user id ="MS_58589089"> 
	 <username>Mattman.rip andy</username> 
	 <sex>M</sex> 
	 <age>21</age> 
	 <city>stOwn</city> 
	 <province>Tennessee</province> 
	 <country>US</country> 
	 </user> 
<date>1223187420</date> 
 <body>Kimbo Slice is a ragged gangster. He has no class, and no respect. His first fight, his interview, he had a little front put .. he won 3 straight fights.. the guy turned into a cocky street piece of shit again. This guy is far from professional, and I believe Ken Shamrock could've destroyed the guy in every aspect of MMA.</body> 
 </post> 
</posts>