<?xml version="1.0" encoding="UTF-8"?> 
 <posts> 
<post id= "MS_10737_51115643"> 
<user id ="MS_379815248"> 
	 <username>33: Tennenbaum pwnz ur Ladies</username> 
	 <sex>M</sex> 
	 <age>63</age> 
	 <city>NI</city> 
	 <province></province> 
	 <country></country> 
	 </user> 
<date>1223968560</date> 
 <body>The fact that we are in deficit means we are already bankrupt.  Jesus Christ.</body> 
 </post> 
<post id= "MS_10737_51115776"> 
<user id ="MS_385260471"> 
	 <username>blu</username> 
	 <sex>F</sex> 
	 <age>100</age> 
	 <city>GREEN BAY</city> 
	 <province>Wisconsin</province> 
	 <country>US</country> 
	 </user> 
<date>1223968800</date> 
 <body>LOL, you mean like bush has already done?</body> 
 </post> 
<post id= "MS_10737_51115826"> 
<user id ="MS_233395159"> 
	 <username>Matthew Ryan</username> 
	 <sex>M</sex> 
	 <age>99</age> 
	 <city>Hell</city> 
	 <province>Ohio</province> 
	 <country>US</country> 
	 </user> 
<date>1223968860</date> 
 <body>  Word.</body> 
 </post> 
<post id= "MS_10737_51115851"> 
<user id ="MS_402869314"> 
	 <username>Free</username> 
	 <sex>M</sex> 
	 <age>44</age> 
	 <city>MURFREESBORO</city> 
	 <province>Tennessee</province> 
	 <country>US</country> 
	 </user> 
<date>1223968860</date> 
 <body>Best proposal McCain has put on the table is the spending freeze.</body> 
 </post> 
<post id= "MS_10737_51115895"> 
<user id ="MS_8403529"> 
	 <username>Gary</username> 
	 <sex>M</sex> 
	 <age>34</age> 
	 <city>CLINTON</city> 
	 <province>Tennessee</province> 
	 <country>US</country> 
	 </user> 
<date>1223968920</date> 
 <body>  We're already going bankrupt.</body> 
 </post> 
<post id= "MS_10737_51115905"> 
<user id ="MS_175036552"> 
	 <username>.</username> 
	 <sex>M</sex> 
	 <age>30</age> 
	 <city>Washington DC</city> 
	 <province></province> 
	 <country>US</country> 
	 </user> 
<date>1223968920</date> 
 <body>Wow, you mean corporate CEO's don't like Obama ?  That's almost reason enough to get me to vote for him.  Fuck corporations and their CEO's. This country was built on the back of small business owners, not huge corporate greed.</body> 
 </post> 
<post id= "MS_10737_51115923"> 
<user id ="MS_57775192"> 
	 <username>Phillip</username> 
	 <sex>M</sex> 
	 <age>22</age> 
	 <city>HARRISON</city> 
	 <province>TENNESSEE</province> 
	 <country>US</country> 
	 </user> 
<date>1223968980</date> 
 <body></body> 
 </post> 
<post id= "MS_10737_51115947"> 
<user id ="MS_385260471"> 
	 <username>blu</username> 
	 <sex>F</sex> 
	 <age>100</age> 
	 <city>GREEN BAY</city> 
	 <province>Wisconsin</province> 
	 <country>US</country> 
	 </user> 
<date>1223969040</date> 
 <body> Extremely bad idea. You might be surprised at the problems caused by something like that.</body> 
 </post> 
<post id= "MS_10737_51115971"> 
<user id ="MS_390559062"> 
	 <username>HILLARYTOUGH</username> 
	 <sex>F</sex> 
	 <age>28</age> 
	 <city>New Jersey</city> 
	 <province></province> 
	 <country>US</country> 
	 </user> 
<date>1223969040</date> 
 <body>Obama to Hit Financially Strapped Plumber with More Taxes  Obama Prepares to Use the Power of Executive Branch to Sqeeze Tax Payers and Redistribute Wealth  Barack Obama told a tax-burdened plumber over the weekend that his economic philosophy is to "spread the wealth around"  Obama made the remark, caught on camera, after fielding some tough questions from the plumber Sunday in Ohio, where the Democratic candidate canvassed neighborhoods and encouraged residents to vote early.  "Your new tax plan is going to tax me more, isn't it?" the plumber asked, complaining that he was being taxed "more and more for fulfilling the American dream."  "It's not that I want to punish your success. I just want to make sure that everybody who is behind you, that they've got a chance for success too," Obama responded. "My attitude is that if the economy's good for folks from the bottom up, it's gonna be good for everybody ... I think when you spread the wealth around, it's good for everybody."   SOURCE:  Obama to Plumber: My Plan Will 'Spread the Wealth Around' Barack Obama tells a plumber in Ohio he wants to "spread the wealth around," eliciting criticism that his economic recovery plan is socialist in nature. Fox News, 10/13/08 http://elections.foxnews.com/2008/10/13/obama-plumber-plan-sprea d-wealth/</body> 
 </post> 
<post id= "MS_10737_51115976"> 
<user id ="MS_402869314"> 
	 <username>Free</username> 
	 <sex>M</sex> 
	 <age>44</age> 
	 <city>MURFREESBORO</city> 
	 <province>Tennessee</province> 
	 <country>US</country> 
	 </user> 
<date>1223969040</date> 
 <body>  GREAT idea, and the best domestic proposal he has put forward.</body> 
 </post> 
</posts>