<?xml version="1.0" encoding="UTF-8"?> 
 <posts> 
<post id= "MS_12659_51164522"> 
<user id ="MS_416753192"> 
	 <username>dragoner</username> 
	 <sex>M</sex> 
	 <age>41</age> 
	 <city>San Francisco</city> 
	 <province>California</province> 
	 <country>US</country> 
	 </user> 
<date>1224057120</date> 
 <body>  So you will be eating the freedom fries? No, continental europe is not having any wars with europe, nor is UK, maybe just crazy UK expat mercenaries. But the limeys were always pirates. Considering that the US military has spent the last 60 years fighting 3rd world militaries, it would be interesting to see what happens when they invade Russia. I wouldn't, but I have been raised with stories from where we did it last time.</body> 
 </post> 
<post id= "MS_12659_51165568"> 
<user id ="MS_217129174"> 
	 <username>Chris</username> 
	 <sex>M</sex> 
	 <age>95</age> 
	 <city>London</city> 
	 <province>London and South East</province> 
	 <country>UK</country> 
	 </user> 
<date>1224058500</date> 
 <body>  "Limeys"?? That's pretty racist man...Like using the n-word for blacks and w-word for mexicans...Didn't know you were an anglophobe bigot...</body> 
 </post> 
<post id= "MS_12659_51165621"> 
<user id ="MS_416753192"> 
	 <username>dragoner</username> 
	 <sex>M</sex> 
	 <age>41</age> 
	 <city>San Francisco</city> 
	 <province>California</province> 
	 <country>US</country> 
	 </user> 
<date>1224058620</date> 
 <body>  Yes, well I married a London woman, so I get that right.</body> 
 </post> 
<post id= "MS_12659_51173674"> 
<user id ="MS_217129174"> 
	 <username>Chris</username> 
	 <sex>M</sex> 
	 <age>95</age> 
	 <city>London</city> 
	 <province>London and South East</province> 
	 <country>UK</country> 
	 </user> 
<date>1224068040</date> 
 <body>  A VERY flimpsy retort. The "I've got black friends" statement, or "I shagged a black" excuse also doesn't carry water these days :)</body> 
 </post> 
<post id= "MS_12659_51175950"> 
<user id ="MS_416753192"> 
	 <username>dragoner</username> 
	 <sex>M</sex> 
	 <age>41</age> 
	 <city>San Francisco</city> 
	 <province>California</province> 
	 <country>US</country> 
	 </user> 
<date>1224070320</date> 
 <body>  Have you married a London woman? As well as is there such thing as a Anglophobe or is it knowledge and caution? No Austrian girl ever hit me in the head with a bottle...</body> 
 </post> 
<post id= "MS_12659_51176239"> 
<user id ="MS_304844635"> 
	 <username>Jay The Magnificent</username> 
	 <sex>M</sex> 
	 <age>101</age> 
	 <city>US</city> 
	 <province></province> 
	 <country></country> 
	 </user> 
<date>1224070620</date> 
 <body>  that is VERY speculative thinking.</body> 
 </post> 
<post id= "MS_12659_51178715"> 
<user id ="MS_28432574"> 
	 <username>Ð¯yaÐ¸[DF]</username> 
	 <sex>M</sex> 
	 <age>18</age> 
	 <city>Katy</city> 
	 <province>Texas</province> 
	 <country>US</country> 
	 </user> 
<date>1224073380</date> 
 <body>...because the Russian government isn't guilty of anything. At all.</body> 
 </post> 
<post id= "MS_12659_51178964"> 
<user id ="MS_217129174"> 
	 <username>Chris</username> 
	 <sex>M</sex> 
	 <age>95</age> 
	 <city>London</city> 
	 <province>London and South East</province> 
	 <country>UK</country> 
	 </user> 
<date>1224073680</date> 
 <body>  So you went out with an eastend nutter...LOL!</body> 
 </post> 
<post id= "MS_12659_51179209"> 
<user id ="MS_416753192"> 
	 <username>dragoner</username> 
	 <sex>M</sex> 
	 <age>41</age> 
	 <city>San Francisco</city> 
	 <province>California</province> 
	 <country>US</country> 
	 </user> 
<date>1224073980</date> 
 <body>  Yes, there should be warnings about that.</body> 
 </post> 
<post id= "MS_12659_51179274"> 
<user id ="MS_217129174"> 
	 <username>Chris</username> 
	 <sex>M</sex> 
	 <age>95</age> 
	 <city>London</city> 
	 <province>London and South East</province> 
	 <country>UK</country> 
	 </user> 
<date>1224074040</date> 
 <body>  Well, every man gets a dose of psychosis from time to time...:)</body> 
 </post> 
</posts>