<?xml version="1.0" encoding="UTF-8"?> 
 <posts> 
<post id= "MS_12659_51178964"> 
<user id ="MS_217129174"> 
	 <username>Chris</username> 
	 <sex>M</sex> 
	 <age>95</age> 
	 <city>London</city> 
	 <province>London and South East</province> 
	 <country>UK</country> 
	 </user> 
<date>1224073680</date> 
 <body>  So you went out with an eastend nutter...LOL!</body> 
 </post> 
<post id= "MS_12659_51179209"> 
<user id ="MS_416753192"> 
	 <username>dragoner</username> 
	 <sex>M</sex> 
	 <age>41</age> 
	 <city>San Francisco</city> 
	 <province>California</province> 
	 <country>US</country> 
	 </user> 
<date>1224073980</date> 
 <body>  Yes, there should be warnings about that.</body> 
 </post> 
<post id= "MS_12659_51179274"> 
<user id ="MS_217129174"> 
	 <username>Chris</username> 
	 <sex>M</sex> 
	 <age>95</age> 
	 <city>London</city> 
	 <province>London and South East</province> 
	 <country>UK</country> 
	 </user> 
<date>1224074040</date> 
 <body>  Well, every man gets a dose of psychosis from time to time...:)</body> 
 </post> 
<post id= "MS_12659_51180049"> 
<user id ="MS_416753192"> 
	 <username>dragoner</username> 
	 <sex>M</sex> 
	 <age>41</age> 
	 <city>San Francisco</city> 
	 <province>California</province> 
	 <country>US</country> 
	 </user> 
<date>1224074940</date> 
 <body>  Particularly an Englishman it seems...</body> 
 </post> 
<post id= "MS_12659_51180125"> 
<user id ="MS_217129174"> 
	 <username>Chris</username> 
	 <sex>M</sex> 
	 <age>95</age> 
	 <city>London</city> 
	 <province>London and South East</province> 
	 <country>UK</country> 
	 </user> 
<date>1224075000</date> 
 <body>  I am immune to all that now :)</body> 
 </post> 
<post id= "MS_12659_51180237"> 
<user id ="MS_416753192"> 
	 <username>dragoner</username> 
	 <sex>M</sex> 
	 <age>41</age> 
	 <city>San Francisco</city> 
	 <province>California</province> 
	 <country>US</country> 
	 </user> 
<date>1224075120</date> 
 <body>  So am I (at least I hope so...) but why the immunization process had to be so painful...</body> 
 </post> 
<post id= "MS_12659_51180288"> 
<user id ="MS_217129174"> 
	 <username>Chris</username> 
	 <sex>M</sex> 
	 <age>95</age> 
	 <city>London</city> 
	 <province>London and South East</province> 
	 <country>UK</country> 
	 </user> 
<date>1224075180</date> 
 <body>  Its designed to make us remember it :P</body> 
 </post> 
<post id= "MS_12659_51180655"> 
<user id ="MS_416753192"> 
	 <username>dragoner</username> 
	 <sex>M</sex> 
	 <age>41</age> 
	 <city>San Francisco</city> 
	 <province>California</province> 
	 <country>US</country> 
	 </user> 
<date>1224075600</date> 
 <body>  Except we don't and we aren't immune, it is a designed weakness.</body> 
 </post> 
<post id= "MS_12659_51180805"> 
<user id ="MS_217129174"> 
	 <username>Chris</username> 
	 <sex>M</sex> 
	 <age>95</age> 
	 <city>London</city> 
	 <province>London and South East</province> 
	 <country>UK</country> 
	 </user> 
<date>1224075780</date> 
 <body>  Oh I've learned my lessons...:P</body> 
 </post> 
<post id= "MS_12659_51181052"> 
<user id ="MS_416753192"> 
	 <username>dragoner</username> 
	 <sex>M</sex> 
	 <age>41</age> 
	 <city>San Francisco</city> 
	 <province>California</province> 
	 <country>US</country> 
	 </user> 
<date>1224076080</date> 
 <body> Same here, but that's not to I won't be a sucker, I'm smart enough. I laugh at people I know that talk of going to live in London, it's like "you will see...."  Knowledge and caution.</body> 
 </post> 
</posts>