<?xml version="1.0" encoding="UTF-8"?> 
 <posts> 
<post id= "MS_26110_51365775"> 
<user id ="MS_182584083"> 
	 <username>Mad Chadder</username> 
	 <sex>M</sex> 
	 <age>20</age> 
	 <city>CHADWICK</city> 
	 <province>Illinois</province> 
	 <country>US</country> 
	 </user> 
<date>1224412620</date> 
 <body>Yeah it is pretty cool!</body> 
 </post> 
<post id= "MS_26110_51366190"> 
<user id ="MS_400054944"> 
	 <username>Dr. Worm</username> 
	 <sex>M</sex> 
	 <age>22</age> 
	 <city>Jackson</city> 
	 <province>Tennessee</province> 
	 <country>US</country> 
	 </user> 
<date>1224413100</date> 
 <body>i love this movie by far the best dracula film</body> 
 </post> 
<post id= "MS_26110_51367192"> 
<user id ="MS_182584083"> 
	 <username>Mad Chadder</username> 
	 <sex>M</sex> 
	 <age>20</age> 
	 <city>CHADWICK</city> 
	 <province>Illinois</province> 
	 <country>US</country> 
	 </user> 
<date>1224414540</date> 
 <body>I would not say it is the best Dracula movie, but it is good.</body> 
 </post> 
<post id= "MS_26110_51370150"> 
<user id ="MS_4756656"> 
	 <username>Ryan</username> 
	 <sex>M</sex> 
	 <age>28</age> 
	 <city>Montreal</city> 
	 <province>Quebec</province> 
	 <country>CA</country> 
	 </user> 
<date>1224417960</date> 
 <body>For me, it is the best Dracula movie (and one of the best vampire films).. largely due to Oldman's performance. One of my favourite actors.</body> 
 </post> 
<post id= "MS_26110_51370379"> 
<user id ="MS_103019602"> 
	 <username>elmer</username> 
	 <sex>M</sex> 
	 <age>22</age> 
	 <city>Belgrade</city> 
	 <province>Serbia</province> 
	 <country>YU</country> 
	 </user> 
<date>1224418260</date> 
 <body>Yes that was very good version of Dracula (maybe the best). I warn you, if you like novel Dracula, and you're interested in screened versions, PLEASE SKIP THIS ONE!!! BRAM STOKER IS TURNING IN HIS GRAVE CAUSE OF THIS>>>>        </body> 
 </post> 
<post id= "MS_26110_51373250"> 
<user id ="MS_401127737"> 
	 <username>Asâ Ð¯oâ Creep</username> 
	 <sex>M</sex> 
	 <age>18</age> 
	 <city>NEW YORK</city> 
	 <province>New York</province> 
	 <country>US</country> 
	 </user> 
<date>1224422280</date> 
 <body>   i think we may of found a space movie worse than Jason X</body> 
 </post> 
<post id= "MS_26110_51374545"> 
<user id ="MS_182584083"> 
	 <username>Mad Chadder</username> 
	 <sex>M</sex> 
	 <age>20</age> 
	 <city>CHADWICK</city> 
	 <province>Illinois</province> 
	 <country>US</country> 
	 </user> 
<date>1224424380</date> 
 <body>  Agreed</body> 
 </post> 
<post id= "MS_26110_51377660"> 
<user id ="MS_71019906"> 
	 <username>Ä</username> 
	 <sex>F</sex> 
	 <age>29</age> 
	 <city>Maryville</city> 
	 <province>Tennessee</province> 
	 <country>US</country> 
	 </user> 
<date>1224429480</date> 
 <body>I liked the movie, it had a good cast and did rather good justice for the book...you can get it for five bucks at walmart now, so my mom told me before she bought it for me hehe</body> 
 </post> 
<post id= "MS_26110_51383870"> 
<user id ="MS_182584083"> 
	 <username>Mad Chadder</username> 
	 <sex>M</sex> 
	 <age>20</age> 
	 <city>CHADWICK</city> 
	 <province>Illinois</province> 
	 <country>US</country> 
	 </user> 
<date>1224438180</date> 
 <body>  Yeah that is like $10 less than the blu ray version that I bought!</body> 
 </post> 
<post id= "MS_26110_51384261"> 
<user id ="MS_416563687"> 
	 <username>Rorschach</username> 
	 <sex>M</sex> 
	 <age>68</age> 
	 <city>NEW YORK</city> 
	 <province>New York</province> 
	 <country>US</country> 
	 </user> 
<date>1224438720</date> 
 <body>Great Film!</body> 
 </post> 
</posts>