<?xml version="1.0" encoding="UTF-8"?> 
 <posts> 
<post id= "MS_26110_51383870"> 
<user id ="MS_182584083"> 
	 <username>Mad Chadder</username> 
	 <sex>M</sex> 
	 <age>20</age> 
	 <city>CHADWICK</city> 
	 <province>Illinois</province> 
	 <country>US</country> 
	 </user> 
<date>1224438180</date> 
 <body>  Yeah that is like $10 less than the blu ray version that I bought!</body> 
 </post> 
<post id= "MS_26110_51384261"> 
<user id ="MS_416563687"> 
	 <username>Rorschach</username> 
	 <sex>M</sex> 
	 <age>68</age> 
	 <city>NEW YORK</city> 
	 <province>New York</province> 
	 <country>US</country> 
	 </user> 
<date>1224438720</date> 
 <body>Great Film!</body> 
 </post> 
<post id= "MS_26110_51384630"> 
<user id ="MS_182584083"> 
	 <username>Mad Chadder</username> 
	 <sex>M</sex> 
	 <age>20</age> 
	 <city>CHADWICK</city> 
	 <province>Illinois</province> 
	 <country>US</country> 
	 </user> 
<date>1224439260</date> 
 <body>Oh hell it is you!</body> 
 </post> 
<post id= "MS_26110_51384705"> 
<user id ="MS_401127737"> 
	 <username>Asâ Ð¯oâ Creep</username> 
	 <sex>M</sex> 
	 <age>18</age> 
	 <city>NEW YORK</city> 
	 <province>New York</province> 
	 <country>US</country> 
	 </user> 
<date>1224439380</date> 
 <body>you know chad this guy never relly seems to do any thing he just pops up every now and then to make a post</body> 
 </post> 
<post id= "MS_26110_51384801"> 
<user id ="MS_182584083"> 
	 <username>Mad Chadder</username> 
	 <sex>M</sex> 
	 <age>20</age> 
	 <city>CHADWICK</city> 
	 <province>Illinois</province> 
	 <country>US</country> 
	 </user> 
<date>1224439500</date> 
 <body>Yeah but he sent me effed up messages once!</body> 
 </post> 
<post id= "MS_26110_51384878"> 
<user id ="MS_401127737"> 
	 <username>Asâ Ð¯oâ Creep</username> 
	 <sex>M</sex> 
	 <age>18</age> 
	 <city>NEW YORK</city> 
	 <province>New York</province> 
	 <country>US</country> 
	 </user> 
<date>1224439620</date> 
 <body>he sent alot of them to alot of peopel</body> 
 </post> 
<post id= "MS_26110_51384930"> 
<user id ="MS_182584083"> 
	 <username>Mad Chadder</username> 
	 <sex>M</sex> 
	 <age>20</age> 
	 <city>CHADWICK</city> 
	 <province>Illinois</province> 
	 <country>US</country> 
	 </user> 
<date>1224439680</date> 
 <body>Kind of an annoying bastard! LOL!</body> 
 </post> 
<post id= "MS_26110_51385202"> 
<user id ="MS_401127737"> 
	 <username>Asâ Ð¯oâ Creep</username> 
	 <sex>M</sex> 
	 <age>18</age> 
	 <city>NEW YORK</city> 
	 <province>New York</province> 
	 <country>US</country> 
	 </user> 
<date>1224440160</date> 
 <body>yeah but then again arnt we all</body> 
 </post> 
<post id= "MS_26110_51385281"> 
<user id ="MS_182584083"> 
	 <username>Mad Chadder</username> 
	 <sex>M</sex> 
	 <age>20</age> 
	 <city>CHADWICK</city> 
	 <province>Illinois</province> 
	 <country>US</country> 
	 </user> 
<date>1224440220</date> 
 <body>Agreed now back on topic lol!</body> 
 </post> 
<post id= "MS_26110_51385365"> 
<user id ="MS_401127737"> 
	 <username>Asâ Ð¯oâ Creep</username> 
	 <sex>M</sex> 
	 <age>18</age> 
	 <city>NEW YORK</city> 
	 <province>New York</province> 
	 <country>US</country> 
	 </user> 
<date>1224440400</date> 
 <body>Yes this relly is an epic film</body> 
 </post> 
</posts>