<?xml version="1.0" encoding="UTF-8"?> 
 <posts> 
<post id= "MS_26463_52114158"> 
<user id ="MS_188910048"> 
	 <username>Ross</username> 
	 <sex>M</sex> 
	 <age>17</age> 
	 <city>Manhattan</city> 
	 <province>New York</province> 
	 <country>US</country> 
	 </user> 
<date>1225746480</date> 
 <body>  sure and all Dustin Hoffman did in Rain Man was was count pencils.   you are the perfect example for why Myspace should have an IQ limit dumbass.</body> 
 </post> 
<post id= "MS_26463_52114223"> 
<user id ="MS_420793571"> 
	 <username>Brian</username> 
	 <sex>M</sex> 
	 <age>17</age> 
	 <city>MANTECA</city> 
	 <province>California</province> 
	 <country>US</country> 
	 </user> 
<date>1225746600</date> 
 <body>Your saying I have a low IQ because I didn't like a movie?</body> 
 </post> 
<post id= "MS_26463_52114263"> 
<user id ="MS_401189943"> 
	 <username>Jay aka Stitch, director of Lost 4 Words :)</username> 
	 <sex>M</sex> 
	 <age>21</age> 
	 <city>POCATELLO</city> 
	 <province>Idaho</province> 
	 <country>US</country> 
	 </user> 
<date>1225746720</date> 
 <body>  Do you know how wrong your quotes sound? Obviously i'm gathering that you never picked up a Batman comic in your life. Even that or your a mentally and sexually frustrated douchebag</body> 
 </post> 
<post id= "MS_26463_52114379"> 
<user id ="MS_401189943"> 
	 <username>Jay aka Stitch, director of Lost 4 Words :)</username> 
	 <sex>M</sex> 
	 <age>21</age> 
	 <city>POCATELLO</city> 
	 <province>Idaho</province> 
	 <country>US</country> 
	 </user> 
<date>1225746900</date> 
 <body>  fixed</body> 
 </post> 
<post id= "MS_26463_52114436"> 
<user id ="MS_116809562"> 
	 <username>Katttttttyyyyyyyyyy</username> 
	 <sex>F</sex> 
	 <age>99</age> 
	 <city>Mounty County</city> 
	 <province>New South Wales</province> 
	 <country>AU</country> 
	 </user> 
<date>1225747020</date> 
 <body>  dumbass indeed.</body> 
 </post> 
<post id= "MS_26463_52115129"> 
<user id ="MS_281376640"> 
	 <username>Chris</username> 
	 <sex>M</sex> 
	 <age>24</age> 
	 <city>New Hampshire</city> 
	 <province></province> 
	 <country>US</country> 
	 </user> 
<date>1225748340</date> 
 <body> In the case of not liking The Dark Knight, yes, that definitely makes you a dumbass.  And you're also a douchebag for saying that you're glad Heath Ledger died. I mean, Batman & Robin was atrocious, but I don't wish death upon anybody who was involved.  And finally, you're 17. People your age are always douchebags. It just comes naturally.</body> 
 </post> 
<post id= "MS_26463_52115161"> 
<user id ="MS_281376640"> 
	 <username>Chris</username> 
	 <sex>M</sex> 
	 <age>24</age> 
	 <city>New Hampshire</city> 
	 <province></province> 
	 <country>US</country> 
	 </user> 
<date>1225748340</date> 
 <body>Oh, and you live in California. Lotta douchebags out there.</body> 
 </post> 
<post id= "MS_26463_52117907"> 
<user id ="MS_119944990"> 
	 <username>Johnnie</username> 
	 <sex>M</sex> 
	 <age>28</age> 
	 <city>D8ton</city> 
	 <province>Ohio</province> 
	 <country>US</country> 
	 </user> 
<date>1225753380</date> 
 <body>  haha... Welcome to the movie forum!  If you say you didn't like TDK... All the trolls and fanboys come out of the woodwork to defends Heaths' half ass potrayal of the Joker.  Get used to it... (apparently it's all they got):(</body> 
 </post> 
<post id= "MS_26463_52118296"> 
<user id ="MS_5274330"> 
	 <username>Matt</username> 
	 <sex>M</sex> 
	 <age>23</age> 
	 <city>Oshawa</city> 
	 <province>Ontario</province> 
	 <country>CA</country> 
	 </user> 
<date>1225754160</date> 
 <body>  Heath's Joker was the closest to Joker in the comics. I suggest you read The Killing Joker, and you'll understand.  Heath is how the Joker was originally written. Jack's Joker was how DC changed him back in the 50's and 60's where they made him more a practical joker then a homicidal mad man.  But to each their own.</body> 
 </post> 
<post id= "MS_26463_52118400"> 
<user id ="MS_116809562"> 
	 <username>Katttttttyyyyyyyyyy</username> 
	 <sex>F</sex> 
	 <age>99</age> 
	 <city>Mounty County</city> 
	 <province>New South Wales</province> 
	 <country>AU</country> 
	 </user> 
<date>1225754400</date> 
 <body> Ok Johnnie. You and the dumbass that you're defending need to go back and read the previous posts that said dumbass contributed to this thread.  Those posts are what makes him a dumbass, not the fact that he doen't like TDK.</body> 
 </post> 
</posts>