<?xml version="1.0" encoding="UTF-8"?> 
 <posts> 
<post id= "MS_26463_52114436"> 
<user id ="MS_116809562"> 
	 <username>Katttttttyyyyyyyyyy</username> 
	 <sex>F</sex> 
	 <age>99</age> 
	 <city>Mounty County</city> 
	 <province>New South Wales</province> 
	 <country>AU</country> 
	 </user> 
<date>1225747020</date> 
 <body>  dumbass indeed.</body> 
 </post> 
<post id= "MS_26463_52115129"> 
<user id ="MS_281376640"> 
	 <username>Chris</username> 
	 <sex>M</sex> 
	 <age>24</age> 
	 <city>New Hampshire</city> 
	 <province></province> 
	 <country>US</country> 
	 </user> 
<date>1225748340</date> 
 <body> In the case of not liking The Dark Knight, yes, that definitely makes you a dumbass.  And you're also a douchebag for saying that you're glad Heath Ledger died. I mean, Batman & Robin was atrocious, but I don't wish death upon anybody who was involved.  And finally, you're 17. People your age are always douchebags. It just comes naturally.</body> 
 </post> 
<post id= "MS_26463_52115161"> 
<user id ="MS_281376640"> 
	 <username>Chris</username> 
	 <sex>M</sex> 
	 <age>24</age> 
	 <city>New Hampshire</city> 
	 <province></province> 
	 <country>US</country> 
	 </user> 
<date>1225748340</date> 
 <body>Oh, and you live in California. Lotta douchebags out there.</body> 
 </post> 
<post id= "MS_26463_52117907"> 
<user id ="MS_119944990"> 
	 <username>Johnnie</username> 
	 <sex>M</sex> 
	 <age>28</age> 
	 <city>D8ton</city> 
	 <province>Ohio</province> 
	 <country>US</country> 
	 </user> 
<date>1225753380</date> 
 <body>  haha... Welcome to the movie forum!  If you say you didn't like TDK... All the trolls and fanboys come out of the woodwork to defends Heaths' half ass potrayal of the Joker.  Get used to it... (apparently it's all they got):(</body> 
 </post> 
<post id= "MS_26463_52118296"> 
<user id ="MS_5274330"> 
	 <username>Matt</username> 
	 <sex>M</sex> 
	 <age>23</age> 
	 <city>Oshawa</city> 
	 <province>Ontario</province> 
	 <country>CA</country> 
	 </user> 
<date>1225754160</date> 
 <body>  Heath's Joker was the closest to Joker in the comics. I suggest you read The Killing Joker, and you'll understand.  Heath is how the Joker was originally written. Jack's Joker was how DC changed him back in the 50's and 60's where they made him more a practical joker then a homicidal mad man.  But to each their own.</body> 
 </post> 
<post id= "MS_26463_52118400"> 
<user id ="MS_116809562"> 
	 <username>Katttttttyyyyyyyyyy</username> 
	 <sex>F</sex> 
	 <age>99</age> 
	 <city>Mounty County</city> 
	 <province>New South Wales</province> 
	 <country>AU</country> 
	 </user> 
<date>1225754400</date> 
 <body> Ok Johnnie. You and the dumbass that you're defending need to go back and read the previous posts that said dumbass contributed to this thread.  Those posts are what makes him a dumbass, not the fact that he doen't like TDK.</body> 
 </post> 
<post id= "MS_26463_52119616"> 
<user id ="MS_404311851"> 
	 <username>Herger - Joyous</username> 
	 <sex>M</sex> 
	 <age>22</age> 
	 <city>BROWNSVILLE</city> 
	 <province>Texas</province> 
	 <country>US</country> 
	 </user> 
<date>1225757460</date> 
 <body>  One of his lesser known movies. He was good in it. His career was barely taking off though, and to be bad he passed away at such a young age.</body> 
 </post> 
<post id= "MS_26463_52119655"> 
<user id ="MS_404311851"> 
	 <username>Herger - Joyous</username> 
	 <sex>M</sex> 
	 <age>22</age> 
	 <city>BROWNSVILLE</city> 
	 <province>Texas</province> 
	 <country>US</country> 
	 </user> 
<date>1225757640</date> 
 <body>  You come off as a jerk because you said that you're glad Heath's dead because you didn't like his performance in The Dark Knight. It's ok if you didn't like the movie or Heath's performance, but to say that you're glad he's dead is what makes someone say you have a low IQ.</body> 
 </post> 
<post id= "MS_26463_52120566"> 
<user id ="MS_97326494"> 
	 <username>Duncan Destruction</username> 
	 <sex>M</sex> 
	 <age>25</age> 
	 <city>Dundee</city> 
	 <province>Scotland</province> 
	 <country>UK</country> 
	 </user> 
<date>1225760700</date> 
 <body>  In career terms that's the tragic thing about his death, that he seemed to be coming into his own as a great actor.</body> 
 </post> 
<post id= "MS_26463_52120662"> 
<user id ="MS_97326494"> 
	 <username>Duncan Destruction</username> 
	 <sex>M</sex> 
	 <age>25</age> 
	 <city>Dundee</city> 
	 <province>Scotland</province> 
	 <country>UK</country> 
	 </user> 
<date>1225761000</date> 
 <body>  I'd say fully emerging yourself into a character that has serious mental issues is a lot more traumatizing than playing a character that has a homosexual relationship.</body> 
 </post> 
</posts>