<?xml version="1.0" encoding="UTF-8"?> 
 <posts> 
<post id= "MS_26463_52120566"> 
<user id ="MS_97326494"> 
	 <username>Duncan Destruction</username> 
	 <sex>M</sex> 
	 <age>25</age> 
	 <city>Dundee</city> 
	 <province>Scotland</province> 
	 <country>UK</country> 
	 </user> 
<date>1225760700</date> 
 <body>  In career terms that's the tragic thing about his death, that he seemed to be coming into his own as a great actor.</body> 
 </post> 
<post id= "MS_26463_52120662"> 
<user id ="MS_97326494"> 
	 <username>Duncan Destruction</username> 
	 <sex>M</sex> 
	 <age>25</age> 
	 <city>Dundee</city> 
	 <province>Scotland</province> 
	 <country>UK</country> 
	 </user> 
<date>1225761000</date> 
 <body>  I'd say fully emerging yourself into a character that has serious mental issues is a lot more traumatizing than playing a character that has a homosexual relationship.</body> 
 </post> 
<post id= "MS_26463_52124419"> 
<user id ="MS_141172136"> 
	 <username>annie</username> 
	 <sex>F</sex> 
	 <age>37</age> 
	 <city>ROCKAWAY</city> 
	 <province>New York</province> 
	 <country>US</country> 
	 </user> 
<date>1225773540</date> 
 <body> I never saw it....:(....I love skater movies, too...hmm...why did I not see this?</body> 
 </post> 
<post id= "MS_26463_52124474"> 
<user id ="MS_141172136"> 
	 <username>annie</username> 
	 <sex>F</sex> 
	 <age>37</age> 
	 <city>ROCKAWAY</city> 
	 <province>New York</province> 
	 <country>US</country> 
	 </user> 
<date>1225773600</date> 
 <body> I saw some interview with Nicholson when Ledger died...he said he had warned him about the character...or something like that...I think if you get that run down by a character, you are a kook to begin with...and maybe should lay off the narcotics</body> 
 </post> 
<post id= "MS_26463_52124868"> 
<user id ="MS_97326494"> 
	 <username>Duncan Destruction</username> 
	 <sex>M</sex> 
	 <age>25</age> 
	 <city>Dundee</city> 
	 <province>Scotland</province> 
	 <country>UK</country> 
	 </user> 
<date>1225774380</date> 
 <body>  You're better off just watching 'Dogtown and Z-Boys'.</body> 
 </post> 
<post id= "MS_26463_52124888"> 
<user id ="MS_141172136"> 
	 <username>annie</username> 
	 <sex>F</sex> 
	 <age>37</age> 
	 <city>ROCKAWAY</city> 
	 <province>New York</province> 
	 <country>US</country> 
	 </user> 
<date>1225774380</date> 
 <body> that one I saw ;)</body> 
 </post> 
<post id= "MS_26463_52126363"> 
<user id ="MS_115019883"> 
	 <username>Evil Red Ninja</username> 
	 <sex>M</sex> 
	 <age>100</age> 
	 <city>Neon Trailer Park</city> 
	 <province>Georgia</province> 
	 <country>US</country> 
	 </user> 
<date>1225777320</date> 
 <body>  Is it a good movie? I DVRed it the other night and haven't gotten around to it. I plan on watching a lot of movies today . . .ÃÂ to escape all the election coverage.</body> 
 </post> 
<post id= "MS_26463_52136504"> 
<user id ="MS_383726472"> 
	 <username>The Baron</username> 
	 <sex>M</sex> 
	 <age>23</age> 
	 <city>Six and a quarter Feet Under</city> 
	 <province>Illinois</province> 
	 <country>US</country> 
	 </user> 
<date>1225792800</date> 
 <body>  also, a fantastic documentary :)</body> 
 </post> 
<post id= "MS_26463_52141412"> 
<user id ="MS_118204420"> 
	 <username>Dain bramaged</username> 
	 <sex>M</sex> 
	 <age>29</age> 
	 <city>The last place you look</city> 
	 <province>Florida</province> 
	 <country>US</country> 
	 </user> 
<date>1225798260</date> 
 <body> I've seen it a few times, well worth renting/buying.</body> 
 </post> 
<post id= "MS_26463_52143696"> 
<user id ="MS_8135016"> 
	 <username>Jeffsta</username> 
	 <sex>M</sex> 
	 <age>22</age> 
	 <city>Fullerton</city> 
	 <province>California</province> 
	 <country>US</country> 
	 </user> 
<date>1225800360</date> 
 <body>You guys seriously think he died over the Joker role? Didn't the medical report say it was the wrong mix of sleeping pills? There was no excess amount in his body.</body> 
 </post> 
</posts>