<?xml version="1.0" encoding="UTF-8"?> 
 <posts> 
<post id= "MS_26463_52091685"> 
<user id ="MS_118204420"> 
	 <username>Dain bramaged</username> 
	 <sex>M</sex> 
	 <age>29</age> 
	 <city>The last place you look</city> 
	 <province>Florida</province> 
	 <country>US</country> 
	 </user> 
<date>1225715820</date> 
 <body> You didn't like Lords of Dogtown?</body> 
 </post> 
<post id= "MS_26463_52092010"> 
<user id ="MS_22448491"> 
	 <username>Christophe O'Blivionâ¢</username> 
	 <sex>M</sex> 
	 <age>29</age> 
	 <city>Hampshire</city> 
	 <province>London and South East</province> 
	 <country>UK</country> 
	 </user> 
<date>1225716180</date> 
 <body>I thought he was pretty good in Candy.</body> 
 </post> 
<post id= "MS_26463_52092100"> 
<user id ="MS_188910048"> 
	 <username>Ross</username> 
	 <sex>M</sex> 
	 <age>17</age> 
	 <city>Manhattan</city> 
	 <province>New York</province> 
	 <country>US</country> 
	 </user> 
<date>1225716300</date> 
 <body>he was amazing in Brokeback Mountain,even though that movie was a little weak.</body> 
 </post> 
<post id= "MS_26463_52094396"> 
<user id ="MS_212787040"> 
	 <username>joe</username> 
	 <sex>M</sex> 
	 <age>45</age> 
	 <city>Mississippi</city> 
	 <province></province> 
	 <country>US</country> 
	 </user> 
<date>1225718940</date> 
 <body>i watched 'a knights tale' last night but to me paul bettany is the better one in it.</body> 
 </post> 
<post id= "MS_26463_52099784"> 
<user id ="MS_97326494"> 
	 <username>Duncan Destruction</username> 
	 <sex>M</sex> 
	 <age>25</age> 
	 <city>Dundee</city> 
	 <province>Scotland</province> 
	 <country>UK</country> 
	 </user> 
<date>1225725660</date> 
 <body>He was good in 'I'm Not There', though Cate Blanchett stole the movie with her performance. I think he was a bit over rated for his actual body of work.</body> 
 </post> 
<post id= "MS_26463_52104560"> 
<user id ="MS_281376640"> 
	 <username>Chris</username> 
	 <sex>M</sex> 
	 <age>24</age> 
	 <city>New Hampshire</city> 
	 <province></province> 
	 <country>US</country> 
	 </user> 
<date>1225732200</date> 
 <body> If he hadn't died, his performance as the Joker would have been the start of something really big for him. The Dark Knight seems to have spurred many, many people who never saw a Heath Ledger movie before to go back and review his earlier work.</body> 
 </post> 
<post id= "MS_26463_52108079"> 
<user id ="MS_19742420"> 
	 <username>Why so serious</username> 
	 <sex>M</sex> 
	 <age>38</age> 
	 <city>TULSA</city> 
	 <province>Oklahoma</province> 
	 <country>US</country> 
	 </user> 
<date>1225737300</date> 
 <body>Heath was an always be the definitive JOKER....</body> 
 </post> 
<post id= "MS_26463_52108367"> 
<user id ="MS_425235697"> 
	 <username>Reece</username> 
	 <sex>M</sex> 
	 <age>18</age> 
	 <city>MZ</city> 
	 <province></province> 
	 <country></country> 
	 </user> 
<date>1225737720</date> 
 <body>Brokeback Mountain was a beautiful film.</body> 
 </post> 
<post id= "MS_26463_52110931"> 
<user id ="MS_383726472"> 
	 <username>The Baron</username> 
	 <sex>M</sex> 
	 <age>23</age> 
	 <city>Six and a quarter Feet Under</city> 
	 <province>Illinois</province> 
	 <country>US</country> 
	 </user> 
<date>1225740900</date> 
 <body>  that movie is fucking fantastic</body> 
 </post> 
<post id= "MS_26463_52112235"> 
<user id ="MS_299692072"> 
	 <username>Al coholic!!</username> 
	 <sex>M</sex> 
	 <age>29</age> 
	 <city>syracuse</city> 
	 <province>New York</province> 
	 <country>US</country> 
	 </user> 
<date>1225742880</date> 
 <body>Ya he was great but i am gonna be better ha ha ha!</body> 
 </post> 
</posts>