<?xml version="1.0" encoding="UTF-8"?> 
 <posts> 
<post id= "MS_26463_52124868"> 
<user id ="MS_97326494"> 
	 <username>Duncan Destruction</username> 
	 <sex>M</sex> 
	 <age>25</age> 
	 <city>Dundee</city> 
	 <province>Scotland</province> 
	 <country>UK</country> 
	 </user> 
<date>1225774380</date> 
 <body>  You're better off just watching 'Dogtown and Z-Boys'.</body> 
 </post> 
<post id= "MS_26463_52124888"> 
<user id ="MS_141172136"> 
	 <username>annie</username> 
	 <sex>F</sex> 
	 <age>37</age> 
	 <city>ROCKAWAY</city> 
	 <province>New York</province> 
	 <country>US</country> 
	 </user> 
<date>1225774380</date> 
 <body> that one I saw ;)</body> 
 </post> 
<post id= "MS_26463_52126363"> 
<user id ="MS_115019883"> 
	 <username>Evil Red Ninja</username> 
	 <sex>M</sex> 
	 <age>100</age> 
	 <city>Neon Trailer Park</city> 
	 <province>Georgia</province> 
	 <country>US</country> 
	 </user> 
<date>1225777320</date> 
 <body>  Is it a good movie? I DVRed it the other night and haven't gotten around to it. I plan on watching a lot of movies today . . .ÃÂ to escape all the election coverage.</body> 
 </post> 
<post id= "MS_26463_52136504"> 
<user id ="MS_383726472"> 
	 <username>The Baron</username> 
	 <sex>M</sex> 
	 <age>23</age> 
	 <city>Six and a quarter Feet Under</city> 
	 <province>Illinois</province> 
	 <country>US</country> 
	 </user> 
<date>1225792800</date> 
 <body>  also, a fantastic documentary :)</body> 
 </post> 
<post id= "MS_26463_52141412"> 
<user id ="MS_118204420"> 
	 <username>Dain bramaged</username> 
	 <sex>M</sex> 
	 <age>29</age> 
	 <city>The last place you look</city> 
	 <province>Florida</province> 
	 <country>US</country> 
	 </user> 
<date>1225798260</date> 
 <body> I've seen it a few times, well worth renting/buying.</body> 
 </post> 
<post id= "MS_26463_52143696"> 
<user id ="MS_8135016"> 
	 <username>Jeffsta</username> 
	 <sex>M</sex> 
	 <age>22</age> 
	 <city>Fullerton</city> 
	 <province>California</province> 
	 <country>US</country> 
	 </user> 
<date>1225800360</date> 
 <body>You guys seriously think he died over the Joker role? Didn't the medical report say it was the wrong mix of sleeping pills? There was no excess amount in his body.</body> 
 </post> 
<post id= "MS_26463_52146367"> 
<user id ="MS_407047144"> 
	 <username>kitty</username> 
	 <sex>F</sex> 
	 <age>26</age> 
	 <city>COLORADO SPRINGS</city> 
	 <province>Colorado</province> 
	 <country>US</country> 
	 </user> 
<date>1225803000</date> 
 <body>He wasn't just a great joker, he was a great actor all around, i really liked him in all the roles that i saw him in, Especially in "10 Things I Hate About You"</body> 
 </post> 
<post id= "MS_26463_52148829"> 
<user id ="MS_188910048"> 
	 <username>Ross</username> 
	 <sex>M</sex> 
	 <age>17</age> 
	 <city>Manhattan</city> 
	 <province>New York</province> 
	 <country>US</country> 
	 </user> 
<date>1225805520</date> 
 <body>  no it's because you don't give a good reason why Heath Ledger didn't do a good job.</body> 
 </post> 
<post id= "MS_26463_52148855"> 
<user id ="MS_188910048"> 
	 <username>Ross</username> 
	 <sex>M</sex> 
	 <age>17</age> 
	 <city>Manhattan</city> 
	 <province>New York</province> 
	 <country>US</country> 
	 </user> 
<date>1225805580</date> 
 <body>  *didn't</body> 
 </post> 
<post id= "MS_26463_52149250"> 
<user id ="MS_22448491"> 
	 <username>Christophe O'Blivionâ¢</username> 
	 <sex>M</sex> 
	 <age>29</age> 
	 <city>Hampshire</city> 
	 <province>London and South East</province> 
	 <country>UK</country> 
	 </user> 
<date>1225805940</date> 
 <body> Yeah it is a good film. It left me feeling sad when it ended. Well worth watching :)</body> 
 </post> 
</posts>