<?xml version="1.0" encoding="UTF-8"?> 
 <posts> 
<post id= "MS_26463_52118400"> 
<user id ="MS_116809562"> 
	 <username>Katttttttyyyyyyyyyy</username> 
	 <sex>F</sex> 
	 <age>99</age> 
	 <city>Mounty County</city> 
	 <province>New South Wales</province> 
	 <country>AU</country> 
	 </user> 
<date>1225754400</date> 
 <body> Ok Johnnie. You and the dumbass that you're defending need to go back and read the previous posts that said dumbass contributed to this thread.  Those posts are what makes him a dumbass, not the fact that he doen't like TDK.</body> 
 </post> 
<post id= "MS_26463_52119616"> 
<user id ="MS_404311851"> 
	 <username>Herger - Joyous</username> 
	 <sex>M</sex> 
	 <age>22</age> 
	 <city>BROWNSVILLE</city> 
	 <province>Texas</province> 
	 <country>US</country> 
	 </user> 
<date>1225757460</date> 
 <body>  One of his lesser known movies. He was good in it. His career was barely taking off though, and to be bad he passed away at such a young age.</body> 
 </post> 
<post id= "MS_26463_52119655"> 
<user id ="MS_404311851"> 
	 <username>Herger - Joyous</username> 
	 <sex>M</sex> 
	 <age>22</age> 
	 <city>BROWNSVILLE</city> 
	 <province>Texas</province> 
	 <country>US</country> 
	 </user> 
<date>1225757640</date> 
 <body>  You come off as a jerk because you said that you're glad Heath's dead because you didn't like his performance in The Dark Knight. It's ok if you didn't like the movie or Heath's performance, but to say that you're glad he's dead is what makes someone say you have a low IQ.</body> 
 </post> 
<post id= "MS_26463_52120566"> 
<user id ="MS_97326494"> 
	 <username>Duncan Destruction</username> 
	 <sex>M</sex> 
	 <age>25</age> 
	 <city>Dundee</city> 
	 <province>Scotland</province> 
	 <country>UK</country> 
	 </user> 
<date>1225760700</date> 
 <body>  In career terms that's the tragic thing about his death, that he seemed to be coming into his own as a great actor.</body> 
 </post> 
<post id= "MS_26463_52120662"> 
<user id ="MS_97326494"> 
	 <username>Duncan Destruction</username> 
	 <sex>M</sex> 
	 <age>25</age> 
	 <city>Dundee</city> 
	 <province>Scotland</province> 
	 <country>UK</country> 
	 </user> 
<date>1225761000</date> 
 <body>  I'd say fully emerging yourself into a character that has serious mental issues is a lot more traumatizing than playing a character that has a homosexual relationship.</body> 
 </post> 
<post id= "MS_26463_52124419"> 
<user id ="MS_141172136"> 
	 <username>annie</username> 
	 <sex>F</sex> 
	 <age>37</age> 
	 <city>ROCKAWAY</city> 
	 <province>New York</province> 
	 <country>US</country> 
	 </user> 
<date>1225773540</date> 
 <body> I never saw it....:(....I love skater movies, too...hmm...why did I not see this?</body> 
 </post> 
<post id= "MS_26463_52124474"> 
<user id ="MS_141172136"> 
	 <username>annie</username> 
	 <sex>F</sex> 
	 <age>37</age> 
	 <city>ROCKAWAY</city> 
	 <province>New York</province> 
	 <country>US</country> 
	 </user> 
<date>1225773600</date> 
 <body> I saw some interview with Nicholson when Ledger died...he said he had warned him about the character...or something like that...I think if you get that run down by a character, you are a kook to begin with...and maybe should lay off the narcotics</body> 
 </post> 
<post id= "MS_26463_52124868"> 
<user id ="MS_97326494"> 
	 <username>Duncan Destruction</username> 
	 <sex>M</sex> 
	 <age>25</age> 
	 <city>Dundee</city> 
	 <province>Scotland</province> 
	 <country>UK</country> 
	 </user> 
<date>1225774380</date> 
 <body>  You're better off just watching 'Dogtown and Z-Boys'.</body> 
 </post> 
<post id= "MS_26463_52124888"> 
<user id ="MS_141172136"> 
	 <username>annie</username> 
	 <sex>F</sex> 
	 <age>37</age> 
	 <city>ROCKAWAY</city> 
	 <province>New York</province> 
	 <country>US</country> 
	 </user> 
<date>1225774380</date> 
 <body> that one I saw ;)</body> 
 </post> 
<post id= "MS_26463_52126363"> 
<user id ="MS_115019883"> 
	 <username>Evil Red Ninja</username> 
	 <sex>M</sex> 
	 <age>100</age> 
	 <city>Neon Trailer Park</city> 
	 <province>Georgia</province> 
	 <country>US</country> 
	 </user> 
<date>1225777320</date> 
 <body>  Is it a good movie? I DVRed it the other night and haven't gotten around to it. I plan on watching a lot of movies today . . .ÃÂ to escape all the election coverage.</body> 
 </post> 
</posts>