<?xml version="1.0" encoding="UTF-8"?> 
 <posts> 
<post id= "MS_26463_52099784"> 
<user id ="MS_97326494"> 
	 <username>Duncan Destruction</username> 
	 <sex>M</sex> 
	 <age>25</age> 
	 <city>Dundee</city> 
	 <province>Scotland</province> 
	 <country>UK</country> 
	 </user> 
<date>1225725660</date> 
 <body>He was good in 'I'm Not There', though Cate Blanchett stole the movie with her performance. I think he was a bit over rated for his actual body of work.</body> 
 </post> 
<post id= "MS_26463_52104560"> 
<user id ="MS_281376640"> 
	 <username>Chris</username> 
	 <sex>M</sex> 
	 <age>24</age> 
	 <city>New Hampshire</city> 
	 <province></province> 
	 <country>US</country> 
	 </user> 
<date>1225732200</date> 
 <body> If he hadn't died, his performance as the Joker would have been the start of something really big for him. The Dark Knight seems to have spurred many, many people who never saw a Heath Ledger movie before to go back and review his earlier work.</body> 
 </post> 
<post id= "MS_26463_52108079"> 
<user id ="MS_19742420"> 
	 <username>Why so serious</username> 
	 <sex>M</sex> 
	 <age>38</age> 
	 <city>TULSA</city> 
	 <province>Oklahoma</province> 
	 <country>US</country> 
	 </user> 
<date>1225737300</date> 
 <body>Heath was an always be the definitive JOKER....</body> 
 </post> 
<post id= "MS_26463_52108367"> 
<user id ="MS_425235697"> 
	 <username>Reece</username> 
	 <sex>M</sex> 
	 <age>18</age> 
	 <city>MZ</city> 
	 <province></province> 
	 <country></country> 
	 </user> 
<date>1225737720</date> 
 <body>Brokeback Mountain was a beautiful film.</body> 
 </post> 
<post id= "MS_26463_52110931"> 
<user id ="MS_383726472"> 
	 <username>The Baron</username> 
	 <sex>M</sex> 
	 <age>23</age> 
	 <city>Six and a quarter Feet Under</city> 
	 <province>Illinois</province> 
	 <country>US</country> 
	 </user> 
<date>1225740900</date> 
 <body>  that movie is fucking fantastic</body> 
 </post> 
<post id= "MS_26463_52112235"> 
<user id ="MS_299692072"> 
	 <username>Al coholic!!</username> 
	 <sex>M</sex> 
	 <age>29</age> 
	 <city>syracuse</city> 
	 <province>New York</province> 
	 <country>US</country> 
	 </user> 
<date>1225742880</date> 
 <body>Ya he was great but i am gonna be better ha ha ha!</body> 
 </post> 
<post id= "MS_26463_52113537"> 
<user id ="MS_401189943"> 
	 <username>Jay aka Stitch, director of Lost 4 Words :)</username> 
	 <sex>M</sex> 
	 <age>21</age> 
	 <city>POCATELLO</city> 
	 <province>Idaho</province> 
	 <country>US</country> 
	 </user> 
<date>1225745280</date> 
 <body>Best thing about TDk if you ask me.</body> 
 </post> 
<post id= "MS_26463_52113660"> 
<user id ="MS_119944990"> 
	 <username>Johnnie</username> 
	 <sex>M</sex> 
	 <age>28</age> 
	 <city>D8ton</city> 
	 <province>Ohio</province> 
	 <country>US</country> 
	 </user> 
<date>1225745460</date> 
 <body>Heath was ok... I thought Jack Nicholson was a really good Joker though.</body> 
 </post> 
<post id= "MS_26463_52113763"> 
<user id ="MS_420793571"> 
	 <username>Brian</username> 
	 <sex>M</sex> 
	 <age>17</age> 
	 <city>MANTECA</city> 
	 <province>California</province> 
	 <country>US</country> 
	 </user> 
<date>1225745700</date> 
 <body>I don't know what the big deal was about the Dark Knight, batman's voice was stupid and over done and heath ledger did a horrible job. Im glad he died. Nothing beats Jack Nickolson's performance of the Joker</body> 
 </post> 
<post id= "MS_26463_52113879"> 
<user id ="MS_188910048"> 
	 <username>Ross</username> 
	 <sex>M</sex> 
	 <age>17</age> 
	 <city>Manhattan</city> 
	 <province>New York</province> 
	 <country>US</country> 
	 </user> 
<date>1225745880</date> 
 <body>  so many things wrong with what you just said.  you are a fucking douchebag for being glad that Ledger is dead and Ledger was great in it.</body> 
 </post> 
</posts>