<?xml version="1.0" encoding="UTF-8"?> 
 <posts> 
 <post id="MS_28173_16654448">
      <user id="MS_108559544">
        <username>sandra</username>
        <sex>F</sex>
        <age>36</age>
        <city>Toronto</city>
        <province>Ontario</province>
        <country>CA</country>
      </user>
      <date>1165892520</date>
      <body>I LOVED IT.......sooo good....and people need to lay off on the guy......must see.....it was 2 1/2 hrs long but it didn't seem like it</body>
    </post> 
 <post id="MS_28173_16654540">
      <user id="MS_19064284">
        <username>Casey</username>
        <sex>M</sex>
        <age>24</age>
        <city>Los Angeles</city>
        <province>California</province>
        <country>US</country>
      </user>
      <date>1165892940</date>
      <body>I just hope it's sufficiently better than Passion of the Christ. Anyway, people do need to lay off Gibson. He was drunk, and he apologized.</body>
    </post> 
 <post id="MS_28173_16655078">
      <user id="MS_1437650">
        <username>david</username>
        <sex>M</sex>
        <age>27</age>
        <city>lynnwood</city>
        <province>Washington</province>
        <country>US</country>
      </user>
      <date>1165896060</date>
      <body>I can see him being drunk when he made The Passion of the Christ, but I didn't know he apologized for it.</body>
    </post> 
 <post id="MS_28173_16655116">
      <user id="MS_63016095">
        <username>Larry</username>
        <sex>M</sex>
        <age>32</age>
        <city>KANSAS CITY</city>
        <province>MISSOURI</province>
        <country>US</country>
      </user>
      <date>1165896300</date>
      <body>it was good. Violent as hell. Mel has some serious blood lust issues.</body>
    </post> 
 <post id="MS_28173_16668169">
      <user id="MS_8225318">
        <username>dujac</username>
        <sex>M</sex>
        <age>49</age>
        <city>Hot Springs</city>
        <province>Arkansas</province>
        <country>US</country>
      </user>
      <date>1165923840</date>
      <body>"Mel has some serious blood lust issues."    i suspect that it's an accurate portrayal    of the bloodlust that existed in the real    lives of those ancient people</body>
    </post> 
 <post id="MS_28173_16691862">
      <user id="MS_63591379">
        <username>Bill</username>
        <sex>M</sex>
        <age>57</age>
        <city>PORTLAND</city>
        <province>Oregon</province>
        <country>US</country>
      </user>
      <date>1165953300</date>
      <body>i suspect that it's an accurate portrayal    of the bloodlust that existed in the real    lives of those ancient people &gt;&gt;&gt;    The Aztecs were few in number compared to neighboring tribes, so war games that ended in human sacrifice meant fewer enemies. And fear is also a great weapon to keep a population under control.    I think it was more political than bloodlust.    With all the violence in our movies, the average American probably sees more blood spilled in violence (alibet fake) than anyone else on the planet, now or in the past.    Bill</body>
    </post> 
 <post id="MS_28173_16692409">
      <user id="MS_130908655">
        <username>dysLEXIcâ&#132;¢</username>
        <sex>F</sex>
        <age>22</age>
        <city>LARGO</city>
        <province>Florida</province>
        <country>US</country>
      </user>
      <date>1165954080</date>
      <body>    I dunno. I heard it was real good. But, I'm not really a fan of mel's films. I might check it out though</body>
    </post> 
 <post id="MS_28173_16696591">
      <user id="MS_40592638">
        <username>To Me You Are Perfect</username>
        <sex>M</sex>
        <age>34</age>
        <city>The White Trash Mecca</city>
        <province>ALABAMA</province>
        <country>US</country>
      </user>
      <date>1165961220</date>
      <body>    What Christian doesn't? Let's give the guy a break. He was Mad Max.</body>
    </post> 
 <post id="MS_28173_16700032">
      <user id="MS_63016095">
        <username>Larry</username>
        <sex>M</sex>
        <age>32</age>
        <city>KANSAS CITY</city>
        <province>MISSOURI</province>
        <country>US</country>
      </user>
      <date>1165974180</date>
      <body>    hey Im not complaining. I like watching a good spear thru the head as much as the next guy. Mel's blood lust is my viewing pleasure. And as much as professor Claven's yapping about historical accuracy is true, I think its pretty damn obvious looking at his films the man likes displaying his ultraviolence. There is complete justification for the horrific realism in Passion of the Christ too. It definitley worked for the effect he was going for. But he was having way too much fun with beating down ol' JC.</body>
    </post> 
 <post id="MS_28173_16741748">
      <user id="MS_7157899">
        <username>Kevin</username>
        <sex>M</sex>
        <age>27</age>
        <city>TEMECULA</city>
        <province>CALIFORNIA</province>
        <country>US</country>
      </user>
      <date>1166038440</date>
      <body>    Call me crazy, but isn't this movie about the Mayans? I haven't seen it yet, but if the movie is ultraviolent, then it's historically accurate. The mayans were a blood thristy violent race of people. I've visited mayan ruins and learned about the history behind them. They were savages, pure and simple, and if the film wasn't ultraviolent it would be doing a disservice to the reality behind their culture.</body>
    </post>
</posts> 
