<?xml version="1.0" encoding="UTF-8"?> 
 <posts> 
 <post id="MS_28173_16741748">
      <user id="MS_7157899">
        <username>Kevin</username>
        <sex>M</sex>
        <age>27</age>
        <city>TEMECULA</city>
        <province>CALIFORNIA</province>
        <country>US</country>
      </user>
      <date>1166038440</date>
      <body>    Call me crazy, but isn't this movie about the Mayans? I haven't seen it yet, but if the movie is ultraviolent, then it's historically accurate. The mayans were a blood thristy violent race of people. I've visited mayan ruins and learned about the history behind them. They were savages, pure and simple, and if the film wasn't ultraviolent it would be doing a disservice to the reality behind their culture.</body>
    </post> 
 <post id="MS_28173_16742495">
      <user id="MS_70215832">
        <username>Emma</username>
        <sex>F</sex>
        <age>35</age>
        <city>ANCHORAGE</city>
        <province>ALASKA</province>
        <country>US</country>
      </user>
      <date>1166039580</date>
      <body>i thought the ending was weak....it left it too open for interpretation as to....were the xtian spanish there as savior types? or were they put in at the end to give the movie a what comes around goes around moral? it seemed like they ran out of money or time and left it hanging at the end.</body>
    </post> 
 <post id="MS_28173_16745609">
      <user id="MS_86377679">
        <username>Jonny Utah</username>
        <sex>M</sex>
        <age>29</age>
        <city>seaside</city>
        <province>CALIFORNIA</province>
        <country>US</country>
      </user>
      <date>1166044920</date>
      <body>dude this movie was awsome i thought. the only thing was i have no idea what the beheadings were all about. can anyone tell me? i didnt know that was going on. also was the virus and disease going around from when the europeans came to town? that wasnt columbus at the end was it? the lady havin the baby in the water was a little extreme but man it was an awsome movie</body>
    </post> 
 <post id="MS_28173_16746325">
      <user id="MS_51996297">
        <username>verbalassassin</username>
        <sex>M</sex>
        <age>102</age>
        <city>GH</city>
        <province/>
        <country/>
      </user>
      <date>1166046180</date>
      <body>Isn't that whole movie in a different language?</body>
    </post> 
 <post id="MS_28173_16748127">
      <user id="MS_4831961">
        <username>Emily</username>
        <sex>F</sex>
        <age>24</age>
        <city>AUBURN</city>
        <province>Alabama</province>
        <country>US</country>
      </user>
      <date>1166049900</date>
      <body>Yes.</body>
    </post> 
 <post id="MS_28173_16800931">
      <user id="MS_100159279">
        <username>young chitown.. free dallo</username>
        <sex>M</sex>
        <age>19</age>
        <city>MINNEAPOLIS</city>
        <province>MINNESOTA</province>
        <country>US</country>
      </user>
      <date>1166187060</date>
      <body>      BUT HE MAD JEW HATING</body>
    </post> 
 <post id="MS_28173_16821541">
      <user id="MS_123915552">
        <username>Mono Volador</username>
        <sex>M</sex>
        <age>55</age>
        <city>NORTHERN</city>
        <province>Colorado</province>
        <country>US</country>
      </user>
      <date>1166222460</date>
      <body>    Yes, I've seen it. I have a short review on my page (don't know if this is permitted to say, so delete /ignore/whatever! if so)    I highly recommend reading something about the movie before seeing it, if you plan to. Otherwise, most people will be befuddled, as the apparent plot isn't extremely clear - and lost in translation a bit too! I'm fascinated with the Inca, Aztec and Mayan cultures so was looking forward to seeing this. Don't know that this is a spectacular movie, but I think the depiction of the culture is pretty accurate. JMO</body>
    </post> 
 <post id="MS_28173_16822317">
      <user id="MS_18706554">
        <username>Roots</username>
        <sex>M</sex>
        <age>29</age>
        <city>SACRAMENTO</city>
        <province>CALIFORNIA</province>
        <country>US</country>
      </user>
      <date>1166224740</date>
      <body>    Kevin,    Excuse me for noticing your completely ignorant comments about the Mayan people. If you truly did visit the Mayan ruins than you should know, much better then someone who's only experience with the MAya is the Apocalypto, that they were one of the most sophisitcated and advanced civilizations of the era.  My complaint about the movie, which was otherwise fairly accurate, was that it did not highlight the many scientific, economic, and cultural acheivements of the Great Maya civilization. Accurate calendars, acheivements in astronomy such as the knowledge of precession, somehting that wasnt proven as a theory til this century.    Savages? Excuse me but have you watched the news lately? Almost 3000 dead in Iraq, that's savage and this is the modern age. Back then it was about survival and at least it was real warfare hand to hand combat and such, not this pussyshit long range nuclear warheads, armored vehicles and shit. I'm talking about knives, arrows, spears, and straight up martial arts.    Too bad people like you are out there mischaracterizing our culture. I would be doing a great disservice to history to not highlight the way in which the Europeans, obviously your ancestors, savagely murdered, diseased, raped and pillaged this great civilzation in the pursuit of material wealth and religious purity.    Back to the movie, I'm not sure what Gibson's point with the Spaniards at the end. The "when it rains it pours" element sort of takes away from the much more consistent and relevant "don't let history repeat itself" message. Thoughts?</body>
    </post> 
 <post id="MS_28173_16823482">
      <user id="MS_38667881">
        <username>Cesar</username>
        <sex>M</sex>
        <age>31</age>
        <city>VISALIA</city>
        <province>CALIFORNIA</province>
        <country>US</country>
      </user>
      <date>1166228880</date>
      <body>i was under the impression that the mayans were the peaceful ones and the aztecs were the bloodthirsty fighters anyways if it was the mayans in the movie than wouldnt the scene at the end be completely inaccurate because I thought the aztecs were visited and raped by the europeans not the mayans. mayans were long gone by then???</body>
    </post> 
 <post id="MS_28173_16829783">
      <user id="MS_15460847">
        <username>Ezpada</username>
        <sex>M</sex>
        <age>22</age>
        <city>HeLL fRoZeN OvEr</city>
        <province>Minnesota</province>
        <country>US</country>
      </user>
      <date>1166257980</date>
      <body>i recall the timeline for central america was something like this: toltecs, mayans, and aztecs...maybe the news had it wrong or mel? anyway it was a good movie. oh and i know the whole timeline thing is off but i was just thinking of the last three major civilizations in central america so correct me if i'm wrong and no the Inca don't apply! "CENTRAL AMERICA, NOT SOUTH AMERICA!!!</body>
    </post>
</posts> 
