<?xml version="1.0" encoding="UTF-8"?> 
 <posts> 
 <post id="MS_28173_16691862">
      <user id="MS_63591379">
        <username>Bill</username>
        <sex>M</sex>
        <age>57</age>
        <city>PORTLAND</city>
        <province>Oregon</province>
        <country>US</country>
      </user>
      <date>1165953300</date>
      <body>i suspect that it's an accurate portrayal    of the bloodlust that existed in the real    lives of those ancient people &gt;&gt;&gt;    The Aztecs were few in number compared to neighboring tribes, so war games that ended in human sacrifice meant fewer enemies. And fear is also a great weapon to keep a population under control.    I think it was more political than bloodlust.    With all the violence in our movies, the average American probably sees more blood spilled in violence (alibet fake) than anyone else on the planet, now or in the past.    Bill</body>
    </post> 
 <post id="MS_28173_16692409">
      <user id="MS_130908655">
        <username>dysLEXIcâ&#132;¢</username>
        <sex>F</sex>
        <age>22</age>
        <city>LARGO</city>
        <province>Florida</province>
        <country>US</country>
      </user>
      <date>1165954080</date>
      <body>    I dunno. I heard it was real good. But, I'm not really a fan of mel's films. I might check it out though</body>
    </post> 
 <post id="MS_28173_16696591">
      <user id="MS_40592638">
        <username>To Me You Are Perfect</username>
        <sex>M</sex>
        <age>34</age>
        <city>The White Trash Mecca</city>
        <province>ALABAMA</province>
        <country>US</country>
      </user>
      <date>1165961220</date>
      <body>    What Christian doesn't? Let's give the guy a break. He was Mad Max.</body>
    </post> 
 <post id="MS_28173_16700032">
      <user id="MS_63016095">
        <username>Larry</username>
        <sex>M</sex>
        <age>32</age>
        <city>KANSAS CITY</city>
        <province>MISSOURI</province>
        <country>US</country>
      </user>
      <date>1165974180</date>
      <body>    hey Im not complaining. I like watching a good spear thru the head as much as the next guy. Mel's blood lust is my viewing pleasure. And as much as professor Claven's yapping about historical accuracy is true, I think its pretty damn obvious looking at his films the man likes displaying his ultraviolence. There is complete justification for the horrific realism in Passion of the Christ too. It definitley worked for the effect he was going for. But he was having way too much fun with beating down ol' JC.</body>
    </post> 
 <post id="MS_28173_16741748">
      <user id="MS_7157899">
        <username>Kevin</username>
        <sex>M</sex>
        <age>27</age>
        <city>TEMECULA</city>
        <province>CALIFORNIA</province>
        <country>US</country>
      </user>
      <date>1166038440</date>
      <body>    Call me crazy, but isn't this movie about the Mayans? I haven't seen it yet, but if the movie is ultraviolent, then it's historically accurate. The mayans were a blood thristy violent race of people. I've visited mayan ruins and learned about the history behind them. They were savages, pure and simple, and if the film wasn't ultraviolent it would be doing a disservice to the reality behind their culture.</body>
    </post> 
 <post id="MS_28173_16742495">
      <user id="MS_70215832">
        <username>Emma</username>
        <sex>F</sex>
        <age>35</age>
        <city>ANCHORAGE</city>
        <province>ALASKA</province>
        <country>US</country>
      </user>
      <date>1166039580</date>
      <body>i thought the ending was weak....it left it too open for interpretation as to....were the xtian spanish there as savior types? or were they put in at the end to give the movie a what comes around goes around moral? it seemed like they ran out of money or time and left it hanging at the end.</body>
    </post> 
 <post id="MS_28173_16745609">
      <user id="MS_86377679">
        <username>Jonny Utah</username>
        <sex>M</sex>
        <age>29</age>
        <city>seaside</city>
        <province>CALIFORNIA</province>
        <country>US</country>
      </user>
      <date>1166044920</date>
      <body>dude this movie was awsome i thought. the only thing was i have no idea what the beheadings were all about. can anyone tell me? i didnt know that was going on. also was the virus and disease going around from when the europeans came to town? that wasnt columbus at the end was it? the lady havin the baby in the water was a little extreme but man it was an awsome movie</body>
    </post> 
 <post id="MS_28173_16746325">
      <user id="MS_51996297">
        <username>verbalassassin</username>
        <sex>M</sex>
        <age>102</age>
        <city>GH</city>
        <province/>
        <country/>
      </user>
      <date>1166046180</date>
      <body>Isn't that whole movie in a different language?</body>
    </post> 
 <post id="MS_28173_16748127">
      <user id="MS_4831961">
        <username>Emily</username>
        <sex>F</sex>
        <age>24</age>
        <city>AUBURN</city>
        <province>Alabama</province>
        <country>US</country>
      </user>
      <date>1166049900</date>
      <body>Yes.</body>
    </post> 
 <post id="MS_28173_16800931">
      <user id="MS_100159279">
        <username>young chitown.. free dallo</username>
        <sex>M</sex>
        <age>19</age>
        <city>MINNEAPOLIS</city>
        <province>MINNESOTA</province>
        <country>US</country>
      </user>
      <date>1166187060</date>
      <body>      BUT HE MAD JEW HATING</body>
    </post>
</posts> 
