<?xml version="1.0" encoding="UTF-8"?> 
 <posts> 
 <post id="MS_5090_740105">
      <user id="MS_1961883">
        <username>dylano</username>
        <sex>M</sex>
        <age>27</age>
        <city>Huntington Beach</city>
        <province>California</province>
        <country>US</country>
      </user>
      <date>1103932860</date>
      <body>csulb is/was thee best!</body>
    </post> 
 <post id="MS_5090_779338">
      <user id="MS_3631034">
        <username>Garrett</username>
        <sex>M</sex>
        <age>23</age>
        <city>Moraga</city>
        <province>California</province>
        <country>US</country>
      </user>
      <date>1104589920</date>
      <body>I know a couple people that go there and they say its easy as shit, but its really hard to get out of there in 4 years because of how hard it is to get the classes you need for your major.</body>
    </post> 
 <post id="MS_5090_836104">
      <user id="MS_28838">
        <username>DtL</username>
        <sex>M</sex>
        <age>99</age>
        <city>All over the place</city>
        <province>California</province>
        <country>US</country>
      </user>
      <date>1105307220</date>
      <body>For those who complain about not being able to meet people or it's like high school, then they should really put themselves out there to meet new people. I've been at Long Beach State for 4 years now and I have tons of school spirit, more friends than I could count, met hundreds of hot girls, partied like there was no tomorrow, and taken some of the most thought provoking classes that makes you really think about life.  College is about being on your own and having freedom, it's not about sticking to your old high school buddies because it's comfortable or cuz you're too much of a pussy to get out there and make something happen for yourself. Like the saying goes, "GO BEACH OR GO HOME!!!"</body>
    </post> 
 <post id="MS_5090_836113">
      <user id="MS_28838">
        <username>DtL</username>
        <sex>M</sex>
        <age>99</age>
        <city>All over the place</city>
        <province>California</province>
        <country>US</country>
      </user>
      <date>1105307340</date>
      <body>Damn little freshman. The Beach is where it's at. You're probably not having a good time and think it's too much like high school cuz you're only stickin too your little high school friends. You're in college now, get out there and meet people! In other words...grow up!</body>
    </post> 
 <post id="MS_5090_843779">
      <user id="MS_1602656">
        <username>Stacy</username>
        <sex>F</sex>
        <age>24</age>
        <city>CALIFORNIA</city>
        <province/>
        <country>US</country>
      </user>
      <date>1105393740</date>
      <body>      Exactly.  </body>
    </post> 
 <post id="MS_5090_884431">
      <user id="MS_1961883">
        <username>dylano</username>
        <sex>M</sex>
        <age>27</age>
        <city>Huntington Beach</city>
        <province>California</province>
        <country>US</country>
      </user>
      <date>1105894380</date>
      <body>lol no its not, its surrounded by an upper class area</body>
    </post> 
 <post id="MS_5090_899263">
      <user id="MS_4329169">
        <username>â&#153;¥Myah Dockeryâ&#153;¥ Is The Truth!</username>
        <sex>F</sex>
        <age>24</age>
        <city>City of Lost Angels...</city>
        <province>California</province>
        <country>US</country>
      </user>
      <date>1106032440</date>
      <body>Hmm that would be CSUDH....</body>
    </post> 
 <post id="MS_5090_903031">
      <user id="MS_1195658">
        <username>Sol-T</username>
        <sex>N</sex>
        <age/>
        <city>Writing in</city>
        <province>California</province>
        <country>US</country>
      </user>
      <date>1106060400</date>
      <body>just get fucking wasted at the nugget b4 class and after.... you should be fine.    if that fails, pack vodka in your backpack and drink it behind the LA-4 or LA-3 building...    or on the top of the parking structure. then throw it off of it.    word.    ELLE BEE SEEeeeee.....</body>
    </post> 
 <post id="MS_5090_1104861">
      <user id="MS_258727">
        <username>Ã&#135;Ã&#138;â&#128;¡Ã&#137;Ã&#151;Å¸Ã&#142;Â¿Ã&#137;â&#128;&#157;Ã&#142;Â¿Ã&#137;Â¥Ã&#137;â&#128;&#157; Ã&#151;Å¸Ã&#137;nxÃ&#135;s Ã£Æ&#146;â&#128;&#158;</username>
        <sex>M</sex>
        <age>69</age>
        <city>Jive-Ass</city>
        <province/>
        <country>TR</country>
      </user>
      <date>1107825060</date>
      <body>Having cocktails at the nugget &amp; the dorms are pretty fun. well they are until the boys roll up with you with their christmas lights and handcuff you for enjoying a forsty cold beverage outside the dorms. weenies. i don't believe i'm much of a fan of the campus police dept.</body>
    </post> 
 <post id="MS_5090_1109051">
      <user id="MS_7969826">
        <username>CaitÃ¢â&#132;¢Â«land</username>
        <sex>F</sex>
        <age>27</age>
        <city>in a glass case of emotion</city>
        <province>California</province>
        <country>US</country>
      </user>
      <date>1107866760</date>
      <body>In the year that I was allowed to go there, I partied more then I did in High school. Kinda hard to do, but somehow it was achieved. School wan't too bad either.</body>
    </post>
</posts> 
