<?xml version="1.0" encoding="UTF-8"?> 
 <posts> 
 <post id="MS_5090_6267">
      <user id="MS_1516176">
        <username>Elizabeth</username>
        <sex>F</sex>
        <age>26</age>
        <city>LONG BEACH</city>
        <province>CALIFORNIA</province>
        <country>US</country>
      </user>
      <date>1082225640</date>
      <body>Third year and still lovin it!!!!!</body>
    </post> 
 <post id="MS_5090_702628">
      <user id="MS_4037525">
        <username>Pabon</username>
        <sex>M</sex>
        <age>28</age>
        <city>NEW YORK</city>
        <province>New York</province>
        <country>US</country>
      </user>
      <date>1103300880</date>
      <body>I think it's by far one of the best schools in the country. The only problem is you have to get yourself involved before it gets good. Have never had a problem making a friend here either.</body>
    </post> 
 <post id="MS_5090_737925">
      <user id="MS_2058393">
        <username>Ashley MCâ&#132;¢</username>
        <sex>F</sex>
        <age>20</age>
        <city>I left my heart in</city>
        <province/>
        <country>KH</country>
      </user>
      <date>1103901480</date>
      <body>Do you guys really not like it there? CSULB is one of my top schools that I'm applying to. My majors fit there, and the location is perfect for me. But is it really not all it's cracked up to be?</body>
    </post> 
 <post id="MS_5090_738553">
      <user id="MS_1602656">
        <username>Stacy</username>
        <sex>F</sex>
        <age>24</age>
        <city>CALIFORNIA</city>
        <province/>
        <country>US</country>
      </user>
      <date>1103909280</date>
      <body>I've found that the people who complain about it being like high school are the same people that went to high school within 25-30 miles of it. That's the problem with a lot of commuter schools, (I grew up near Sacramento State).    I've also found that the people who love it tend to be the one's who get themselves involved. I moved onto campus at CSULB 2 1/2 years ago not knowing a single person -- and now I know plenty of people. I have more friends now than I did in high school and a more active social life for sure. And I was damn busy with my life in high school!        College is what you make it.      Although I will say that the lack of football or other tailgating sport may contribute to the lack of school spirit. But, really, often when I'm out and about wearing CSULB stuff (either in northern or southern california) people will come up and start talking to me about our sports anyway... I just smile and tell them that the sociology and human development are good.</body>
    </post> 
 <post id="MS_5090_740105">
      <user id="MS_1961883">
        <username>dylano</username>
        <sex>M</sex>
        <age>27</age>
        <city>Huntington Beach</city>
        <province>California</province>
        <country>US</country>
      </user>
      <date>1103932860</date>
      <body>csulb is/was thee best!</body>
    </post> 
 <post id="MS_5090_779338">
      <user id="MS_3631034">
        <username>Garrett</username>
        <sex>M</sex>
        <age>23</age>
        <city>Moraga</city>
        <province>California</province>
        <country>US</country>
      </user>
      <date>1104589920</date>
      <body>I know a couple people that go there and they say its easy as shit, but its really hard to get out of there in 4 years because of how hard it is to get the classes you need for your major.</body>
    </post> 
 <post id="MS_5090_836104">
      <user id="MS_28838">
        <username>DtL</username>
        <sex>M</sex>
        <age>99</age>
        <city>All over the place</city>
        <province>California</province>
        <country>US</country>
      </user>
      <date>1105307220</date>
      <body>For those who complain about not being able to meet people or it's like high school, then they should really put themselves out there to meet new people. I've been at Long Beach State for 4 years now and I have tons of school spirit, more friends than I could count, met hundreds of hot girls, partied like there was no tomorrow, and taken some of the most thought provoking classes that makes you really think about life.  College is about being on your own and having freedom, it's not about sticking to your old high school buddies because it's comfortable or cuz you're too much of a pussy to get out there and make something happen for yourself. Like the saying goes, "GO BEACH OR GO HOME!!!"</body>
    </post> 
 <post id="MS_5090_836113">
      <user id="MS_28838">
        <username>DtL</username>
        <sex>M</sex>
        <age>99</age>
        <city>All over the place</city>
        <province>California</province>
        <country>US</country>
      </user>
      <date>1105307340</date>
      <body>Damn little freshman. The Beach is where it's at. You're probably not having a good time and think it's too much like high school cuz you're only stickin too your little high school friends. You're in college now, get out there and meet people! In other words...grow up!</body>
    </post> 
 <post id="MS_5090_843779">
      <user id="MS_1602656">
        <username>Stacy</username>
        <sex>F</sex>
        <age>24</age>
        <city>CALIFORNIA</city>
        <province/>
        <country>US</country>
      </user>
      <date>1105393740</date>
      <body>      Exactly.  </body>
    </post> 
 <post id="MS_5090_884431">
      <user id="MS_1961883">
        <username>dylano</username>
        <sex>M</sex>
        <age>27</age>
        <city>Huntington Beach</city>
        <province>California</province>
        <country>US</country>
      </user>
      <date>1105894380</date>
      <body>lol no its not, its surrounded by an upper class area</body>
    </post>
</posts> 
