<?xml version="1.0" encoding="UTF-8"?> 
 <posts> 
 <post id="MS_5090_843779">
      <user id="MS_1602656">
        <username>Stacy</username>
        <sex>F</sex>
        <age>24</age>
        <city>CALIFORNIA</city>
        <province/>
        <country>US</country>
      </user>
      <date>1105393740</date>
      <body>      Exactly.  </body>
    </post> 
 <post id="MS_5090_884431">
      <user id="MS_1961883">
        <username>dylano</username>
        <sex>M</sex>
        <age>27</age>
        <city>Huntington Beach</city>
        <province>California</province>
        <country>US</country>
      </user>
      <date>1105894380</date>
      <body>lol no its not, its surrounded by an upper class area</body>
    </post> 
 <post id="MS_5090_899263">
      <user id="MS_4329169">
        <username>â&#153;¥Myah Dockeryâ&#153;¥ Is The Truth!</username>
        <sex>F</sex>
        <age>24</age>
        <city>City of Lost Angels...</city>
        <province>California</province>
        <country>US</country>
      </user>
      <date>1106032440</date>
      <body>Hmm that would be CSUDH....</body>
    </post> 
 <post id="MS_5090_903031">
      <user id="MS_1195658">
        <username>Sol-T</username>
        <sex>N</sex>
        <age/>
        <city>Writing in</city>
        <province>California</province>
        <country>US</country>
      </user>
      <date>1106060400</date>
      <body>just get fucking wasted at the nugget b4 class and after.... you should be fine.    if that fails, pack vodka in your backpack and drink it behind the LA-4 or LA-3 building...    or on the top of the parking structure. then throw it off of it.    word.    ELLE BEE SEEeeeee.....</body>
    </post> 
 <post id="MS_5090_1104861">
      <user id="MS_258727">
        <username>Ã&#135;Ã&#138;â&#128;¡Ã&#137;Ã&#151;Å¸Ã&#142;Â¿Ã&#137;â&#128;&#157;Ã&#142;Â¿Ã&#137;Â¥Ã&#137;â&#128;&#157; Ã&#151;Å¸Ã&#137;nxÃ&#135;s Ã£Æ&#146;â&#128;&#158;</username>
        <sex>M</sex>
        <age>69</age>
        <city>Jive-Ass</city>
        <province/>
        <country>TR</country>
      </user>
      <date>1107825060</date>
      <body>Having cocktails at the nugget &amp; the dorms are pretty fun. well they are until the boys roll up with you with their christmas lights and handcuff you for enjoying a forsty cold beverage outside the dorms. weenies. i don't believe i'm much of a fan of the campus police dept.</body>
    </post> 
 <post id="MS_5090_1109051">
      <user id="MS_7969826">
        <username>CaitÃ¢â&#132;¢Â«land</username>
        <sex>F</sex>
        <age>27</age>
        <city>in a glass case of emotion</city>
        <province>California</province>
        <country>US</country>
      </user>
      <date>1107866760</date>
      <body>In the year that I was allowed to go there, I partied more then I did in High school. Kinda hard to do, but somehow it was achieved. School wan't too bad either.</body>
    </post> 
 <post id="MS_5090_1198472">
      <user id="MS_184197">
        <username>Yoshika</username>
        <sex>F</sex>
        <age>27</age>
        <city>Tustin</city>
        <province>California</province>
        <country>US</country>
      </user>
      <date>1108661580</date>
      <body>I just transferred here from OCC in Fall 2004. I think the people and the professors are really great. But what do you guys mean by "put yourself out there"? I'm a commuter and I work so I find it hard to meet ppl. (I just go to class then leave cause I have to get to work). I just bought a condo so I can't exactly move to LB. Also, I find it really hard to meet ppl my age: everyone's either young or old. I want to make some friends so HELP! Send me a message if you can/want.    Thanks guys</body>
    </post> 
 <post id="MS_5090_1199306">
      <user id="MS_8928930">
        <username>Ã¢â&#132;¢Â¥ r a i s s a Ã¢â&#132;¢Â¥</username>
        <sex>F</sex>
        <age>21</age>
        <city>La Paz</city>
        <province>Baja California Sur</province>
        <country>MX</country>
      </user>
      <date>1108668240</date>
      <body>A friend of mine goes there and he really likes it. He was a screw up in High School and he went to com. college for a couple of years and now he is really achieving serious potential. I think that it might be good for some people and not for others...    raissa</body>
    </post> 
 <post id="MS_5090_1200237">
      <user id="MS_8778375">
        <username>charlesdrengberg.blogspot.com</username>
        <sex>M</sex>
        <age>26</age>
        <city>huntington beach</city>
        <province>CALIFORNIA</province>
        <country>US</country>
      </user>
      <date>1108674180</date>
      <body>i just moved here to long beach from the second largest campus in the country (the ohio state university) granted csulb is no big ten school it's easy as fuck to make friends here... any school you go to you will have people complaining that its like high school if you know tons of people that go to high school there.... 30% of my high school in ohio went to ohio state many of whom were my friends.... but when i left all my everyday friends were people i met in bars and at parties or on campus in classes or study groups... stop bitching about it being like high school.... maybe next time you walk to class instead of talking on your cell phone to your loser high school friends you should be signing up for organizations and social clubs... theyre there for a reason</body>
    </post> 
 <post id="MS_5090_1212024">
      <user id="MS_2616915">
        <username>Homo Slut</username>
        <sex>M</sex>
        <age>30</age>
        <city>Sacramento/ Los Angeles</city>
        <province>California</province>
        <country>US</country>
      </user>
      <date>1108796760</date>
      <body>Hey I am moving back to Socal this summer. I go to the University of Miami. Saw that you went to Ohio State. Cool. Well, get back to me when you can. Be safe in the rain. I miss Socal a lot !    Ramiro</body>
    </post>
</posts> 
