<?xml version="1.0" encoding="UTF-8"?> 
 <posts> 
 <post id="MS_10340_40308697">
      <user id="MS_110882268">
        <username>mrgone</username>
        <sex>M</sex>
        <age>52</age>
        <city>TUCKER</city>
        <province>Georgia</province>
        <country>US</country>
      </user>
      <date>1206367620</date>
      <body>  Good! I'm ready to see those dark clouds over Pennsylvania again too. And if Rockefeller gets one penny of it, I'm ready to throw his ass in the smelting pot!</body>
    </post> 
 <post id="MS_10340_40309088">
      <user id="MS_110882268">
        <username>mrgone</username>
        <sex>M</sex>
        <age>52</age>
        <city>TUCKER</city>
        <province>Georgia</province>
        <country>US</country>
      </user>
      <date>1206368040</date>
      <body>  Wrong thread man! You must be on those heavy pharmaceuticals dude.</body>
    </post> 
 <post id="MS_10340_40316256">
      <user id="MS_195642716">
        <username>Ã&#131;â&#128; on</username>
        <sex>F</sex>
        <age>26</age>
        <city>Î&#147;Î¦Î&#148;Î&#158;Î&#152;Î&#152;Î¾Ï&#130;</city>
        <province>Omniverse</province>
        <country>VA</country>
      </user>
      <date>1206375840</date>
      <body>I use this bike during the winter here  </body>
    </post> 
 <post id="MS_10340_40318496">
      <user id="MS_242104668">
        <username>Tensas</username>
        <sex>F</sex>
        <age>100</age>
        <city>cincinnati</city>
        <province>Ohio</province>
        <country>US</country>
      </user>
      <date>1206378180</date>
      <body>   LOL - this is hilarious!</body>
    </post> 
 <post id="MS_10340_40325257">
      <user id="MS_5076644">
        <username>Gomez</username>
        <sex>M</sex>
        <age>80</age>
        <city>San Diego</city>
        <province>California</province>
        <country>US</country>
      </user>
      <date>1206385800</date>
      <body>  Why? Do you think that everybody's gonna start smoking hemp???  Brilliant job with the reading comprehension there Mr. Sobriety.</body>
    </post> 
 <post id="MS_10340_40342835">
      <user id="MS_321984954">
        <username>Pallas Athene</username>
        <sex>F</sex>
        <age>49</age>
        <city>North Carolina</city>
        <province/>
        <country>US</country>
      </user>
      <date>1206420240</date>
      <body>   Don't forget my second post:  "INDUSTRIAL hemp has thousands of potential uses, from paper to textiles to biodegradable plastics to health food to FUEL but it has not been the great commercial success that the enthusiast hoped for in countries where it is legal to harvest." "Hemp is cultivated virtually everywhere in the world EXCEPT for the United States, and its cultivation in western countries is growing steadily."</body>
    </post> 
 <post id="MS_10340_40347951">
      <user id="MS_35008563">
        <username>Ashley *Loses a lot of e-fights*</username>
        <sex>F</sex>
        <age>23</age>
        <city>Mons</city>
        <province/>
        <country>BE</country>
      </user>
      <date>1206429960</date>
      <body>hemp is VERY good skin lotion</body>
    </post> 
 <post id="MS_10340_40350001">
      <user id="MS_241778562">
        <username>Terrance</username>
        <sex>M</sex>
        <age>29</age>
        <city>SLC</city>
        <province>Utah</province>
        <country>US</country>
      </user>
      <date>1206433380</date>
      <body>I ride a bike and use mass transit where possible. Saves gas, keeps me a bit more healthy, and I don't have nearly as much stress.</body>
    </post> 
 <post id="MS_10340_40352129">
      <user id="MS_176101564">
        <username>Ã&#138;Å¾unÃ&#137;Â¹p pÃ&#135;Ã&#138;â&#128;¡Ã&#137;uÃ&#134;Æ&#146;Ã&#132;Â±sÃ&#135;p</username>
        <sex>F</sex>
        <age>77</age>
        <city>The only place to be</city>
        <province>California</province>
        <country>US</country>
      </user>
      <date>1206436380</date>
      <body>Lets all just ride bicycles....  No thanks.Ã&#130;Â  I love what I drive, my car stereo, my bluetooth, my sunroof and the comfortable seats.Ã&#130;Â  If we were meant to ride bicycles, god or the powers that be, would have not invented cars.Ã&#130;Â Ã&#130;Â  I will continue to buy gas.</body>
    </post> 
 <post id="MS_10340_40360946">
      <user id="MS_242104668">
        <username>Tensas</username>
        <sex>F</sex>
        <age>100</age>
        <city>cincinnati</city>
        <province>Ohio</province>
        <country>US</country>
      </user>
      <date>1206446460</date>
      <body>  Yes it is!</body>
    </post>
</posts> 
