<?xml version="1.0" encoding="UTF-8"?> 
 <posts> 
 <post id="MS_10340_40266326">
      <user id="MS_154281196">
        <username>Marcus</username>
        <sex>M</sex>
        <age>40</age>
        <city>San Diego</city>
        <province>California</province>
        <country>US</country>
      </user>
      <date>1206297360</date>
      <body>Actually, I gotta big dog. I can just slap a couple of commercial liscense plates on him and ride him to work. Don't think I haven't been considering it either. And how the hell do you explain the fact that Diesel fuel is the most expensive out of them all??? It's the most unrefined fuel on the market. It's junk fuel and it used to be a little more expensive than dirt! Now it's like gold! WTF???</body>
    </post> 
 <post id="MS_10340_40267851">
      <user id="MS_86264943">
        <username>robo to the rescue</username>
        <sex>M</sex>
        <age>18</age>
        <city>Heath/Newark</city>
        <province>Ohio</province>
        <country>US</country>
      </user>
      <date>1206299100</date>
      <body>Bringing back mass transit would be ideal. Filling up the average Semi costs $600.00, why not put that money back on the rails? It would take a long time to update the country, decades most likely, but the end result could/would be fantastic.</body>
    </post> 
 <post id="MS_10340_40268855">
      <user id="MS_2653008">
        <username>Poingly</username>
        <sex>F</sex>
        <age>104</age>
        <city>BROOKLYN</city>
        <province>New York</province>
        <country>US</country>
      </user>
      <date>1206300180</date>
      <body>I take the subway to work, it's great!</body>
    </post> 
 <post id="MS_10340_40271481">
      <user id="MS_347006598">
        <username>Cold Steal II</username>
        <sex>F</sex>
        <age>104</age>
        <city>CHICO</city>
        <province>California</province>
        <country>US</country>
      </user>
      <date>1206303360</date>
      <body>Kind of hard to ride a bike to work in California most people have to drive 20 to 60 miles one way to work. If you live in downtown NY, Chicago, Seatle or San Fransisco its possible but not most of the country</body>
    </post> 
 <post id="MS_10340_40284046">
      <user id="MS_110882268">
        <username>mrgone</username>
        <sex>M</sex>
        <age>52</age>
        <city>TUCKER</city>
        <province>Georgia</province>
        <country>US</country>
      </user>
      <date>1206332460</date>
      <body>  That sounds right. In the orginal 13 colonies if you had a farm or plantation, it was illegal to not grow hemp. But this gov't we have today does everything just the opposite of the founding fathers who's principles &amp; ideals made this country great. Look what these clowns are doing to it. I say we oust the bumbs Via that other great document called the Declaration of Independence.</body>
    </post> 
 <post id="MS_10340_40288817">
      <user id="MS_35008563">
        <username>Ashley *Loses a lot of e-fights*</username>
        <sex>F</sex>
        <age>23</age>
        <city>Mons</city>
        <province/>
        <country>BE</country>
      </user>
      <date>1206343860</date>
      <body>I always laughed at that suggestion when i was living in Missouri. I am NOT riding my bicycle 45 miles to work down a rural windy highway. People forget places still exist where you must go at least 30 miles to find a job. There was no town, just a stop sign on the pavement.</body>
    </post> 
 <post id="MS_10340_40303025">
      <user id="MS_62921124">
        <username>Gil</username>
        <sex>M</sex>
        <age>37</age>
        <city>PARAMUS</city>
        <province>New Jersey</province>
        <country>US</country>
      </user>
      <date>1206361500</date>
      <body>Tom does not like bicycles because there is nood backseat. Tom needs a backseat so he blow his boyfriend.</body>
    </post> 
 <post id="MS_10340_40306365">
      <user id="MS_139786291">
        <username>RoL.</username>
        <sex>M</sex>
        <age>54</age>
        <city>Texas</city>
        <province/>
        <country>US</country>
      </user>
      <date>1206365220</date>
      <body>Here, where I live and the oil boom going on, 2/3 of the population making in excess of $80,000.00 a year, are driving new trucks with big V/8s. Many of them have put custom wheels and other high-dollar accessories on them as well.</body>
    </post> 
 <post id="MS_10340_40306538">
      <user id="MS_35008563">
        <username>Ashley *Loses a lot of e-fights*</username>
        <sex>F</sex>
        <age>23</age>
        <city>Mons</city>
        <province/>
        <country>BE</country>
      </user>
      <date>1206365400</date>
      <body> English damnit..ENGLISH</body>
    </post> 
 <post id="MS_10340_40308697">
      <user id="MS_110882268">
        <username>mrgone</username>
        <sex>M</sex>
        <age>52</age>
        <city>TUCKER</city>
        <province>Georgia</province>
        <country>US</country>
      </user>
      <date>1206367620</date>
      <body>  Good! I'm ready to see those dark clouds over Pennsylvania again too. And if Rockefeller gets one penny of it, I'm ready to throw his ass in the smelting pot!</body>
    </post>
</posts> 
