<?xml version="1.0" encoding="UTF-8"?> 
 <posts> 
 <post id="MS_10340_40288817">
      <user id="MS_35008563">
        <username>Ashley *Loses a lot of e-fights*</username>
        <sex>F</sex>
        <age>23</age>
        <city>Mons</city>
        <province/>
        <country>BE</country>
      </user>
      <date>1206343860</date>
      <body>I always laughed at that suggestion when i was living in Missouri. I am NOT riding my bicycle 45 miles to work down a rural windy highway. People forget places still exist where you must go at least 30 miles to find a job. There was no town, just a stop sign on the pavement.</body>
    </post> 
 <post id="MS_10340_40303025">
      <user id="MS_62921124">
        <username>Gil</username>
        <sex>M</sex>
        <age>37</age>
        <city>PARAMUS</city>
        <province>New Jersey</province>
        <country>US</country>
      </user>
      <date>1206361500</date>
      <body>Tom does not like bicycles because there is nood backseat. Tom needs a backseat so he blow his boyfriend.</body>
    </post> 
 <post id="MS_10340_40306365">
      <user id="MS_139786291">
        <username>RoL.</username>
        <sex>M</sex>
        <age>54</age>
        <city>Texas</city>
        <province/>
        <country>US</country>
      </user>
      <date>1206365220</date>
      <body>Here, where I live and the oil boom going on, 2/3 of the population making in excess of $80,000.00 a year, are driving new trucks with big V/8s. Many of them have put custom wheels and other high-dollar accessories on them as well.</body>
    </post> 
 <post id="MS_10340_40306538">
      <user id="MS_35008563">
        <username>Ashley *Loses a lot of e-fights*</username>
        <sex>F</sex>
        <age>23</age>
        <city>Mons</city>
        <province/>
        <country>BE</country>
      </user>
      <date>1206365400</date>
      <body> English damnit..ENGLISH</body>
    </post> 
 <post id="MS_10340_40308697">
      <user id="MS_110882268">
        <username>mrgone</username>
        <sex>M</sex>
        <age>52</age>
        <city>TUCKER</city>
        <province>Georgia</province>
        <country>US</country>
      </user>
      <date>1206367620</date>
      <body>  Good! I'm ready to see those dark clouds over Pennsylvania again too. And if Rockefeller gets one penny of it, I'm ready to throw his ass in the smelting pot!</body>
    </post> 
 <post id="MS_10340_40309088">
      <user id="MS_110882268">
        <username>mrgone</username>
        <sex>M</sex>
        <age>52</age>
        <city>TUCKER</city>
        <province>Georgia</province>
        <country>US</country>
      </user>
      <date>1206368040</date>
      <body>  Wrong thread man! You must be on those heavy pharmaceuticals dude.</body>
    </post> 
 <post id="MS_10340_40316256">
      <user id="MS_195642716">
        <username>Ã&#131;â&#128; on</username>
        <sex>F</sex>
        <age>26</age>
        <city>Î&#147;Î¦Î&#148;Î&#158;Î&#152;Î&#152;Î¾Ï&#130;</city>
        <province>Omniverse</province>
        <country>VA</country>
      </user>
      <date>1206375840</date>
      <body>I use this bike during the winter here  </body>
    </post> 
 <post id="MS_10340_40318496">
      <user id="MS_242104668">
        <username>Tensas</username>
        <sex>F</sex>
        <age>100</age>
        <city>cincinnati</city>
        <province>Ohio</province>
        <country>US</country>
      </user>
      <date>1206378180</date>
      <body>   LOL - this is hilarious!</body>
    </post> 
 <post id="MS_10340_40325257">
      <user id="MS_5076644">
        <username>Gomez</username>
        <sex>M</sex>
        <age>80</age>
        <city>San Diego</city>
        <province>California</province>
        <country>US</country>
      </user>
      <date>1206385800</date>
      <body>  Why? Do you think that everybody's gonna start smoking hemp???  Brilliant job with the reading comprehension there Mr. Sobriety.</body>
    </post> 
 <post id="MS_10340_40342835">
      <user id="MS_321984954">
        <username>Pallas Athene</username>
        <sex>F</sex>
        <age>49</age>
        <city>North Carolina</city>
        <province/>
        <country>US</country>
      </user>
      <date>1206420240</date>
      <body>   Don't forget my second post:  "INDUSTRIAL hemp has thousands of potential uses, from paper to textiles to biodegradable plastics to health food to FUEL but it has not been the great commercial success that the enthusiast hoped for in countries where it is legal to harvest." "Hemp is cultivated virtually everywhere in the world EXCEPT for the United States, and its cultivation in western countries is growing steadily."</body>
    </post>
</posts> 
