<?xml version="1.0" encoding="UTF-8"?> 
 <posts> 
 <post id="MS_11559_40756722">
      <user id="MS_177050435">
        <username>Dustbunny J.</username>
        <sex>M</sex>
        <age>20</age>
        <city>Jacksonville/Conway</city>
        <province>Arkansas</province>
        <country>US</country>
      </user>
      <date>1207048020</date>
      <body>   you for or against companies moving offshore? How about illegals working for a company? just curious</body>
    </post> 
 <post id="MS_11559_40756886">
      <user id="MS_240164375">
        <username>This Krazy Person is not here. Leave a Message. TY</username>
        <sex>M</sex>
        <age>22</age>
        <city>Ohio</city>
        <province/>
        <country>US</country>
      </user>
      <date>1207048200</date>
      <body>  I believe a company has a right to make money; however, go over seas for cheap labor is wrong. If it cost more to make your products blame the gov. for inflation, then take action to lower costs by being innovated. To me thats sounds at least fair. Illegal immigrants not wanted. No help is wanted. If you want a job, then apply for a work vista. Do not cheat yourself or life.</body>
    </post> 
 <post id="MS_11559_40757224">
      <user id="MS_14681233">
        <username>Seth</username>
        <sex>M</sex>
        <age>27</age>
        <city>Flushing</city>
        <province>New York</province>
        <country>US</country>
      </user>
      <date>1207048560</date>
      <body>The following are the Justices on the Supreme Court and which president nominated them:  Chief Justice John Roberts - George W. Bush (considered to be more on the conservative end) Associate Justice John Paul Stevens - Gerald Ford (considered to be one of the more liberal members on the court) Associate Justice Antonin Scalia - Ronald Reagan (considered to be the most conservative on the court) Associate Justice Anthony Kennedy - Ronald Reagan (most moderate on the bench) Associate Justice David Souter - George H.W. Bush (votes with the liberal wing) Associate Justice Clarence Thomas - George H.W. Bush (votes with the conservative wing) Associate Justice Ruth Bader Ginsburg - Bill Clinton (one of the more liberal voting justices) Associate Justice Stephen Breyer - Bill Clinton (votes with the liberal wing) Associate Justice Samuel Alito - George W. Bush (considered to be more conservative)  Essentially, this is still a split court. You have 4 conservatives (Roberts, Scalia, Thomas, and Alito) and 4 liberals (Stevens, Souter, Ginsburg and Breyer).  And then you have the swing vote in Kennedy.  Now please, explain to me how this Supreme Court is a "Republican controlled Supreme Court."</body>
    </post> 
 <post id="MS_11559_40757241">
      <user id="MS_240164375">
        <username>This Krazy Person is not here. Leave a Message. TY</username>
        <sex>M</sex>
        <age>22</age>
        <city>Ohio</city>
        <province/>
        <country>US</country>
      </user>
      <date>1207048560</date>
      <body>Ok batman, you make a good point. So before I leave the country, what can we do to keep free market, fix the economy, fix the dollar, and over all fix mother liberty. what is the solution.</body>
    </post> 
 <post id="MS_11559_40757369">
      <user id="MS_240164375">
        <username>This Krazy Person is not here. Leave a Message. TY</username>
        <sex>M</sex>
        <age>22</age>
        <city>Ohio</city>
        <province/>
        <country>US</country>
      </user>
      <date>1207048680</date>
      <body>  Back in 2000 it was a republican controlled supreme court, which of course changes from time to time. but still the point has been made. why does a suprem power possibly influened by one party or the other party make and decide who is to be in charge of our country. why not a re-vote or a boxing match. or something.</body>
    </post> 
 <post id="MS_11559_40757640">
      <user id="MS_177050435">
        <username>Dustbunny J.</username>
        <sex>M</sex>
        <age>20</age>
        <city>Jacksonville/Conway</city>
        <province>Arkansas</province>
        <country>US</country>
      </user>
      <date>1207048980</date>
      <body>  K. Now here is my stance on it all. I think if 1 is legal the other has to be. Simply because they are the same thing in concept: cheap labor for an advantage in a market, less input for the same output. I'm not necessarily for both, but i do think that if Companies can go offshore, then companies who can't afford to (Despite the industry) should be able to higher cheap labor.  The problem with socialism is that government controlling wages will lead to lack of effort because of the lack of benefits. Right now, people work hard and continue to work hard to work their way up that ladder, with socialism, you don't get the same kind of purpose, or drive, from the workers. What we have now, isn't a real capitalism because no matter what, the gov't still watches for monopolies and still regulates a base point in wages (minimum wages).  I would prefer a capitalistic market over a socialistic market any day of the week because it benefits the hard working man who strives to climb the ladder.</body>
    </post> 
 <post id="MS_11559_40757698">
      <user id="MS_240164375">
        <username>This Krazy Person is not here. Leave a Message. TY</username>
        <sex>M</sex>
        <age>22</age>
        <city>Ohio</city>
        <province/>
        <country>US</country>
      </user>
      <date>1207049040</date>
      <body>  hell if i knew then I would do something. i do not know. i do not know what to do in life. i just want to be free. not haveing to be enslaved or watch our mother liberyt by raped dried by those child-raping politicians who are destroying our beloved nation. what can we do?</body>
    </post> 
 <post id="MS_11559_40757760">
      <user id="MS_240164375">
        <username>This Krazy Person is not here. Leave a Message. TY</username>
        <sex>M</sex>
        <age>22</age>
        <city>Ohio</city>
        <province/>
        <country>US</country>
      </user>
      <date>1207049100</date>
      <body>  How do you know my name? THat is not listed. I do not even have it anywhere on thiis computer or my email address. holy shit you are from the government.</body>
    </post> 
 <post id="MS_11559_40757792">
      <user id="MS_14681233">
        <username>Seth</username>
        <sex>M</sex>
        <age>27</age>
        <city>Flushing</city>
        <province>New York</province>
        <country>US</country>
      </user>
      <date>1207049160</date>
      <body>  The Supreme Court is completely independent, and was designed that way. The only time that any partisanship has an influence is when the confirmations are taking place.  So tell me, how exactly can any President, party, or politician have ANY influence over a member in the Supreme Court? What can they do? The Justice is nominated for LIFE. What could any party or politician possibly offer to a sitting Supreme Court Justice, when that Justice has a guaranteed job no matter who's in power, and no matter what their decision is?  Think about the 2000 election for a second. What did the Justices who voted to stop the recount (let's remember that the case wasn't about the Supreme Court voting for one candidate or another....if you really think that, please reread the decision) have to gain from doing so? What motive could Justice Scalia and then Chief Justice Rehnquist possibly have in ensuring that one party or another, or one president or another, came to power? Do you know what would have happened to all the sitting "conservative" Justices if Gore had won instead? NOTHING. So how did the party have any influence over their decision?</body>
    </post> 
 <post id="MS_11559_40758010">
      <user id="MS_240164375">
        <username>This Krazy Person is not here. Leave a Message. TY</username>
        <sex>M</sex>
        <age>22</age>
        <city>Ohio</city>
        <province/>
        <country>US</country>
      </user>
      <date>1207049340</date>
      <body>To Seth: I looked up the 2000 supreme court judges and most of them were placed on the bench by republican presidents meaning that they swung towards bush. now the bench has some new people. but all in all one still must be weary of such a system. a system that can almost if given the power to do so or by themselves with the protection of the military decide who can live or die in this country by simple declarations. it is complicated. not one government or political system is perfect. i understand that.</body>
    </post>
</posts> 
