<?xml version="1.0" encoding="UTF-8"?> 
 <posts> 
 <post id="MS_9509_42728657">
      <user id="MS_373547656">
        <username>.8*Bit*Erectionz.</username>
        <sex>M</sex>
        <age>28</age>
        <city>MIAMI</city>
        <province>Florida</province>
        <country>US</country>
      </user>
      <date>1210264740</date>
      <body>Do you suffer from a persecution/victim complex?  Nobody is "setting Obama up." He has been a media darling for well over a year; since the 2004 Democratic convention, as a matter of fact. It takes a mighty thick tinfoil hat to believe the media is suddenly going to pull the rug out from under him in an effort to give Hillary the nomination.  They might drop the guillotine once the General Election campaign starts, but I honestly doubt they're writing Hillary's obituary as some sort of reverse-psychology to resurrect her campaign with "underdog" votes.  Fact is, Hillary is set to win West Virginia by double-figures and has maintained a 20% + lead in opinion polls there for months, well before any of the post-North Carolina "Hillary is toast" chatter.  She is also heavily favored to win Kentucky and Puerto Rico by double digits, but if she doesn't keep Oregon close the media will continue to declare Hillary dead in the water.</body>
    </post> 
 <post id="MS_9509_42728784">
      <user id="MS_141646627">
        <username>Danielâ&#132;¢</username>
        <sex>M</sex>
        <age>16</age>
        <city>Somewhere Lost in the infinite Realms of my mind</city>
        <province>Kentucky</province>
        <country>UZ</country>
      </user>
      <date>1210264920</date>
      <body>  Oh, hah, hilarity in its finest. [sarcasm/]  The only time I debate with an Obamabot is if they're totally insane and radicalist, Dunkle, or they're totally wrong, every Obamabot, usually.</body>
    </post> 
 <post id="MS_9509_42728834">
      <user id="MS_184884589">
        <username>Seal Hunter</username>
        <sex>F</sex>
        <age>47</age>
        <city>CA</city>
        <province/>
        <country/>
      </user>
      <date>1210264980</date>
      <body>   Hey Bob, what the hell is the Bush/Cheney avatar all about. You DO know that Bush and Cheney are the biggest mass murderers of the 21st century right? Hmmm...I think you should be banned just for having that avatar...but that's just me, and pretty much the rest of the world.</body>
    </post> 
 <post id="MS_9509_42729035">
      <user id="MS_373547656">
        <username>.8*Bit*Erectionz.</username>
        <sex>M</sex>
        <age>28</age>
        <city>MIAMI</city>
        <province>Florida</province>
        <country>US</country>
      </user>
      <date>1210265280</date>
      <body>  And that is related to the topic of the thread how?</body>
    </post> 
 <post id="MS_9509_42729665">
      <user id="MS_914644">
        <username>Abe</username>
        <sex>M</sex>
        <age>101</age>
        <city>BayCity/D-town</city>
        <province>Michigan</province>
        <country>US</country>
      </user>
      <date>1210266120</date>
      <body>  LOL..typical paranoid Obamaniacs.</body>
    </post> 
 <post id="MS_9509_42730586">
      <user id="MS_142113551">
        <username>D-CALiber Bullets</username>
        <sex>M</sex>
        <age>100</age>
        <city>NYC</city>
        <province>NY</province>
        <country>US</country>
      </user>
      <date>1210267260</date>
      <body>lol as a black man in america i embrace my paranoya...keeps me safe</body>
    </post> 
 <post id="MS_9509_42730749">
      <user id="MS_914644">
        <username>Abe</username>
        <sex>M</sex>
        <age>101</age>
        <city>BayCity/D-town</city>
        <province>Michigan</province>
        <country>US</country>
      </user>
      <date>1210267440</date>
      <body>  A good question to Obama supporters and especially the black voters. Would you support Hillary Clinton if she was chosen to be the nominee by the superdelegates?</body>
    </post> 
 <post id="MS_9509_42730823">
      <user id="MS_142113551">
        <username>D-CALiber Bullets</username>
        <sex>M</sex>
        <age>100</age>
        <city>NYC</city>
        <province>NY</province>
        <country>US</country>
      </user>
      <date>1210267560</date>
      <body>   i would vote for any democrat, i dont know anyone who hasnt been severely affected in a negative way by the bush agenda.....but i dont like killary at all and dont think she's trust worthy, but the lesser of the two evils</body>
    </post> 
 <post id="MS_9509_42730862">
      <user id="MS_371150995">
        <username>Plunder rich countryside.</username>
        <sex>M</sex>
        <age>18</age>
        <city>BB</city>
        <province/>
        <country/>
      </user>
      <date>1210267620</date>
      <body>It's pretty obvious they are going to try and play up her possible win West Virginia as the "unexpected game changer", now she just has to hope she has the momentum to do so.</body>
    </post> 
 <post id="MS_9509_42731346">
      <user id="MS_190865857">
        <username>Clara__Listensprechen</username>
        <sex>F</sex>
        <age>55</age>
        <city>ENID</city>
        <province>Oklahoma</province>
        <country>US</country>
      </user>
      <date>1210268100</date>
      <body>  You haven't been around politics long, son.Â  I'm a Ron Paul supporter and I say that's within the realm of possibility--all's fair in love, war, and politics, and that kind of thing's been done before.Â  Read history and learn something.</body>
    </post>
</posts> 
