<?xml version="1.0" encoding="UTF-8"?> 
 <posts> 
 <post id="MS_9509_42728408">
      <user id="MS_142113551">
        <username>D-CALiber Bullets</username>
        <sex>M</sex>
        <age>100</age>
        <city>NYC</city>
        <province>NY</province>
        <country>US</country>
      </user>
      <date>1210264320</date>
      <body>Since Obamas win the other night, the press has basically called him the winner...now I am an Obama supporter..however I do know that the press, cable news (fox news lol)..has done whatever they could to antagonize his aspirations.  so with that being said  does anyone think that Obama is being setup, calling him the winner, making Hillary the underdog  with the upcomming primaries, the hillary turnout could possibly be tremendous enough to put the spotlight back on her and give her momentum again. Afterall, they are still shy a few superdelegates to clinch the nomination. Giving her enough momentum into the following primaries to plead her case.   Does anyone else besides me think that is in the realm of possibility?</body>
    </post> 
 <post id="MS_9509_42728511">
      <user id="MS_141646627">
        <username>Danielâ&#132;¢</username>
        <sex>M</sex>
        <age>16</age>
        <city>Somewhere Lost in the infinite Realms of my mind</city>
        <province>Kentucky</province>
        <country>UZ</country>
      </user>
      <date>1210264500</date>
      <body>[Waits for Obamabots to flood in/]</body>
    </post> 
 <post id="MS_9509_42728645">
      <user id="MS_359317933">
        <username>Joshua</username>
        <sex>M</sex>
        <age>24</age>
        <city>NASHVILLE</city>
        <province>Tennessee</province>
        <country>US</country>
      </user>
      <date>1210264740</date>
      <body> *waits for the obsessive obama haters to flood in and fight with the obamabots*  Well one side is in already.</body>
    </post> 
 <post id="MS_9509_42728657">
      <user id="MS_373547656">
        <username>.8*Bit*Erectionz.</username>
        <sex>M</sex>
        <age>28</age>
        <city>MIAMI</city>
        <province>Florida</province>
        <country>US</country>
      </user>
      <date>1210264740</date>
      <body>Do you suffer from a persecution/victim complex?  Nobody is "setting Obama up." He has been a media darling for well over a year; since the 2004 Democratic convention, as a matter of fact. It takes a mighty thick tinfoil hat to believe the media is suddenly going to pull the rug out from under him in an effort to give Hillary the nomination.  They might drop the guillotine once the General Election campaign starts, but I honestly doubt they're writing Hillary's obituary as some sort of reverse-psychology to resurrect her campaign with "underdog" votes.  Fact is, Hillary is set to win West Virginia by double-figures and has maintained a 20% + lead in opinion polls there for months, well before any of the post-North Carolina "Hillary is toast" chatter.  She is also heavily favored to win Kentucky and Puerto Rico by double digits, but if she doesn't keep Oregon close the media will continue to declare Hillary dead in the water.</body>
    </post> 
 <post id="MS_9509_42728784">
      <user id="MS_141646627">
        <username>Danielâ&#132;¢</username>
        <sex>M</sex>
        <age>16</age>
        <city>Somewhere Lost in the infinite Realms of my mind</city>
        <province>Kentucky</province>
        <country>UZ</country>
      </user>
      <date>1210264920</date>
      <body>  Oh, hah, hilarity in its finest. [sarcasm/]  The only time I debate with an Obamabot is if they're totally insane and radicalist, Dunkle, or they're totally wrong, every Obamabot, usually.</body>
    </post> 
 <post id="MS_9509_42728834">
      <user id="MS_184884589">
        <username>Seal Hunter</username>
        <sex>F</sex>
        <age>47</age>
        <city>CA</city>
        <province/>
        <country/>
      </user>
      <date>1210264980</date>
      <body>   Hey Bob, what the hell is the Bush/Cheney avatar all about. You DO know that Bush and Cheney are the biggest mass murderers of the 21st century right? Hmmm...I think you should be banned just for having that avatar...but that's just me, and pretty much the rest of the world.</body>
    </post> 
 <post id="MS_9509_42729035">
      <user id="MS_373547656">
        <username>.8*Bit*Erectionz.</username>
        <sex>M</sex>
        <age>28</age>
        <city>MIAMI</city>
        <province>Florida</province>
        <country>US</country>
      </user>
      <date>1210265280</date>
      <body>  And that is related to the topic of the thread how?</body>
    </post> 
 <post id="MS_9509_42729665">
      <user id="MS_914644">
        <username>Abe</username>
        <sex>M</sex>
        <age>101</age>
        <city>BayCity/D-town</city>
        <province>Michigan</province>
        <country>US</country>
      </user>
      <date>1210266120</date>
      <body>  LOL..typical paranoid Obamaniacs.</body>
    </post> 
 <post id="MS_9509_42730586">
      <user id="MS_142113551">
        <username>D-CALiber Bullets</username>
        <sex>M</sex>
        <age>100</age>
        <city>NYC</city>
        <province>NY</province>
        <country>US</country>
      </user>
      <date>1210267260</date>
      <body>lol as a black man in america i embrace my paranoya...keeps me safe</body>
    </post> 
 <post id="MS_9509_42730749">
      <user id="MS_914644">
        <username>Abe</username>
        <sex>M</sex>
        <age>101</age>
        <city>BayCity/D-town</city>
        <province>Michigan</province>
        <country>US</country>
      </user>
      <date>1210267440</date>
      <body>  A good question to Obama supporters and especially the black voters. Would you support Hillary Clinton if she was chosen to be the nominee by the superdelegates?</body>
    </post>
</posts> 
