<?xml version="1.0" encoding="UTF-8"?> 
 <posts> 
 <post id="MS_8845_44214865">
      <user id="MS_136643930">
        <username>Josh</username>
        <sex>M</sex>
        <age>19</age>
        <city>Miami</city>
        <province>Florida</province>
        <country>US</country>
      </user>
      <date>1212726960</date>
      <body>  clintion maybe but Bush talk to Iran please. They didnt talk to saddam when they invaded all they did was send to UN to make it like the US didnt want to go to war.</body>
    </post> 
 <post id="MS_8845_44222372">
      <user id="MS_378678777">
        <username>2000man</username>
        <sex>M</sex>
        <age>52</age>
        <city>Tucker</city>
        <province>Georgia</province>
        <country>US</country>
      </user>
      <date>1212738600</date>
      <body>The guy sounds like a schizophrenic paranoid psychopath.</body>
    </post> 
 <post id="MS_8845_44222820">
      <user id="MS_384976204">
        <username>Zak</username>
        <sex>F</sex>
        <age>104</age>
        <city>SANTA CRUZ</city>
        <province>California</province>
        <country>US</country>
      </user>
      <date>1212739140</date>
      <body>  Bush didn't talk to them. They're the Axis of Evil, remember? And we don't negotiate with terrorists, remember? And you can't possibly think that those quotes would win Obama votes. You can't really do much in this country without the white vote and it's not like, especially when taken out of context, those quotes really help him in any way.</body>
    </post> 
 <post id="MS_8845_44224391">
      <user id="MS_242104668">
        <username>Tensas</username>
        <sex>F</sex>
        <age>100</age>
        <city>cincinnati</city>
        <province>Ohio</province>
        <country>US</country>
      </user>
      <date>1212741240</date>
      <body>LOL - I'm well informed on what Bush has relayed to Iran's government and proud of him for it! I'm also well informed on Iran's responses. FYI - I wasn't only talking about IRAN.  Bush Tells Iran to Disclose Nuclear Activities - w... OMAHA, Dec. 5 -- President Bush called on Iran to "come clean" about the scope of its nuclear activities Wednesday, as the Wh...  www.washingtonpost.com/wp-dyn/content/article/2007...Â  [Found on Google, Ask.com, Yahoo! Search] Bush Tells Iran to Disclose Nuclear Activities Bush Tells Iran to Disclose Nuclear Activities ... OMAHA, Dec. 5 -- President Bush called on Iran to "come clean" about the s...  www.washingtonpost.com/wp-dyn/content/article/2007...Â  [Found on Ask.com, Yahoo! Search] Bush tells Iran to come clean over nukes - ABC New... Bush tells Iran to come clean over nukes ... But Mr Bush says Iran must cease uranium enrichment.  www.abc.net.au/news/stories/2007/12/06/2110930.htmÂ  [Found on Ask.com, Yahoo! Search] Bush Tells Iran To 'Come Clean' on Nuclear Work - ... Bush Tells Iran To 'Come Clean' on Nuclear Work - December 5, 2007 - The New York Sun...  www.nysun.com/national/bush-tells-iran-to-come-cle...Â  [Found on Ask.com, Yahoo! Search] Bush tells Iran, Syria how they can join Iraq talk... Bush tells Iran, Syria how they can join Iraq talks ... The Bush administration suspects Iran of using its nuclear program to...  cnn.com/cnn/2006/POLITICS/12/07/bush.blair/index.h...Â  [Found on Ask.com]  Bush tells Iran, Syria how they can join Iraq talk... After talks with his top Iraq war ally President Bush on Thursday indicated that Iran and Syria might be included in regional...  www.cnn.com/2006/POLITICS/12/07/bush.blair/index.h...Â  [Found on Google]  On Israel 60th Birthday Bush Tells Iran, Syria, No... May 17, 2008 ... On Israel 60th Birthday Bush Tells Iran, Syria, No Appeasement On Terrorism. Photo: Joel Leyden / Israel New...  www.israelnewsagency.com/georgebushterrorismappeas...Â  [Found on Google] A NATION CHALLENGED: DIPLOMACY; Bush Tells Iran No... President Bush warned Iran today that it must not try to undermine the new interim government of Afghanistan, or it will face...  query.nytimes.com/gst/fullpage.html?res=9D0DE7DA1E...Â  [Found on Google] Bush: Iran May Be Behind Crisis ... Bush, would be to disrupt the international consensus against Iran's ... House Correspondent Richard Wolffe, Bush tells N...  www.prisonplanet.com/articles/july2006/180706Iran....Â  [Found on Yahoo! Search] Bush told in August that Iran nuke program 'may be... President Bush was told in August that Iran's nuclear weapons program "may be suspended," the White House said Wednesday, whi...  www.cnn.com/2007/POLITICS/12/05/bush.iran/index.ht...Â  [Found on Yahoo! Search] Bush keeps up pressure on Iran - USATODAY.com ... Iran halted its nuclear weapons program four years ago, President Bush called ... intelligence, tells Bush that there is ...  www.usatoday.com/news/washington/2007-12-04-bush-t...Â  [Found on Yahoo! Search] Bush tells Iran 'give hostages back' - Telegraph President Bush has spoken out over the capture of 15 British sailors by Iran condemning the act as 'inexcusable' and demandin...  www.telegraph.co.uk/news/worldnews/1547312/Bush-te...Â  [Found on Google] IOL | 'All options open', Bush tells Iran US President George Bush today warned that Ã¢??all options are on the tableÃ¢?Â&#157; if Iran refuses to comply with international de...  breakingnews.iol.ie/news/story.asp?j=152461406&amp;p=y...Â  [Found on Ask.com] Bush: Nuke-less Iran remains dangerous - CNN.com Iran remains a danger to the world even though it stopped a program to ... President Bush tells reporters Tuesday that Iran s...  edition.cnn.com/2007/POLITICS/12/04/iran.nuclear/i...Â  [Found on Yahoo! Search]</body>
    </post> 
 <post id="MS_8845_44231191">
      <user id="MS_122989559">
        <username>Grimlock</username>
        <sex>M</sex>
        <age>23</age>
        <city>Fortress of Solitude</city>
        <province/>
        <country>AQ</country>
      </user>
      <date>1212749100</date>
      <body>We don't need anyone to talk to Iran or convince them not to go nuclear. Iran is not a threat to the United States and certainly never will be, and if you believe that they are you are paranoid and out of touch with reality.</body>
    </post> 
 <post id="MS_8845_44239143">
      <user id="MS_133843882">
        <username>Seti</username>
        <sex>M</sex>
        <age>36</age>
        <city>Kodiak</city>
        <province>Alaska</province>
        <country>US</country>
      </user>
      <date>1212757860</date>
      <body> LOL they are helping KILL our people in Iraq</body>
    </post> 
 <post id="MS_8845_44240711">
      <user id="MS_116808320">
        <username>Ray</username>
        <sex>M</sex>
        <age>46</age>
        <city>BEL AIR</city>
        <province>Maryland</province>
        <country>US</country>
      </user>
      <date>1212759780</date>
      <body>   ...Yeah,...so what?</body>
    </post> 
 <post id="MS_8845_44241439">
      <user id="MS_195642716">
        <username>Ã&#134;on</username>
        <sex>F</sex>
        <age>26</age>
        <city>Î&#147;Î¦Î&#148;Î&#158;Î&#152;Î&#152;Î¾Ï&#130;</city>
        <province>Omniverse</province>
        <country>VA</country>
      </user>
      <date>1212760680</date>
      <body>* Despite O'Bama's pathetic book (Soon to be turned into an epic movie staring Wesley Snipes {on condition that he wins his appeal} andÂ  Angelina Jolie) if it's between him and McLame, I'll have to go for the big O.  * The European Union is just as, if not more, concerned about nukes in Iran. Let them take the lead here.  * Overlooked in all of this is just who the hell is supplying Iran with the technology? The point being, why is the US barking at the dog instead of going after it's master....Russia?  * Even IF Iran develops nukes (Big IF) they don't have much of a delivery system and certainly nothing in the range that would put the US in "Harms Way." Again, a European problem.  * Speaking of "Harms Way", the State of Israel would be Iran's intended target.Â  Bush, as well as his predecessors have all been lap-dogs to the Jewish lobby and it's interests. I don't see any of the Presidential candidates changing that unfortunate trend either. Alls more the pity.</body>
    </post> 
 <post id="MS_8845_44266207">
      <user id="MS_378678777">
        <username>2000man</username>
        <sex>M</sex>
        <age>52</age>
        <city>Tucker</city>
        <province>Georgia</province>
        <country>US</country>
      </user>
      <date>1212795600</date>
      <body>  Well that's funny. Last I heard Snipes got two years in the pen for tax evasion. I guess this is his plea bargain.....playing some kook in a movie.  Like my man a couple of posts up said....Uran is no threat. They have no nukes. It's all hype &amp; fear mongering.</body>
    </post> 
 <post id="MS_8845_44277423">
      <user id="MS_122989559">
        <username>Grimlock</username>
        <sex>M</sex>
        <age>23</age>
        <city>Fortress of Solitude</city>
        <province/>
        <country>AQ</country>
      </user>
      <date>1212826500</date>
      <body>  As I was saying earlier, Iran is not a threat to the United States, and certainly never will be.  Oh. LOL.</body>
    </post>
</posts> 
