<?xml version="1.0" encoding="UTF-8"?> 
 <posts> 
 <post id="MS_11444_44485700">
      <user id="MS_385055811">
        <username>Leon Trotsky Bronstein Oct 26th 1879-Aug 21st 1940</username>
        <sex>M</sex>
        <age>99</age>
        <city>Kherson</city>
        <province/>
        <country>UA</country>
      </user>
      <date>1213153920</date>
      <body>better for the enviornment too.</body>
    </post> 
 <post id="MS_11444_44485910">
      <user id="MS_130303483">
        <username>Andy</username>
        <sex>M</sex>
        <age>35</age>
        <city>UK</city>
        <province/>
        <country/>
      </user>
      <date>1213154340</date>
      <body>I would say that 99% of people don't give two shits about the environment. If petrol was cheap, I would have an American muscle car.  As it is, I use my Suzuki marauder to cruise about.  And that is so in America, you love your big old dumb cars.</body>
    </post> 
 <post id="MS_11444_44486256">
      <user id="MS_113206624">
        <username>L'Esquimau ennuy'e</username>
        <sex>M</sex>
        <age>17</age>
        <city>AU</city>
        <province/>
        <country/>
      </user>
      <date>1213155300</date>
      <body>Thing is, the entire time the 'socialist' Europeans have been taxing oil, they have been using that money to build one of the greatest public transport networks imaginable. So for your average joe it ain't going to be that hard to get around, but for the haulage industry it has been hard, as their petrol 'allowance' probably hasn't gone up.  This is has really got me excited, with rising fuel prices, world food shortage and the domestic economy, it seems like the shits hitting the fan hard. I am going to enjoy the next five years.</body>
    </post> 
 <post id="MS_11444_44486567">
      <user id="MS_130303483">
        <username>Andy</username>
        <sex>M</sex>
        <age>35</age>
        <city>UK</city>
        <province/>
        <country/>
      </user>
      <date>1213156020</date>
      <body>the public bus system is shit where I live. We have two buses a day come through where I live, and they expect me to give up my car.  The buses are normally empty, the only reason that they have about 5 people on them is because they give free bus passes to old people (like my mum).  Public transport in Britain is shite.</body>
    </post> 
 <post id="MS_11444_44490240">
      <user id="MS_385055811">
        <username>Leon Trotsky Bronstein Oct 26th 1879-Aug 21st 1940</username>
        <sex>M</sex>
        <age>99</age>
        <city>Kherson</city>
        <province/>
        <country>UA</country>
      </user>
      <date>1213163400</date>
      <body>japanese bikes are the best quality &amp; price. i think only ignorant or selfish people dont care about the enviornment, people who dont care about future generations or just dont know or want to know in denial, willingly blind not accepting reality to feel better about their life.</body>
    </post> 
 <post id="MS_11444_44490275">
      <user id="MS_385055811">
        <username>Leon Trotsky Bronstein Oct 26th 1879-Aug 21st 1940</username>
        <sex>M</sex>
        <age>99</age>
        <city>Kherson</city>
        <province/>
        <country>UA</country>
      </user>
      <date>1213163460</date>
      <body>public transporation is better in europe, its harder to get a car there then in america.</body>
    </post> 
 <post id="MS_11444_44492588">
      <user id="MS_307029732">
        <username>Aifo ani</username>
        <sex>M</sex>
        <age>69</age>
        <city>BRISTOW</city>
        <province>Virginia</province>
        <country>US</country>
      </user>
      <date>1213166760</date>
      <body> How about the increasing demand form India and China?  Oh, no, that can't possibly be it?  How about OPEC restricting production?  Nope, that can't be it either?  What about the Greenies in America killing any legislalation that allows drilling in the United States anywhere that there is oil?  Nope!Â  That can't be it either.  The only acceptable leftist reason is America killing Jihadists in Iraq and Afghanistan.  (Once upon a time, the Leftists said they supported the war in Afghanistan agaisnt al Qaeda, but not in Iraq.Â  I knew it wasn't true.Â  And you are just one of many who show that I am right.)</body>
    </post> 
 <post id="MS_11444_44493035">
      <user id="MS_307029732">
        <username>Aifo ani</username>
        <sex>M</sex>
        <age>69</age>
        <city>BRISTOW</city>
        <province>Virginia</province>
        <country>US</country>
      </user>
      <date>1213167360</date>
      <body> Onward to the past.Â  back in 1961 when I toured Europe, Vespas were common in Italy and byciles in Amersterdam.  I drive a Subaru STi with a factory option intake and exhaust, putting out about 330 HP from 2.5 litres.Â  It costs me about $21 to drive 100 miles.Â  That would be about Â£10.50.Â  Since refined gas costs the same here or there, the difference is taxes.  Isn't socialism wonderful?  Â  </body>
    </post> 
 <post id="MS_11444_44493067">
      <user id="MS_307029732">
        <username>Aifo ani</username>
        <sex>M</sex>
        <age>69</age>
        <city>BRISTOW</city>
        <province>Virginia</province>
        <country>US</country>
      </user>
      <date>1213167420</date>
      <body>  Hwow do you know if a moped is better or worse for the environment?</body>
    </post> 
 <post id="MS_11444_44496146">
      <user id="MS_385055811">
        <username>Leon Trotsky Bronstein Oct 26th 1879-Aug 21st 1940</username>
        <sex>M</sex>
        <age>99</age>
        <city>Kherson</city>
        <province/>
        <country>UA</country>
      </user>
      <date>1213171500</date>
      <body>the government should depend on the people, the people should not depend on the government.</body>
    </post>
</posts> 
