<?xml version="1.0" encoding="UTF-8"?> 
 <posts> 
 <post id="MS_29444_45624219">
      <user id="MS_235821724">
        <username>christopher</username>
        <sex>M</sex>
        <age>26</age>
        <city>US</city>
        <province/>
        <country/>
      </user>
      <date>1215004980</date>
      <body>From what I can tell, yes. It doesn't look bad, but from the trailer it looks like they were lieing when they said that it wasn't going to be a movie that involved the big "governmant conspiracy" that the show more or less was built around in the last half of the series. It may still be a plain monster movie, which I read it was going to be, but a couple of those shots in the trailer reminded me of the first movie a lot.</body>
    </post> 
 <post id="MS_29444_45624305">
      <user id="MS_74943305">
        <username>Retrocadia</username>
        <sex>M</sex>
        <age>33</age>
        <city>Arlington</city>
        <province>Texas</province>
        <country>US</country>
      </user>
      <date>1215005100</date>
      <body>     This one is funnier about how men have to have their prostate checked.</body>
    </post> 
 <post id="MS_29444_45624569">
      <user id="MS_74943305">
        <username>Retrocadia</username>
        <sex>M</sex>
        <age>33</age>
        <city>Arlington</city>
        <province>Texas</province>
        <country>US</country>
      </user>
      <date>1215005400</date>
      <body>  They said it would not be built around the alien conspiracy.</body>
    </post> 
 <post id="MS_29444_45624636">
      <user id="MS_74943305">
        <username>Retrocadia</username>
        <sex>M</sex>
        <age>33</age>
        <city>Arlington</city>
        <province>Texas</province>
        <country>US</country>
      </user>
      <date>1215005520</date>
      <body>  How can you yawn about something that's been out of the lime light for 10 years give or take and not around except for on TV at 1 AM?</body>
    </post> 
 <post id="MS_29444_45624668">
      <user id="MS_74943305">
        <username>Retrocadia</username>
        <sex>M</sex>
        <age>33</age>
        <city>Arlington</city>
        <province>Texas</province>
        <country>US</country>
      </user>
      <date>1215005580</date>
      <body>   They've made 5 Batman movies, and one was a complete stinker. But you're still liking them and giving them a chance right?</body>
    </post> 
 <post id="MS_29444_45624829">
      <user id="MS_97326494">
        <username>Duncan Destruction</username>
        <sex>M</sex>
        <age>25</age>
        <city>Dundee</city>
        <province>Scotland</province>
        <country>UK</country>
      </user>
      <date>1215005760</date>
      <body>  No I'm pretty much fed up of comic book movies now. The X-Files lost me as soon as the whole government conspiracy stuff started happening. Up until then it was brilliant. Also it worked brilliantly as a tv series, with the interaction between Mulder and Scully. However it doesn't work as an action packed thriller.</body>
    </post> 
 <post id="MS_29444_45624832">
      <user id="MS_118204420">
        <username>Dain bramaged</username>
        <sex>M</sex>
        <age>29</age>
        <city>The last place you look</city>
        <province>Florida</province>
        <country>US</country>
      </user>
      <date>1215005760</date>
      <body> I agree, I watched the show way back but a new movie just doesn't interest me.</body>
    </post> 
 <post id="MS_29444_45625050">
      <user id="MS_74943305">
        <username>Retrocadia</username>
        <sex>M</sex>
        <age>33</age>
        <city>Arlington</city>
        <province>Texas</province>
        <country>US</country>
      </user>
      <date>1215006060</date>
      <body>I liked it all the way until the end. I just hated how the series ended. It was about as enlightening as The Matrix 3 as far as answering questions. I even liked Robert Patrick in there. I felt like he gave us a break from the mystical deep sci fi stuff. Too much of the Sci Fi Conspiracy got to thick. When they put Robert Patrick in there as the real down to earth dude thinking, "HAT THE HECK IS GOING ON HERE, YOU PEOPLE ARE NUTS" I thought that was kind of cool. Plus I just like Robert Patrick.</body>
    </post> 
 <post id="MS_29444_45625196">
      <user id="MS_386468900">
        <username>Tacoma Grandpa</username>
        <sex>M</sex>
        <age>49</age>
        <city>TACOMA</city>
        <province>Washington</province>
        <country>US</country>
      </user>
      <date>1215006240</date>
      <body>I have to agree with you guys about not really caring.The TV series was good for awhile but it got boring and the first movie was a stinker.They'll have to do something spectacular or I'll wait til it comes on cable for free.</body>
    </post> 
 <post id="MS_29444_45625585">
      <user id="MS_235821724">
        <username>christopher</username>
        <sex>M</sex>
        <age>26</age>
        <city>US</city>
        <province/>
        <country/>
      </user>
      <date>1215006720</date>
      <body>I meant to say the mythology, but that was my point. It looks as if Connaelly is bleeding that black tar crap from his eyes at one point, and there is a shot at the end that looked as if someone was in a cocoon of gunk or whatever they called it when Scully was put in one at the end of the first movie. I hope this all has something to do with some monster or other wordly event that has nothing to do with the "alien conspiracy", because those were the best episodes, IMO. But the images that I mentioned seemed to close to the first movie for comfort.</body>
    </post>
</posts> 
