<?xml version="1.0" encoding="UTF-8"?> 
 <posts> 
 <post id="MS_29444_45625196">
      <user id="MS_386468900">
        <username>Tacoma Grandpa</username>
        <sex>M</sex>
        <age>49</age>
        <city>TACOMA</city>
        <province>Washington</province>
        <country>US</country>
      </user>
      <date>1215006240</date>
      <body>I have to agree with you guys about not really caring.The TV series was good for awhile but it got boring and the first movie was a stinker.They'll have to do something spectacular or I'll wait til it comes on cable for free.</body>
    </post> 
 <post id="MS_29444_45625585">
      <user id="MS_235821724">
        <username>christopher</username>
        <sex>M</sex>
        <age>26</age>
        <city>US</city>
        <province/>
        <country/>
      </user>
      <date>1215006720</date>
      <body>I meant to say the mythology, but that was my point. It looks as if Connaelly is bleeding that black tar crap from his eyes at one point, and there is a shot at the end that looked as if someone was in a cocoon of gunk or whatever they called it when Scully was put in one at the end of the first movie. I hope this all has something to do with some monster or other wordly event that has nothing to do with the "alien conspiracy", because those were the best episodes, IMO. But the images that I mentioned seemed to close to the first movie for comfort.</body>
    </post> 
 <post id="MS_29444_45625812">
      <user id="MS_74943305">
        <username>Retrocadia</username>
        <sex>M</sex>
        <age>33</age>
        <city>Arlington</city>
        <province>Texas</province>
        <country>US</country>
      </user>
      <date>1215006960</date>
      <body>I don't know. I liked it all. Alien and Monster. I thought the black stuff was dealing with the Alien conspiracy. I didn't feel they answered that enough and left the viewers still asking questions at the end. It would be cool if they made another movie not for theaters, but for TV. One that would answer all the questions.  This same thing is going to happen with LOST, I know it. People are going to still have questions after the show. Then later they'll revamp it into a movie. And people will react to it in the same way they're reacting to X-Files :)  MARK MY WORDS!!!!  *SHAKING FIST IN THE AIR*</body>
    </post> 
 <post id="MS_29444_45661527">
      <user id="MS_235821724">
        <username>christopher</username>
        <sex>M</sex>
        <age>26</age>
        <city>US</city>
        <province/>
        <country/>
      </user>
      <date>1215068640</date>
      <body>A lot of the alien stories were great. It's just when they started showing the smoking man in these meetings a bunch old millionaires that supposedlt controlled the government that it started to annoy me. It got to the point that whenevr that guy showed up, I tuned out. But they made some damn creepy monster episodes that are still great. That is what I am hoping for with this movie.</body>
    </post> 
 <post id="MS_29444_46060916">
      <user id="MS_40718408">
        <username>Jeremy</username>
        <sex>M</sex>
        <age>19</age>
        <city>Prescott</city>
        <province>Wisconsin</province>
        <country>US</country>
      </user>
      <date>1215714540</date>
      <body>Im looking forward to seeing the new movie even though i would rather see the movie deal with the shows mythology.</body>
    </post> 
 <post id="MS_29444_46067891">
      <user id="MS_388979262">
        <username>Franz Patrick</username>
        <sex>M</sex>
        <age>20</age>
        <city>California</city>
        <province/>
        <country>US</country>
      </user>
      <date>1215725220</date>
      <body>I'm *kind of* excited... I remember liking The X-Files up until Mulder stopped appearing on the show... I don't remember the first movie, though. o_O</body>
    </post> 
 <post id="MS_29444_46078676">
      <user id="MS_73024193">
        <username>Robert</username>
        <sex>M</sex>
        <age>29</age>
        <city>LATONIA</city>
        <province>Kentucky</province>
        <country>US</country>
      </user>
      <date>1215754860</date>
      <body> Why isn't Doggett in the new movie? How in the hell can you make a new movie with out the people that were in the end of the tv series?</body>
    </post> 
 <post id="MS_29444_46164735">
      <user id="MS_40718408">
        <username>Jeremy</username>
        <sex>M</sex>
        <age>19</age>
        <city>Prescott</city>
        <province>Wisconsin</province>
        <country>US</country>
      </user>
      <date>1215910500</date>
      <body>I was kind of disapointed when i found out that robert patrick isnt in the new one, he was an important character in the last two seasons, i hope he at least gets some sort of cameo in the movie.</body>
    </post> 
 <post id="MS_29444_46165689">
      <user id="MS_173643330">
        <username>Margo</username>
        <sex>F</sex>
        <age>40</age>
        <city>Georgia</city>
        <province/>
        <country>US</country>
      </user>
      <date>1215914100</date>
      <body>I'm excited about it! I think they'll do a good enough job to Totally make it worth actually going to a theater. $5 popcorn and everything! Truthfully I'll just sneak in a beer. :)</body>
    </post> 
 <post id="MS_29444_46168013">
      <user id="MS_73024193">
        <username>Robert</username>
        <sex>M</sex>
        <age>29</age>
        <city>LATONIA</city>
        <province>Kentucky</province>
        <country>US</country>
      </user>
      <date>1215922920</date>
      <body> well to bad you don't have a Showcase De Lux, we Allow Drinking in our theater, because we actually serve food &amp; Drinks, even Shots:)</body>
    </post>
</posts> 
