<?xml version="1.0" encoding="UTF-8"?> 
 <posts> 
 <post id="MS_26701_50551128">
      <user id="MS_97326494">
        <username>Duncan Destruction</username>
        <sex>M</sex>
        <age>25</age>
        <city>Dundee</city>
        <province>Scotland</province>
        <country>UK</country>
      </user>
      <date>1223021820</date>
      <body>  What movies has he been in? That's pretty much your answer. Paul Walker is an insignificant piece of bark.</body>
    </post> 
 <post id="MS_26701_50551507">
      <user id="MS_118204420">
        <username>Dain bramaged</username>
        <sex>M</sex>
        <age>29</age>
        <city>The last place you look</city>
        <province>Florida</province>
        <country>US</country>
      </user>
      <date>1223022300</date>
      <body> I suggest porn. The acting and story are on par with anything those two have made, but with porn at least you end up with some satisfaction.</body>
    </post> 
 <post id="MS_26701_50552074">
      <user id="MS_141172136">
        <username>annie</username>
        <sex>F</sex>
        <age>37</age>
        <city>ROCKAWAY</city>
        <province>New York</province>
        <country>US</country>
      </user>
      <date>1223022960</date>
      <body> Let's see: Matt has been in: How to Lose a Guy in 10 Days...cute rom-com A Time to Kill...pretty good Grisham adaptation, maybe the best one...solid movie is just to see Sam Jackson's performance Frailty...pretty good movie We Are Marshall...very under-rated well, that's about all I've liked him in, which is much more than a Paul Walker list</body>
    </post> 
 <post id="MS_26701_50552211">
      <user id="MS_97326494">
        <username>Duncan Destruction</username>
        <sex>M</sex>
        <age>25</age>
        <city>Dundee</city>
        <province>Scotland</province>
        <country>UK</country>
      </user>
      <date>1223023140</date>
      <body>  I haven't seen We Are Marshall but the rest were shit.</body>
    </post> 
 <post id="MS_26701_50552551">
      <user id="MS_141172136">
        <username>annie</username>
        <sex>F</sex>
        <age>37</age>
        <city>ROCKAWAY</city>
        <province>New York</province>
        <country>US</country>
      </user>
      <date>1223023560</date>
      <body> Do you like anything?</body>
    </post> 
 <post id="MS_26701_50552641">
      <user id="MS_97326494">
        <username>Duncan Destruction</username>
        <sex>M</sex>
        <age>25</age>
        <city>Dundee</city>
        <province>Scotland</province>
        <country>UK</country>
      </user>
      <date>1223023680</date>
      <body>  FOOD!</body>
    </post> 
 <post id="MS_26701_50552706">
      <user id="MS_141172136">
        <username>annie</username>
        <sex>F</sex>
        <age>37</age>
        <city>ROCKAWAY</city>
        <province>New York</province>
        <country>US</country>
      </user>
      <date>1223023740</date>
      <body> haha...I see that...a freaking food album...weirdo</body>
    </post> 
 <post id="MS_26701_50557706">
      <user id="MS_412996272">
        <username>Zayed</username>
        <sex>M</sex>
        <age>22</age>
        <city>BAYSIDE</city>
        <province>New York</province>
        <country>US</country>
      </user>
      <date>1223029620</date>
      <body>Walker showed some potential in Eight Below, and that horrible tv movie with Penelope Cruz. I feel like he's got a few decent roles in him, which we'll see once he has more experience, like in 30 years or so.  Oh and of course he was brilliant in Timeline. Great movie.</body>
    </post> 
 <post id="MS_26701_50558830">
      <user id="MS_141172136">
        <username>annie</username>
        <sex>F</sex>
        <age>37</age>
        <city>ROCKAWAY</city>
        <province>New York</province>
        <country>US</country>
      </user>
      <date>1223030820</date>
      <body> haha....30 years from now....</body>
    </post> 
 <post id="MS_26701_50559109">
      <user id="MS_2807886">
        <username>beenchillensince86!</username>
        <sex>M</sex>
        <age>22</age>
        <city>From The East To The West Coast</city>
        <province/>
        <country>BS</country>
      </user>
      <date>1223031120</date>
      <body>   Agree. those movies have shitting acting.</body>
    </post>
</posts> 
