<?xml version="1.0" encoding="UTF-8"?> 
 <posts> 
 <post id="MS_26701_50547886">
      <user id="MS_118204420">
        <username>Dain bramaged</username>
        <sex>M</sex>
        <age>29</age>
        <city>The last place you look</city>
        <province>Florida</province>
        <country>US</country>
      </user>
      <date>1223017020</date>
      <body> agreed</body>
    </post> 
 <post id="MS_26701_50549364">
      <user id="MS_284857110">
        <username>dep</username>
        <sex>M</sex>
        <age>99</age>
        <city>Where the Horny Girls Aren't.</city>
        <province>Florida</province>
        <country>US</country>
      </user>
      <date>1223019300</date>
      <body>He was pretty good in that treasure hunting movie with Jessica Alba...      Don't all actors work for the green?  Make that paper while you can...</body>
    </post> 
 <post id="MS_26701_50549511">
      <user id="MS_141172136">
        <username>annie</username>
        <sex>F</sex>
        <age>37</age>
        <city>ROCKAWAY</city>
        <province>New York</province>
        <country>US</country>
      </user>
      <date>1223019540</date>
      <body> Yes, actors work for the green, but usually the are somewhat good...This guy is justs horrible...Even his good looks can't compensate for his lack of talent...I want to know who he knows... I can't even believe you tried to defend him with a Walker/Alba collaboration...she is the famale equivalent of Paul Walker...</body>
    </post> 
 <post id="MS_26701_50549701">
      <user id="MS_117412665">
        <username>The Ninja formerly known as James</username>
        <sex>M</sex>
        <age>32</age>
        <city>BELLEVUE</city>
        <province>NEBRASKA</province>
        <country>US</country>
      </user>
      <date>1223019840</date>
      <body>  Except for that fact that Alba looks better in a bikini. :)</body>
    </post> 
 <post id="MS_26701_50549723">
      <user id="MS_284857110">
        <username>dep</username>
        <sex>M</sex>
        <age>99</age>
        <city>Where the Horny Girls Aren't.</city>
        <province>Florida</province>
        <country>US</country>
      </user>
      <date>1223019900</date>
      <body>   There is a fine line between actors and models.  For some the line is finer than for others.  I for one, watched the movie SIMPLY to see attractive actors on a beautiful beach location.  In the DVD featurettes, the actors stated as a simple fact that they were selected for their looks.  It was completely an unapologetic eye-candy fest.  And it delievered.  Every movie doesn't have to be Saving Private Ryan.  Some movies just need actors that are good-looking and charismatic...</body>
    </post> 
 <post id="MS_26701_50549792">
      <user id="MS_97326494">
        <username>Duncan Destruction</username>
        <sex>M</sex>
        <age>25</age>
        <city>Dundee</city>
        <province>Scotland</province>
        <country>UK</country>
      </user>
      <date>1223020020</date>
      <body>Good looking and charismatic? Matthew Mahogany's screwed then.</body>
    </post> 
 <post id="MS_26701_50549899">
      <user id="MS_141172136">
        <username>annie</username>
        <sex>F</sex>
        <age>37</age>
        <city>ROCKAWAY</city>
        <province>New York</province>
        <country>US</country>
      </user>
      <date>1223020200</date>
      <body> but that's just it...they have zero charisma...I like eye candy silly movies just as much as the next person, but this guy...he's just the pits</body>
    </post> 
 <post id="MS_26701_50550082">
      <user id="MS_97326494">
        <username>Duncan Destruction</username>
        <sex>M</sex>
        <age>25</age>
        <city>Dundee</city>
        <province>Scotland</province>
        <country>UK</country>
      </user>
      <date>1223020440</date>
      <body>"just the pits"  Was that an intentional pun?</body>
    </post> 
 <post id="MS_26701_50550171">
      <user id="MS_141172136">
        <username>annie</username>
        <sex>F</sex>
        <age>37</age>
        <city>ROCKAWAY</city>
        <province>New York</province>
        <country>US</country>
      </user>
      <date>1223020560</date>
      <body> no...I say that alot... McConnaughey has charisma....Paul does not...though neither has much acting range...I'm giving Matt the slight edge</body>
    </post> 
 <post id="MS_26701_50550225">
      <user id="MS_97326494">
        <username>Duncan Destruction</username>
        <sex>M</sex>
        <age>25</age>
        <city>Dundee</city>
        <province>Scotland</province>
        <country>UK</country>
      </user>
      <date>1223020680</date>
      <body>  Do we have the same definition of charisma?</body>
    </post>
</posts> 
