<?xml version="1.0" encoding="UTF-8"?> 
 <posts> 
 <post id="MS_26701_50552211">
      <user id="MS_97326494">
        <username>Duncan Destruction</username>
        <sex>M</sex>
        <age>25</age>
        <city>Dundee</city>
        <province>Scotland</province>
        <country>UK</country>
      </user>
      <date>1223023140</date>
      <body>  I haven't seen We Are Marshall but the rest were shit.</body>
    </post> 
 <post id="MS_26701_50552551">
      <user id="MS_141172136">
        <username>annie</username>
        <sex>F</sex>
        <age>37</age>
        <city>ROCKAWAY</city>
        <province>New York</province>
        <country>US</country>
      </user>
      <date>1223023560</date>
      <body> Do you like anything?</body>
    </post> 
 <post id="MS_26701_50552641">
      <user id="MS_97326494">
        <username>Duncan Destruction</username>
        <sex>M</sex>
        <age>25</age>
        <city>Dundee</city>
        <province>Scotland</province>
        <country>UK</country>
      </user>
      <date>1223023680</date>
      <body>  FOOD!</body>
    </post> 
 <post id="MS_26701_50552706">
      <user id="MS_141172136">
        <username>annie</username>
        <sex>F</sex>
        <age>37</age>
        <city>ROCKAWAY</city>
        <province>New York</province>
        <country>US</country>
      </user>
      <date>1223023740</date>
      <body> haha...I see that...a freaking food album...weirdo</body>
    </post> 
 <post id="MS_26701_50557706">
      <user id="MS_412996272">
        <username>Zayed</username>
        <sex>M</sex>
        <age>22</age>
        <city>BAYSIDE</city>
        <province>New York</province>
        <country>US</country>
      </user>
      <date>1223029620</date>
      <body>Walker showed some potential in Eight Below, and that horrible tv movie with Penelope Cruz. I feel like he's got a few decent roles in him, which we'll see once he has more experience, like in 30 years or so.  Oh and of course he was brilliant in Timeline. Great movie.</body>
    </post> 
 <post id="MS_26701_50558830">
      <user id="MS_141172136">
        <username>annie</username>
        <sex>F</sex>
        <age>37</age>
        <city>ROCKAWAY</city>
        <province>New York</province>
        <country>US</country>
      </user>
      <date>1223030820</date>
      <body> haha....30 years from now....</body>
    </post> 
 <post id="MS_26701_50559109">
      <user id="MS_2807886">
        <username>beenchillensince86!</username>
        <sex>M</sex>
        <age>22</age>
        <city>From The East To The West Coast</city>
        <province/>
        <country>BS</country>
      </user>
      <date>1223031120</date>
      <body>   Agree. those movies have shitting acting.</body>
    </post> 
 <post id="MS_26701_50559151">
      <user id="MS_2807886">
        <username>beenchillensince86!</username>
        <sex>M</sex>
        <age>22</age>
        <city>From The East To The West Coast</city>
        <province/>
        <country>BS</country>
      </user>
      <date>1223031180</date>
      <body>  fixed. i cant type today</body>
    </post> 
 <post id="MS_26701_50560921">
      <user id="MS_73024193">
        <username>Robert</username>
        <sex>M</sex>
        <age>29</age>
        <city>LATONIA</city>
        <province>Kentucky</province>
        <country>US</country>
      </user>
      <date>1223033160</date>
      <body> his best film was Running Scared</body>
    </post> 
 <post id="MS_26701_50562079">
      <user id="MS_401189943">
        <username>Jay aka Stitch, director of Lost 4 Words :)</username>
        <sex>M</sex>
        <age>21</age>
        <city>POCATELLO</city>
        <province>Idaho</province>
        <country>US</country>
      </user>
      <date>1223034600</date>
      <body>  Its actually Fast And The Furious 3 btw because it serves as a prequel to Tokyo Drift :)  I agree the world needs Paul Walker no more, his only enjoyable movie is 'Running Scared'</body>
    </post>
</posts> 
