<?xml version="1.0" encoding="UTF-8"?> 
 <posts> 
 <post id="MS_26701_50550171">
      <user id="MS_141172136">
        <username>annie</username>
        <sex>F</sex>
        <age>37</age>
        <city>ROCKAWAY</city>
        <province>New York</province>
        <country>US</country>
      </user>
      <date>1223020560</date>
      <body> no...I say that alot... McConnaughey has charisma....Paul does not...though neither has much acting range...I'm giving Matt the slight edge</body>
    </post> 
 <post id="MS_26701_50550225">
      <user id="MS_97326494">
        <username>Duncan Destruction</username>
        <sex>M</sex>
        <age>25</age>
        <city>Dundee</city>
        <province>Scotland</province>
        <country>UK</country>
      </user>
      <date>1223020680</date>
      <body>  Do we have the same definition of charisma?</body>
    </post> 
 <post id="MS_26701_50550319">
      <user id="MS_141172136">
        <username>annie</username>
        <sex>F</sex>
        <age>37</age>
        <city>ROCKAWAY</city>
        <province>New York</province>
        <country>US</country>
      </user>
      <date>1223020800</date>
      <body> most likely no, if you had to ask...Why the hate for Matt...Okay, I think it's that damned drawl he's got...He says, "Darlin" and my toes curl...</body>
    </post> 
 <post id="MS_26701_50550385">
      <user id="MS_97326494">
        <username>Duncan Destruction</username>
        <sex>M</sex>
        <age>25</age>
        <city>Dundee</city>
        <province>Scotland</province>
        <country>UK</country>
      </user>
      <date>1223020860</date>
      <body>  Because he's a lump of wood. Also his hair is really shit and he always looks so smug.</body>
    </post> 
 <post id="MS_26701_50550526">
      <user id="MS_141172136">
        <username>annie</username>
        <sex>F</sex>
        <age>37</age>
        <city>ROCKAWAY</city>
        <province>New York</province>
        <country>US</country>
      </user>
      <date>1223021100</date>
      <body> He is not a lump of wood...Walker is a lump of wood!...I think McConnaughey appeals to men and women...he's a likeabe character...what films have you not like dhim in? His hair is fake...he was balding a few years back, now it has seemed to magically re-appeared...</body>
    </post> 
 <post id="MS_26701_50551128">
      <user id="MS_97326494">
        <username>Duncan Destruction</username>
        <sex>M</sex>
        <age>25</age>
        <city>Dundee</city>
        <province>Scotland</province>
        <country>UK</country>
      </user>
      <date>1223021820</date>
      <body>  What movies has he been in? That's pretty much your answer. Paul Walker is an insignificant piece of bark.</body>
    </post> 
 <post id="MS_26701_50551507">
      <user id="MS_118204420">
        <username>Dain bramaged</username>
        <sex>M</sex>
        <age>29</age>
        <city>The last place you look</city>
        <province>Florida</province>
        <country>US</country>
      </user>
      <date>1223022300</date>
      <body> I suggest porn. The acting and story are on par with anything those two have made, but with porn at least you end up with some satisfaction.</body>
    </post> 
 <post id="MS_26701_50552074">
      <user id="MS_141172136">
        <username>annie</username>
        <sex>F</sex>
        <age>37</age>
        <city>ROCKAWAY</city>
        <province>New York</province>
        <country>US</country>
      </user>
      <date>1223022960</date>
      <body> Let's see: Matt has been in: How to Lose a Guy in 10 Days...cute rom-com A Time to Kill...pretty good Grisham adaptation, maybe the best one...solid movie is just to see Sam Jackson's performance Frailty...pretty good movie We Are Marshall...very under-rated well, that's about all I've liked him in, which is much more than a Paul Walker list</body>
    </post> 
 <post id="MS_26701_50552211">
      <user id="MS_97326494">
        <username>Duncan Destruction</username>
        <sex>M</sex>
        <age>25</age>
        <city>Dundee</city>
        <province>Scotland</province>
        <country>UK</country>
      </user>
      <date>1223023140</date>
      <body>  I haven't seen We Are Marshall but the rest were shit.</body>
    </post> 
 <post id="MS_26701_50552551">
      <user id="MS_141172136">
        <username>annie</username>
        <sex>F</sex>
        <age>37</age>
        <city>ROCKAWAY</city>
        <province>New York</province>
        <country>US</country>
      </user>
      <date>1223023560</date>
      <body> Do you like anything?</body>
    </post>
</posts> 
