<?xml version="1.0" encoding="UTF-8"?> 
 <posts> 
 <post id="MS_1485_52037013">
      <user id="MS_154866530">
        <username>â&#152;&#133;-Joanna-â&#152;&#133;</username>
        <sex>F</sex>
        <age>17</age>
        <city>Isle Of Wight</city>
        <province>South</province>
        <country>UK</country>
      </user>
      <date>1225618200</date>
      <body>Did you find your girlfriend attractive?</body>
    </post> 
 <post id="MS_1485_52037739">
      <user id="MS_77009122">
        <username>Susie</username>
        <sex>F</sex>
        <age>17</age>
        <city>STHLM</city>
        <province>Stockholms lÃ¤n</province>
        <country>SE</country>
      </user>
      <date>1225619220</date>
      <body>Hahaha. That's funny.</body>
    </post> 
 <post id="MS_1485_52038208">
      <user id="MS_5169161">
        <username>Ghost</username>
        <sex>M</sex>
        <age>23</age>
        <city>Tulsa</city>
        <province>OKLAHOMA</province>
        <country>US</country>
      </user>
      <date>1225619880</date>
      <body>  Yuup, he's gay.</body>
    </post> 
 <post id="MS_1485_52038673">
      <user id="MS_77009122">
        <username>Susie</username>
        <sex>F</sex>
        <age>17</age>
        <city>STHLM</city>
        <province>Stockholms lÃ&#131;Â¤n</province>
        <country>SE</country>
      </user>
      <date>1225620540</date>
      <body>And manly girls?</body>
    </post> 
 <post id="MS_1485_52038732">
      <user id="MS_5169161">
        <username>Ghost</username>
        <sex>M</sex>
        <age>23</age>
        <city>Tulsa</city>
        <province>OKLAHOMA</province>
        <country>US</country>
      </user>
      <date>1225620660</date>
      <body>lol.. do you find Susie attractive? cuz I do</body>
    </post> 
 <post id="MS_1485_52039990">
      <user id="MS_77009122">
        <username>Susie</username>
        <sex>F</sex>
        <age>17</age>
        <city>STHLM</city>
        <province>Stockholms lÃ&#131;Â¤n</province>
        <country>SE</country>
      </user>
      <date>1225622520</date>
      <body>If you saw me in real life you would run the other way!</body>
    </post> 
 <post id="MS_1485_52040199">
      <user id="MS_412996272">
        <username>Zayed</username>
        <sex>M</sex>
        <age>22</age>
        <city>BAYSIDE</city>
        <province>New York</province>
        <country>US</country>
      </user>
      <date>1225622820</date>
      <body>wat's so different about u in "real life"? i doubt your photography skills are so advanced that they could make that much of a difference.</body>
    </post> 
 <post id="MS_1485_52040253">
      <user id="MS_77009122">
        <username>Susie</username>
        <sex>F</sex>
        <age>17</age>
        <city>STHLM</city>
        <province>Stockholms lÃ&#131;Â¤n</province>
        <country>SE</country>
      </user>
      <date>1225622880</date>
      <body>First I took my picture with my webcamera so there is a big different. And second I only show my "good side" the left side, on the camera :)</body>
    </post> 
 <post id="MS_1485_52041041">
      <user id="MS_423684204">
        <username>Mac Caine</username>
        <sex>M</sex>
        <age>72</age>
        <city>MalmÃ&#131;Â¶</city>
        <province>SkÃ&#131;Â¥ne lÃ&#131;Â¤n</province>
        <country>SE</country>
      </user>
      <date>1225623960</date>
      <body>This song &gt;&gt;&gt; This Gay ass thread          </body>
    </post> 
 <post id="MS_1485_52042421">
      <user id="MS_77009122">
        <username>Susie</username>
        <sex>F</sex>
        <age>17</age>
        <city>STHLM</city>
        <province>Stockholms lÃ&#131;Â¤n</province>
        <country>SE</country>
      </user>
      <date>1225626000</date>
      <body>This video.. Mhm.             </body>
    </post>
</posts> 
