<?xml version="1.0" encoding="UTF-8"?> 
 <posts> 
 <post id="MS_1485_52043549">
      <user id="MS_423684204">
        <username>Mac Caine</username>
        <sex>M</sex>
        <age>72</age>
        <city>MalmÃ&#131;Â¶</city>
        <province>SkÃ&#131;Â¥ne lÃ&#131;Â¤n</province>
        <country>SE</country>
      </user>
      <date>1225627680</date>
      <body>lol all my teacher sucked at english,  trying to correct me and shit, only to found out the televison taught me well</body>
    </post> 
 <post id="MS_1485_52043628">
      <user id="MS_77009122">
        <username>Susie</username>
        <sex>F</sex>
        <age>17</age>
        <city>STHLM</city>
        <province>Stockholms lÃ&#131;Â¤n</province>
        <country>SE</country>
      </user>
      <date>1225627800</date>
      <body>My teacher I have now is pretty good but it's only cuz he is from England. But he is kind of boring but gave me an.. ehh A+ or whatever it is counted as, the highest grade anyway :)</body>
    </post> 
 <post id="MS_1485_52043807">
      <user id="MS_423684204">
        <username>Mac Caine</username>
        <sex>M</sex>
        <age>72</age>
        <city>MalmÃ&#131;Â¶</city>
        <province>SkÃ&#131;Â¥ne lÃ&#131;Â¤n</province>
        <country>SE</country>
      </user>
      <date>1225628100</date>
      <body>british teachers are hilarious</body>
    </post> 
 <post id="MS_1485_52043941">
      <user id="MS_77009122">
        <username>Susie</username>
        <sex>F</sex>
        <age>17</age>
        <city>STHLM</city>
        <province>Stockholms lÃ&#131;Â¤n</province>
        <country>SE</country>
      </user>
      <date>1225628280</date>
      <body>Hahah, you think?</body>
    </post> 
 <post id="MS_1485_52044176">
      <user id="MS_423684204">
        <username>Mac Caine</username>
        <sex>M</sex>
        <age>72</age>
        <city>MalmÃ&#131;Â¶</city>
        <province>SkÃ&#131;Â¥ne lÃ&#131;Â¤n</province>
        <country>SE</country>
      </user>
      <date>1225628640</date>
      <body>but don't get to acquainted with brits, that accent will stick on you. My cousins are from london and whenever I come back from visiting them I talk like a fuckin idiot</body>
    </post> 
 <post id="MS_1485_52066231">
      <user id="MS_77009122">
        <username>Susie</username>
        <sex>F</sex>
        <age>17</age>
        <city>STHLM</city>
        <province>Stockholms lÃ&#131;Â¤n</province>
        <country>SE</country>
      </user>
      <date>1225664460</date>
      <body>Hahaha! I can go to another part of the country and come back sounding so different and people don't understand me. :D</body>
    </post> 
 <post id="MS_1485_52070523">
      <user id="MS_390687404">
        <username>GAMEBOY</username>
        <sex>M</sex>
        <age>15</age>
        <city>MADISON</city>
        <province>Tennessee</province>
        <country>US</country>
      </user>
      <date>1225681200</date>
      <body>     </body>
    </post> 
 <post id="MS_1485_52077913">
      <user id="MS_423684204">
        <username>Mac Caine</username>
        <sex>M</sex>
        <age>72</age>
        <city>MalmÃ&#131;Â¶</city>
        <province>SkÃ&#131;Â¥ne lÃ&#131;Â¤n</province>
        <country>SE</country>
      </user>
      <date>1225698360</date>
      <body> lol the stockholm accent gets stuck to you pretty quick. When I went there last month nobody could understand me lol</body>
    </post> 
 <post id="MS_1485_52084684">
      <user id="MS_77009122">
        <username>Susie</username>
        <sex>F</sex>
        <age>17</age>
        <city>STHLM</city>
        <province>Stockholms lÃ&#131;Â¤n</province>
        <country>SE</country>
      </user>
      <date>1225707240</date>
      <body>It's funny that we type in English when we both are from Sweden (y)</body>
    </post> 
 <post id="MS_1485_52091700">
      <user id="MS_423684204">
        <username>Mac Caine</username>
        <sex>M</sex>
        <age>72</age>
        <city>MalmÃ&#131;Â¶</city>
        <province>SkÃ&#131;Â¥ne lÃ&#131;Â¤n</province>
        <country>SE</country>
      </user>
      <date>1225715820</date>
      <body>lol yea, I guess im just used to type in english</body>
    </post>
</posts> 
