<?xml version="1.0" encoding="UTF-8"?> 
 <posts> 
 <post id="MS_1485_52040199">
      <user id="MS_412996272">
        <username>Zayed</username>
        <sex>M</sex>
        <age>22</age>
        <city>BAYSIDE</city>
        <province>New York</province>
        <country>US</country>
      </user>
      <date>1225622820</date>
      <body>wat's so different about u in "real life"? i doubt your photography skills are so advanced that they could make that much of a difference.</body>
    </post> 
 <post id="MS_1485_52040253">
      <user id="MS_77009122">
        <username>Susie</username>
        <sex>F</sex>
        <age>17</age>
        <city>STHLM</city>
        <province>Stockholms lÃ&#131;Â¤n</province>
        <country>SE</country>
      </user>
      <date>1225622880</date>
      <body>First I took my picture with my webcamera so there is a big different. And second I only show my "good side" the left side, on the camera :)</body>
    </post> 
 <post id="MS_1485_52041041">
      <user id="MS_423684204">
        <username>Mac Caine</username>
        <sex>M</sex>
        <age>72</age>
        <city>MalmÃ&#131;Â¶</city>
        <province>SkÃ&#131;Â¥ne lÃ&#131;Â¤n</province>
        <country>SE</country>
      </user>
      <date>1225623960</date>
      <body>This song &gt;&gt;&gt; This Gay ass thread          </body>
    </post> 
 <post id="MS_1485_52042421">
      <user id="MS_77009122">
        <username>Susie</username>
        <sex>F</sex>
        <age>17</age>
        <city>STHLM</city>
        <province>Stockholms lÃ&#131;Â¤n</province>
        <country>SE</country>
      </user>
      <date>1225626000</date>
      <body>This video.. Mhm.             </body>
    </post> 
 <post id="MS_1485_52042701">
      <user id="MS_423684204">
        <username>Mac Caine</username>
        <sex>M</sex>
        <age>72</age>
        <city>MalmÃ&#131;Â¶</city>
        <province>SkÃ&#131;Â¥ne lÃ&#131;Â¤n</province>
        <country>SE</country>
      </user>
      <date>1225626480</date>
      <body>lol Pippi is the shit.  I got mad old VHS tapes of Emil and those other lames</body>
    </post> 
 <post id="MS_1485_52042877">
      <user id="MS_77009122">
        <username>Susie</username>
        <sex>F</sex>
        <age>17</age>
        <city>STHLM</city>
        <province>Stockholms lÃ&#131;Â¤n</province>
        <country>SE</country>
      </user>
      <date>1225626720</date>
      <body>I used to have lots of VHS.. until my dad throw it all away :(</body>
    </post> 
 <post id="MS_1485_52043005">
      <user id="MS_423684204">
        <username>Mac Caine</username>
        <sex>M</sex>
        <age>72</age>
        <city>MalmÃ&#131;Â¶</city>
        <province>SkÃ&#131;Â¥ne lÃ&#131;Â¤n</province>
        <country>SE</country>
      </user>
      <date>1225626900</date>
      <body>I gave some them to my neice so that she could learn swedish faster lol</body>
    </post> 
 <post id="MS_1485_52043030">
      <user id="MS_77009122">
        <username>Susie</username>
        <sex>F</sex>
        <age>17</age>
        <city>STHLM</city>
        <province>Stockholms lÃ&#131;Â¤n</province>
        <country>SE</country>
      </user>
      <date>1225626960</date>
      <body>Did it help?</body>
    </post> 
 <post id="MS_1485_52043124">
      <user id="MS_423684204">
        <username>Mac Caine</username>
        <sex>M</sex>
        <age>72</age>
        <city>MalmÃ&#131;Â¶</city>
        <province>SkÃ&#131;Â¥ne lÃ&#131;Â¤n</province>
        <country>SE</country>
      </user>
      <date>1225627080</date>
      <body>I dunno know she's barely talkin, but I bet it will</body>
    </post> 
 <post id="MS_1485_52043186">
      <user id="MS_77009122">
        <username>Susie</username>
        <sex>F</sex>
        <age>17</age>
        <city>STHLM</city>
        <province>Stockholms lÃ&#131;Â¤n</province>
        <country>SE</country>
      </user>
      <date>1225627140</date>
      <body>Haha, okey. Watching English and American movies helped me with my English. Heh.</body>
    </post>
</posts> 
