<?xml version="1.0" encoding="UTF-8"?> 
 <posts> 
 <post id="MS_1485_52035215">
      <user id="MS_77009122">
        <username>Susie</username>
        <sex>F</sex>
        <age>17</age>
        <city>STHLM</city>
        <province>Stockholms lÃ¤n</province>
        <country>SE</country>
      </user>
      <date>1225615080</date>
      <body>Go find the guy and marry him!</body>
    </post> 
 <post id="MS_1485_52035428">
      <user id="MS_77009122">
        <username>Susie</username>
        <sex>F</sex>
        <age>17</age>
        <city>STHLM</city>
        <province>Stockholms lÃ¤n</province>
        <country>SE</country>
      </user>
      <date>1225615440</date>
      <body>... Eh, but I live in Stockholm.</body>
    </post> 
 <post id="MS_1485_52035637">
      <user id="MS_77009122">
        <username>Susie</username>
        <sex>F</sex>
        <age>17</age>
        <city>STHLM</city>
        <province>Stockholms lÃ¤n</province>
        <country>SE</country>
      </user>
      <date>1225615860</date>
      <body>Ge an account at some random dating site or something then, start look around?</body>
    </post> 
 <post id="MS_1485_52035729">
      <user id="MS_5169161">
        <username>Ghost</username>
        <sex>M</sex>
        <age>23</age>
        <city>Tulsa</city>
        <province>OKLAHOMA</province>
        <country>US</country>
      </user>
      <date>1225616040</date>
      <body>Check it out man, you just may be in a state of confusion at the moment. If you truely believe your gay, the sure way to find out is to hook up with a male... Until you find yourself, I wouldn't be stating anything for sure!, i'd say you were just curious... But come on dawg! females are to beautiful to turn down!</body>
    </post> 
 <post id="MS_1485_52037013">
      <user id="MS_154866530">
        <username>â&#152;&#133;-Joanna-â&#152;&#133;</username>
        <sex>F</sex>
        <age>17</age>
        <city>Isle Of Wight</city>
        <province>South</province>
        <country>UK</country>
      </user>
      <date>1225618200</date>
      <body>Did you find your girlfriend attractive?</body>
    </post> 
 <post id="MS_1485_52037739">
      <user id="MS_77009122">
        <username>Susie</username>
        <sex>F</sex>
        <age>17</age>
        <city>STHLM</city>
        <province>Stockholms lÃ¤n</province>
        <country>SE</country>
      </user>
      <date>1225619220</date>
      <body>Hahaha. That's funny.</body>
    </post> 
 <post id="MS_1485_52038208">
      <user id="MS_5169161">
        <username>Ghost</username>
        <sex>M</sex>
        <age>23</age>
        <city>Tulsa</city>
        <province>OKLAHOMA</province>
        <country>US</country>
      </user>
      <date>1225619880</date>
      <body>  Yuup, he's gay.</body>
    </post> 
 <post id="MS_1485_52038673">
      <user id="MS_77009122">
        <username>Susie</username>
        <sex>F</sex>
        <age>17</age>
        <city>STHLM</city>
        <province>Stockholms lÃ&#131;Â¤n</province>
        <country>SE</country>
      </user>
      <date>1225620540</date>
      <body>And manly girls?</body>
    </post> 
 <post id="MS_1485_52038732">
      <user id="MS_5169161">
        <username>Ghost</username>
        <sex>M</sex>
        <age>23</age>
        <city>Tulsa</city>
        <province>OKLAHOMA</province>
        <country>US</country>
      </user>
      <date>1225620660</date>
      <body>lol.. do you find Susie attractive? cuz I do</body>
    </post> 
 <post id="MS_1485_52039990">
      <user id="MS_77009122">
        <username>Susie</username>
        <sex>F</sex>
        <age>17</age>
        <city>STHLM</city>
        <province>Stockholms lÃ&#131;Â¤n</province>
        <country>SE</country>
      </user>
      <date>1225622520</date>
      <body>If you saw me in real life you would run the other way!</body>
    </post>
</posts> 
