<?xml version="1.0" encoding="UTF-8"?> 
 <posts> 
<post id= "MS_4992_47369744"> 
<user id ="MS_108793881"> 
	 <username>Mr. Gribble~Beast Mode</username> 
	 <sex>M</sex> 
	 <age>22</age> 
	 <city>nowhere</city> 
	 <province>Tennessee</province> 
	 <country>US</country> 
	 </user> 
<date>1217842320</date> 
 <body>wow you must have been in the homo bar.</body> 
 </post> 
<post id= "MS_4992_47374420"> 
<user id ="MS_191986001"> 
	 <username>selim</username> 
	 <sex>M</sex> 
	 <age>21</age> 
	 <city>UK</city> 
	 <province></province> 
	 <country></country> 
	 </user> 
<date>1217847360</date> 
 <body>cuz they suppose that they are the best nationalty in the world   anyway mr gribble: is your car name Civic?</body> 
 </post> 
<post id= "MS_4992_47375104"> 
<user id ="MS_108793881"> 
	 <username>Mr. Gribble~Beast Mode</username> 
	 <sex>M</sex> 
	 <age>22</age> 
	 <city>nowhere</city> 
	 <province>Tennessee</province> 
	 <country>US</country> 
	 </user> 
<date>1217848080</date> 
 <body>no its a honda accord</body> 
 </post> 
<post id= "MS_4992_47380328"> 
<user id ="MS_389372158"> 
	 <username>Dolin</username> 
	 <sex>M</sex> 
	 <age>27</age> 
	 <city>Jakarta</city> 
	 <province>Catholic</province> 
	 <country>ID</country> 
	 </user> 
<date>1217853300</date> 
 <body>maybe they drank too much coca cola?</body> 
 </post> 
<post id= "MS_4992_47429846"> 
<user id ="MS_62674948"> 
	 <username>Brian</username> 
	 <sex>M</sex> 
	 <age>26</age> 
	 <city>Orlando</city> 
	 <province>Florida</province> 
	 <country>US</country> 
	 </user> 
<date>1217926500</date> 
 <body>So you are judging a whole country based on some drunk idiots in a bar. Now that is stupid.  Actually you are really stupid for being a racist.</body> 
 </post> 
<post id= "MS_4992_47430055"> 
<user id ="MS_104682464"> 
	 <username>Virginia [Is The Bomb.. Like Tick Tick]</username> 
	 <sex>F</sex> 
	 <age>19</age> 
	 <city>Ranger</city> 
	 <province>Texas</province> 
	 <country>US</country> 
	 </user> 
<date>1217926800</date> 
 <body>It is stupid that your judge the whole country...   Hell I live in america and I moved to Texas from Mississippi and I got made fun of and asked to say stupid shit cause I sounded different so suck it up...</body> 
 </post> 
<post id= "MS_4992_47435242"> 
<user id ="MS_182348487"> 
	 <username>Stay. [u really have no idea]</username> 
	 <sex>F</sex> 
	 <age>19</age> 
	 <city>Mish Town</city> 
	 <province>Montana</province> 
	 <country>US</country> 
	 </user> 
<date>1217932200</date> 
 <body> agree.plus it's not like you never make jokes about people that are from another country or look different!so don't complain!</body> 
 </post> 
<post id= "MS_4992_47436076"> 
<user id ="MS_398482006"> 
	 <username>omegawolf</username> 
	 <sex>M</sex> 
	 <age>27</age> 
	 <city>MINNEAPOLIS</city> 
	 <province>Minnesota</province> 
	 <country>US</country> 
	 </user> 
<date>1217933100</date> 
 <body>you should hear how they talk here in Minesota. ya, sure ya btechya, don't ya know.</body> 
 </post> 
<post id= "MS_4992_47436131"> 
<user id ="MS_398482006"> 
	 <username>omegawolf</username> 
	 <sex>M</sex> 
	 <age>27</age> 
	 <city>MINNEAPOLIS</city> 
	 <province>Minnesota</province> 
	 <country>US</country> 
	 </user> 
<date>1217933160</date> 
 <body>its a lot like the sing sony sveds</body> 
 </post> 
<post id= "MS_4992_47437472"> 
<user id ="MS_396640839"> 
	 <username>Alymia~ KeemiMoto</username> 
	 <sex>F</sex> 
	 <age>17</age> 
	 <city>Georgia</city> 
	 <province></province> 
	 <country>US</country> 
	 </user> 
<date>1217934360</date> 
 <body>i hate when people ask me to say things over and over again, but my accent is diff so i guess its new to them.</body> 
 </post> 
</posts>