<?xml version="1.0" encoding="UTF-8"?> 
 <posts> 
<post id= "MS_4992_47464277"> 
<user id ="MS_389362645"> 
	 <username>â£ England's Glory â£</username> 
	 <sex>M</sex> 
	 <age>23</age> 
	 <city>**************************************************</city> 
	 <province>Northwest</province> 
	 <country>UK</country> 
	 </user> 
<date>1217964780</date> 
 <body>When I was in the US I always got asked if Ive met the Queen, and I say yes and Prince Harry and William and the rest of it, infact I live right next door to Buckingham Palace.  Dumb Yanks.</body> 
 </post> 
<post id= "MS_4992_47464462"> 
<user id ="MS_28779891"> 
	 <username>Rupert Rox</username> 
	 <sex>F</sex> 
	 <age>16</age> 
	 <city>Los Angeles</city> 
	 <province>California</province> 
	 <country>US</country> 
	 </user> 
<date>1217965020</date> 
 <body>you can't judge the US as a WHOLE just because some bimbos asked you questions that were dumb. Its very critical of you to do that. Not everyone is like that. its like when the French people call Americans pigs. Not everyone is the same.</body> 
 </post> 
<post id= "MS_4992_47464709"> 
<user id ="MS_389362645"> 
	 <username>â£ England's Glory â£</username> 
	 <sex>M</sex> 
	 <age>23</age> 
	 <city>**************************************************</city> 
	 <province>Northwest</province> 
	 <country>UK</country> 
	 </user> 
<date>1217965320</date> 
 <body>Well, lets say more than half the population is stupid since they voted for George W Bush twice</body> 
 </post> 
<post id= "MS_4992_47465221"> 
<user id ="MS_90153393"> 
	 <username>Dave</username> 
	 <sex>M</sex> 
	 <age>27</age> 
	 <city>SANTA ROSA BEACH</city> 
	 <province>Florida</province> 
	 <country>US</country> 
	 </user> 
<date>1217965980</date> 
 <body>That was me asking the queen question but I think you mis-understood ..  I was asking if you ARE a queen .  I mean you were like the ONLY guy in the bar who didn't go home with at least 1 girl.  What a donk.</body> 
 </post> 
<post id= "MS_4992_47465627"> 
<user id ="MS_245454189"> 
	 <username>Wilson</username> 
	 <sex>M</sex> 
	 <age>16</age> 
	 <city>California</city> 
	 <province></province> 
	 <country>US</country> 
	 </user> 
<date>1217966520</date> 
 <body>There should be another Boston Tea party, instead this time dump ALL the tea in the harbor.</body> 
 </post> 
<post id= "MS_4992_47465966"> 
<user id ="MS_389362645"> 
	 <username>â£ England's Glory â£</username> 
	 <sex>M</sex> 
	 <age>23</age> 
	 <city>**************************************************</city> 
	 <province>Northwest</province> 
	 <country>UK</country> 
	 </user> 
<date>1217967000</date> 
 <body>You should know the truth about the Boston Tea Party rather than the patriotic crap you've been told</body> 
 </post> 
<post id= "MS_4992_47466377"> 
<user id ="MS_90153393"> 
	 <username>Dave</username> 
	 <sex>M</sex> 
	 <age>27</age> 
	 <city>SANTA ROSA BEACH</city> 
	 <province>Florida</province> 
	 <country>US</country> 
	 </user> 
<date>1217967660</date> 
 <body>Truth-  We ( USA ) kicked you're sorry azzes twice.  Truth -  We- ( USA ) saved you're sorry azzes twice .  Truth -  You are thee ONLY guy to ever visit Florida and not end up with at least 1 girl in the back of a Ford pick-up.</body> 
 </post> 
<post id= "MS_4992_47466507"> 
<user id ="MS_245454189"> 
	 <username>Wilson</username> 
	 <sex>M</sex> 
	 <age>16</age> 
	 <city>California</city> 
	 <province></province> 
	 <country>US</country> 
	 </user> 
<date>1217967900</date> 
 <body>I heard Canada is one the cleanest countries ever (Trash wise) I want to live their.</body> 
 </post> 
<post id= "MS_4992_47466960"> 
<user id ="MS_389362645"> 
	 <username>â£ England's Glory â£</username> 
	 <sex>M</sex> 
	 <age>23</age> 
	 <city>**************************************************</city> 
	 <province>Northwest</province> 
	 <country>UK</country> 
	 </user> 
<date>1217968800</date> 
 <body>American Revolution - British pulled out and let you have it since we had more pressing concerns at home fighting the French.  War of 1812 - America's aim was to take Canada or atleast parts of Canada and you failed.  World War I - You didnt save shit, you arried 3 years late. British army was the decisive force in WWI.  World War II - If you guys came into it from the start and didnt wait for Japan & Germany to declair war on you then 6 Million Jews would not have died because Britain & America would have been doing joint operations together since 1939.  Boston tea party:  "Everyone has heard of the 'Boston Tea Party' of 16 December 1773, in which 342 boxes of tea worth ÃÂ£10,000 were tipped from the East India tea ship Dartmouth into the murky waters of Boston harbour. But most people assume it was a protest against a hike in the tax on tea. In fact the price of the tea in question was exceptionally low, since the British government had just given the East India Company a rebate of the much higher duty the tea had incurred on entering Britain. In effect, the tea left Britain duty free and had to pay only the much lower American duty on arriving in Boston. Tea had never been cheaper in New England. The 'Party' was organized not by irate consumers but by Boston's wealthy smugglers, who stood to lose out"</body> 
 </post> 
<post id= "MS_4992_47476035"> 
<user id ="MS_128802748"> 
	 <username>Thomas</username> 
	 <sex>M</sex> 
	 <age>19</age> 
	 <city>Limerick</city> 
	 <province>Galway</province> 
	 <country>IE</country> 
	 </user> 
<date>1217987400</date> 
 <body>Where did find that info on the boston tea party, makes the whole thing a lot less patriotic.   Also, shut up Dave, you're an idiot.</body> 
 </post> 
</posts>