<?xml version="1.0" encoding="UTF-8"?> 
 <posts> 
<post id= "MS_4992_47476035"> 
<user id ="MS_128802748"> 
	 <username>Thomas</username> 
	 <sex>M</sex> 
	 <age>19</age> 
	 <city>Limerick</city> 
	 <province>Galway</province> 
	 <country>IE</country> 
	 </user> 
<date>1217987400</date> 
 <body>Where did find that info on the boston tea party, makes the whole thing a lot less patriotic.   Also, shut up Dave, you're an idiot.</body> 
 </post> 
<post id= "MS_4992_47477541"> 
<user id ="MS_396852921"> 
	 <username>That Kid From Sweden (The Gawd)</username> 
	 <sex>M</sex> 
	 <age>16</age> 
	 <city>MalmÃÂ¶</city> 
	 <province>SkÃÂ¥ne lÃÂ¤n</province> 
	 <country>SE</country> 
	 </user> 
<date>1217991480</date> 
 <body> lol stupidity reigns in this thread.</body> 
 </post> 
<post id= "MS_4992_47478667"> 
<user id ="MS_7169909"> 
	 <username>Tom a.k.a (Blood WolfÃ¢âÂ¢)</username> 
	 <sex>M</sex> 
	 <age>20</age> 
	 <city>Blossburg</city> 
	 <province>Pennsylvania</province> 
	 <country>US</country> 
	 </user> 
<date>1217994180</date> 
 <body>ALL countries have their stupid apples... AND their rotten apples..</body> 
 </post> 
<post id= "MS_4992_47485783"> 
<user id ="MS_186943583"> 
	 <username>Eleanor Rose Margarethe</username> 
	 <sex>F</sex> 
	 <age>71</age> 
	 <city>Melbourne</city> 
	 <province>Victoria</province> 
	 <country>AU</country> 
	 </user> 
<date>1218006360</date> 
 <body>Well, as others have already said, it was at a bar and it is quite silly to judge an entire nation solely on your experience there. It isn't valid evidence for what you are arguing.  However... I do believe that Americans, whilst not being inherently less intelligent, are, on average, more ignorant than other nationalities about the world around them. Why? Americans grow up without many "outside" influences in the media - I would say that 98 percent of your television and film content is American made, american produced, directed, acted..... most of the music that gets commercial airplay in the states are also very much american dominated. Also, geographically, america is quite isolated, really.... sure, britain is an island, but it's only a hop skip and a jump to about 20 different countries...</body> 
 </post> 
<post id= "MS_4992_47486293"> 
<user id ="MS_396852921"> 
	 <username>That Kid From Sweden (The Gawd)</username> 
	 <sex>M</sex> 
	 <age>16</age> 
	 <city>MalmÃÂ¶</city> 
	 <province>SkÃÂ¥ne lÃÂ¤n</province> 
	 <country>SE</country> 
	 </user> 
<date>1218007080</date> 
 <body> True, It's not fair to call them stupid, but ignorant would be the right word</body> 
 </post> 
<post id= "MS_4992_47489359"> 
<user id ="MS_396640839"> 
	 <username>Alymia~ KeemiMoto</username> 
	 <sex>F</sex> 
	 <age>17</age> 
	 <city>Georgia</city> 
	 <province></province> 
	 <country>US</country> 
	 </user> 
<date>1218010980</date> 
 <body>just because im from London i have never met the queen or the the Spice girls!!!</body> 
 </post> 
<post id= "MS_4992_47534211"> 
<user id ="MS_17902449"> 
	 <username>Ronald mcdonald touched my no no spot</username> 
	 <sex>M</sex> 
	 <age>27</age> 
	 <city>peotone</city> 
	 <province>Illinois</province> 
	 <country>US</country> 
	 </user> 
<date>1218065940</date> 
 <body> Well looks like someone won this argument.</body> 
 </post> 
<post id= "MS_4992_47534272"> 
<user id ="MS_128802748"> 
	 <username>Thomas</username> 
	 <sex>M</sex> 
	 <age>19</age> 
	 <city>Limerick</city> 
	 <province>Galway</province> 
	 <country>IE</country> 
	 </user> 
<date>1218066120</date> 
 <body></body> 
 </post> 
<post id= "MS_4992_47541364"> 
<user id ="MS_186943583"> 
	 <username>Eleanor Rose Margarethe</username> 
	 <sex>F</sex> 
	 <age>71</age> 
	 <city>Melbourne</city> 
	 <province>Victoria</province> 
	 <country>AU</country> 
	 </user> 
<date>1218084180</date> 
 <body> Why is it exaggerated? I don't think saying 98 percent of America's film and television content is American...</body> 
 </post> 
<post id= "MS_4992_47544512"> 
<user id ="MS_128802748"> 
	 <username>Thomas</username> 
	 <sex>M</sex> 
	 <age>19</age> 
	 <city>Limerick</city> 
	 <province>Galway</province> 
	 <country>IE</country> 
	 </user> 
<date>1218089700</date> 
 <body>      Sorry, i'm an idiot, i read that wrong. I'll start over. Yes, you're right</body> 
 </post> 
</posts>