<?xml version="1.0" encoding="UTF-8"?> 
 <posts> 
<post id= "MS_4992_47541364"> 
<user id ="MS_186943583"> 
	 <username>Eleanor Rose Margarethe</username> 
	 <sex>F</sex> 
	 <age>71</age> 
	 <city>Melbourne</city> 
	 <province>Victoria</province> 
	 <country>AU</country> 
	 </user> 
<date>1218084180</date> 
 <body> Why is it exaggerated? I don't think saying 98 percent of America's film and television content is American...</body> 
 </post> 
<post id= "MS_4992_47544512"> 
<user id ="MS_128802748"> 
	 <username>Thomas</username> 
	 <sex>M</sex> 
	 <age>19</age> 
	 <city>Limerick</city> 
	 <province>Galway</province> 
	 <country>IE</country> 
	 </user> 
<date>1218089700</date> 
 <body>      Sorry, i'm an idiot, i read that wrong. I'll start over. Yes, you're right</body> 
 </post> 
<post id= "MS_4992_47546027"> 
<user id ="MS_186943583"> 
	 <username>Eleanor Rose Margarethe</username> 
	 <sex>F</sex> 
	 <age>71</age> 
	 <city>Melbourne</city> 
	 <province>Victoria</province> 
	 <country>AU</country> 
	 </user> 
<date>1218091800</date> 
 <body>  Lol, okay. =p</body> 
 </post> 
<post id= "MS_4992_47552569"> 
<user id ="MS_40605567"> 
	 <username>wendyw3</username> 
	 <sex>F</sex> 
	 <age>38</age> 
	 <city>Round Rock (Cleveland)</city> 
	 <province>Texas</province> 
	 <country>US</country> 
	 </user> 
<date>1218100380</date> 
 <body>If you ever want to sell that honda, get ahold of me.. great cars.</body> 
 </post> 
<post id= "MS_4992_47552752"> 
<user id ="MS_40605567"> 
	 <username>wendyw3</username> 
	 <sex>F</sex> 
	 <age>38</age> 
	 <city>Round Rock (Cleveland)</city> 
	 <province>Texas</province> 
	 <country>US</country> 
	 </user> 
<date>1218100620</date> 
 <body>lol lol.. actually, as far as 'fat yank'/James Bond guy.. The Brits are catching up to Americans in Weight gain, according to recent polls. And WE get asked by Brits 'so, where are the cowboys? Isn't the wild wild west still all wilderness?Doesn't everyone in Texas wear a cowboy hat?' (and I am originally from the North Coast, near New York, only recent transplant to TX, so I am much 'closer' to the big pond, originally.. hmm.. think I'll go back to England)</body> 
 </post> 
<post id= "MS_4992_47553606"> 
<user id ="MS_366313934"> 
	 <username>Aisling Ã¢ËÂ®</username> 
	 <sex>F</sex> 
	 <age>17</age> 
	 <city>Monaghan</city> 
	 <province></province> 
	 <country>IE</country> 
	 </user> 
<date>1218101640</date> 
 <body>lol amusing.</body> 
 </post> 
<post id= "MS_4992_47561295"> 
<user id ="MS_61165917"> 
	 <username>Ã¨Â°ËÃ¥Â¾Â®</username> 
	 <sex>F</sex> 
	 <age>15</age> 
	 <city>Can I touch your</city> 
	 <province></province> 
	 <country>MM</country> 
	 </user> 
<date>1218109320</date> 
 <body>That's like saying, "Why are the British so racist?"</body> 
 </post> 
<post id= "MS_4992_47566904"> 
<user id ="MS_377165218"> 
	 <username>Max</username> 
	 <sex>M</sex> 
	 <age>17</age> 
	 <city>Michigan</city> 
	 <province></province> 
	 <country>US</country> 
	 </user> 
<date>1218115560</date> 
 <body>Dude... When someone speaks in a different accent, it usually sounds funny to the other person... And you really shouldn't let those drunks from that bar represent what all Americans are like to you. Besides: The majority of you guys have just as many faults as the majority of America. =/</body> 
 </post> 
<post id= "MS_4992_47567124"> 
<user id ="MS_377165218"> 
	 <username>Max</username> 
	 <sex>M</sex> 
	 <age>17</age> 
	 <city>Michigan</city> 
	 <province></province> 
	 <country>US</country> 
	 </user> 
<date>1218115800</date> 
 <body>Wait, wait, wait...! Here's a better question: If ALL Americans are so stupid, then explain why you're posting this on a CAMPUS LIFE forum. :|</body> 
 </post> 
<post id= "MS_4992_47568079"> 
<user id ="MS_385645042"> 
	 <username>mike strobe</username> 
	 <sex>M</sex> 
	 <age>18</age> 
	 <city>Lancaster</city> 
	 <province>Ohio</province> 
	 <country>US</country> 
	 </user> 
<date>1218116940</date> 
 <body>Americans are not stupid. They are just not pressed to become wise or intelligent, unlike in most developed countries   which bothers me</body> 
 </post> 
</posts>