<?xml version="1.0" encoding="UTF-8"?> 
 <posts> 
<post id= "MS_4992_47436076"> 
<user id ="MS_398482006"> 
	 <username>omegawolf</username> 
	 <sex>M</sex> 
	 <age>27</age> 
	 <city>MINNEAPOLIS</city> 
	 <province>Minnesota</province> 
	 <country>US</country> 
	 </user> 
<date>1217933100</date> 
 <body>you should hear how they talk here in Minesota. ya, sure ya btechya, don't ya know.</body> 
 </post> 
<post id= "MS_4992_47436131"> 
<user id ="MS_398482006"> 
	 <username>omegawolf</username> 
	 <sex>M</sex> 
	 <age>27</age> 
	 <city>MINNEAPOLIS</city> 
	 <province>Minnesota</province> 
	 <country>US</country> 
	 </user> 
<date>1217933160</date> 
 <body>its a lot like the sing sony sveds</body> 
 </post> 
<post id= "MS_4992_47437472"> 
<user id ="MS_396640839"> 
	 <username>Alymia~ KeemiMoto</username> 
	 <sex>F</sex> 
	 <age>17</age> 
	 <city>Georgia</city> 
	 <province></province> 
	 <country>US</country> 
	 </user> 
<date>1217934360</date> 
 <body>i hate when people ask me to say things over and over again, but my accent is diff so i guess its new to them.</body> 
 </post> 
<post id= "MS_4992_47464277"> 
<user id ="MS_389362645"> 
	 <username>â£ England's Glory â£</username> 
	 <sex>M</sex> 
	 <age>23</age> 
	 <city>**************************************************</city> 
	 <province>Northwest</province> 
	 <country>UK</country> 
	 </user> 
<date>1217964780</date> 
 <body>When I was in the US I always got asked if Ive met the Queen, and I say yes and Prince Harry and William and the rest of it, infact I live right next door to Buckingham Palace.  Dumb Yanks.</body> 
 </post> 
<post id= "MS_4992_47464462"> 
<user id ="MS_28779891"> 
	 <username>Rupert Rox</username> 
	 <sex>F</sex> 
	 <age>16</age> 
	 <city>Los Angeles</city> 
	 <province>California</province> 
	 <country>US</country> 
	 </user> 
<date>1217965020</date> 
 <body>you can't judge the US as a WHOLE just because some bimbos asked you questions that were dumb. Its very critical of you to do that. Not everyone is like that. its like when the French people call Americans pigs. Not everyone is the same.</body> 
 </post> 
<post id= "MS_4992_47464709"> 
<user id ="MS_389362645"> 
	 <username>â£ England's Glory â£</username> 
	 <sex>M</sex> 
	 <age>23</age> 
	 <city>**************************************************</city> 
	 <province>Northwest</province> 
	 <country>UK</country> 
	 </user> 
<date>1217965320</date> 
 <body>Well, lets say more than half the population is stupid since they voted for George W Bush twice</body> 
 </post> 
<post id= "MS_4992_47465221"> 
<user id ="MS_90153393"> 
	 <username>Dave</username> 
	 <sex>M</sex> 
	 <age>27</age> 
	 <city>SANTA ROSA BEACH</city> 
	 <province>Florida</province> 
	 <country>US</country> 
	 </user> 
<date>1217965980</date> 
 <body>That was me asking the queen question but I think you mis-understood ..  I was asking if you ARE a queen .  I mean you were like the ONLY guy in the bar who didn't go home with at least 1 girl.  What a donk.</body> 
 </post> 
<post id= "MS_4992_47465627"> 
<user id ="MS_245454189"> 
	 <username>Wilson</username> 
	 <sex>M</sex> 
	 <age>16</age> 
	 <city>California</city> 
	 <province></province> 
	 <country>US</country> 
	 </user> 
<date>1217966520</date> 
 <body>There should be another Boston Tea party, instead this time dump ALL the tea in the harbor.</body> 
 </post> 
<post id= "MS_4992_47465966"> 
<user id ="MS_389362645"> 
	 <username>â£ England's Glory â£</username> 
	 <sex>M</sex> 
	 <age>23</age> 
	 <city>**************************************************</city> 
	 <province>Northwest</province> 
	 <country>UK</country> 
	 </user> 
<date>1217967000</date> 
 <body>You should know the truth about the Boston Tea Party rather than the patriotic crap you've been told</body> 
 </post> 
<post id= "MS_4992_47466377"> 
<user id ="MS_90153393"> 
	 <username>Dave</username> 
	 <sex>M</sex> 
	 <age>27</age> 
	 <city>SANTA ROSA BEACH</city> 
	 <province>Florida</province> 
	 <country>US</country> 
	 </user> 
<date>1217967660</date> 
 <body>Truth-  We ( USA ) kicked you're sorry azzes twice.  Truth -  We- ( USA ) saved you're sorry azzes twice .  Truth -  You are thee ONLY guy to ever visit Florida and not end up with at least 1 girl in the back of a Ford pick-up.</body> 
 </post> 
</posts>