<?xml version="1.0" encoding="UTF-8"?> 
 <posts> 
<post id= "MS_4992_47465966"> 
<user id ="MS_389362645"> 
	 <username>â£ England's Glory â£</username> 
	 <sex>M</sex> 
	 <age>23</age> 
	 <city>**************************************************</city> 
	 <province>Northwest</province> 
	 <country>UK</country> 
	 </user> 
<date>1217967000</date> 
 <body>You should know the truth about the Boston Tea Party rather than the patriotic crap you've been told</body> 
 </post> 
<post id= "MS_4992_47466377"> 
<user id ="MS_90153393"> 
	 <username>Dave</username> 
	 <sex>M</sex> 
	 <age>27</age> 
	 <city>SANTA ROSA BEACH</city> 
	 <province>Florida</province> 
	 <country>US</country> 
	 </user> 
<date>1217967660</date> 
 <body>Truth-  We ( USA ) kicked you're sorry azzes twice.  Truth -  We- ( USA ) saved you're sorry azzes twice .  Truth -  You are thee ONLY guy to ever visit Florida and not end up with at least 1 girl in the back of a Ford pick-up.</body> 
 </post> 
<post id= "MS_4992_47466507"> 
<user id ="MS_245454189"> 
	 <username>Wilson</username> 
	 <sex>M</sex> 
	 <age>16</age> 
	 <city>California</city> 
	 <province></province> 
	 <country>US</country> 
	 </user> 
<date>1217967900</date> 
 <body>I heard Canada is one the cleanest countries ever (Trash wise) I want to live their.</body> 
 </post> 
<post id= "MS_4992_47466960"> 
<user id ="MS_389362645"> 
	 <username>â£ England's Glory â£</username> 
	 <sex>M</sex> 
	 <age>23</age> 
	 <city>**************************************************</city> 
	 <province>Northwest</province> 
	 <country>UK</country> 
	 </user> 
<date>1217968800</date> 
 <body>American Revolution - British pulled out and let you have it since we had more pressing concerns at home fighting the French.  War of 1812 - America's aim was to take Canada or atleast parts of Canada and you failed.  World War I - You didnt save shit, you arried 3 years late. British army was the decisive force in WWI.  World War II - If you guys came into it from the start and didnt wait for Japan & Germany to declair war on you then 6 Million Jews would not have died because Britain & America would have been doing joint operations together since 1939.  Boston tea party:  "Everyone has heard of the 'Boston Tea Party' of 16 December 1773, in which 342 boxes of tea worth ÃÂ£10,000 were tipped from the East India tea ship Dartmouth into the murky waters of Boston harbour. But most people assume it was a protest against a hike in the tax on tea. In fact the price of the tea in question was exceptionally low, since the British government had just given the East India Company a rebate of the much higher duty the tea had incurred on entering Britain. In effect, the tea left Britain duty free and had to pay only the much lower American duty on arriving in Boston. Tea had never been cheaper in New England. The 'Party' was organized not by irate consumers but by Boston's wealthy smugglers, who stood to lose out"</body> 
 </post> 
<post id= "MS_4992_47476035"> 
<user id ="MS_128802748"> 
	 <username>Thomas</username> 
	 <sex>M</sex> 
	 <age>19</age> 
	 <city>Limerick</city> 
	 <province>Galway</province> 
	 <country>IE</country> 
	 </user> 
<date>1217987400</date> 
 <body>Where did find that info on the boston tea party, makes the whole thing a lot less patriotic.   Also, shut up Dave, you're an idiot.</body> 
 </post> 
<post id= "MS_4992_47477541"> 
<user id ="MS_396852921"> 
	 <username>That Kid From Sweden (The Gawd)</username> 
	 <sex>M</sex> 
	 <age>16</age> 
	 <city>MalmÃÂ¶</city> 
	 <province>SkÃÂ¥ne lÃÂ¤n</province> 
	 <country>SE</country> 
	 </user> 
<date>1217991480</date> 
 <body> lol stupidity reigns in this thread.</body> 
 </post> 
<post id= "MS_4992_47478667"> 
<user id ="MS_7169909"> 
	 <username>Tom a.k.a (Blood WolfÃ¢âÂ¢)</username> 
	 <sex>M</sex> 
	 <age>20</age> 
	 <city>Blossburg</city> 
	 <province>Pennsylvania</province> 
	 <country>US</country> 
	 </user> 
<date>1217994180</date> 
 <body>ALL countries have their stupid apples... AND their rotten apples..</body> 
 </post> 
<post id= "MS_4992_47485783"> 
<user id ="MS_186943583"> 
	 <username>Eleanor Rose Margarethe</username> 
	 <sex>F</sex> 
	 <age>71</age> 
	 <city>Melbourne</city> 
	 <province>Victoria</province> 
	 <country>AU</country> 
	 </user> 
<date>1218006360</date> 
 <body>Well, as others have already said, it was at a bar and it is quite silly to judge an entire nation solely on your experience there. It isn't valid evidence for what you are arguing.  However... I do believe that Americans, whilst not being inherently less intelligent, are, on average, more ignorant than other nationalities about the world around them. Why? Americans grow up without many "outside" influences in the media - I would say that 98 percent of your television and film content is American made, american produced, directed, acted..... most of the music that gets commercial airplay in the states are also very much american dominated. Also, geographically, america is quite isolated, really.... sure, britain is an island, but it's only a hop skip and a jump to about 20 different countries...</body> 
 </post> 
<post id= "MS_4992_47486293"> 
<user id ="MS_396852921"> 
	 <username>That Kid From Sweden (The Gawd)</username> 
	 <sex>M</sex> 
	 <age>16</age> 
	 <city>MalmÃÂ¶</city> 
	 <province>SkÃÂ¥ne lÃÂ¤n</province> 
	 <country>SE</country> 
	 </user> 
<date>1218007080</date> 
 <body> True, It's not fair to call them stupid, but ignorant would be the right word</body> 
 </post> 
<post id= "MS_4992_47489359"> 
<user id ="MS_396640839"> 
	 <username>Alymia~ KeemiMoto</username> 
	 <sex>F</sex> 
	 <age>17</age> 
	 <city>Georgia</city> 
	 <province></province> 
	 <country>US</country> 
	 </user> 
<date>1218010980</date> 
 <body>just because im from London i have never met the queen or the the Spice girls!!!</body> 
 </post> 
</posts>