<?xml version="1.0" encoding="UTF-8"?> 
 <posts> 
<post id= "MS_28839_48973796"> 
<user id ="MS_3420865"> 
	 <username>thatDUDEchris</username> 
	 <sex>M</sex> 
	 <age>24</age> 
	 <city>RANCHO CUCAMONGA</city> 
	 <province>California</province> 
	 <country>US</country> 
	 </user> 
<date>1220379660</date> 
 <body>MOVIE FORUM PEOPLE!!!!!!!!!  so if u want the answer heres some movies to enjoy  i am sam  the other sister  the notebook  sisterhodd of traveling pants  persuit of happyness  step mom    the only things that matter in our life is constant in these films....family, freinds and love</body> 
 </post> 
<post id= "MS_28839_48973824"> 
<user id ="MS_97912601"> 
	 <username>Dado</username> 
	 <sex>M</sex> 
	 <age>25</age> 
	 <city>Boise</city> 
	 <province>Idaho</province> 
	 <country>US</country> 
	 </user> 
<date>1220379720</date> 
 <body>  Score. Another bogey shot down by Jenna. ha ha</body> 
 </post> 
<post id= "MS_28839_48973841"> 
<user id ="MS_380406780"> 
	 <username>Savannah!!!!</username> 
	 <sex>F</sex> 
	 <age>14</age> 
	 <city>DE SOTO</city> 
	 <province>Missouri</province> 
	 <country>US</country> 
	 </user> 
<date>1220379720</date> 
 <body>the only good thing about the pusuit of happyness was that it had will smith in it adn yes life kinda sucks....i may not have a happy life but im happy to be alive</body> 
 </post> 
<post id= "MS_28839_48973925"> 
<user id ="MS_3420865"> 
	 <username>thatDUDEchris</username> 
	 <sex>M</sex> 
	 <age>24</age> 
	 <city>RANCHO CUCAMONGA</city> 
	 <province>California</province> 
	 <country>US</country> 
	 </user> 
<date>1220379840</date> 
 <body>u missed the message of that movie my dear</body> 
 </post> 
<post id= "MS_28839_48974160"> 
<user id ="MS_380406780"> 
	 <username>Savannah!!!!</username> 
	 <sex>F</sex> 
	 <age>14</age> 
	 <city>DE SOTO</city> 
	 <province>Missouri</province> 
	 <country>US</country> 
	 </user> 
<date>1220380080</date> 
 <body>lol i wasnt talking about the messege of the movie when i said the happy to be alive thing....the only reason i sat through that depressing mnovie was cus will smith was in it...i know what the real messege of the movie was:LIFE SUCKS!!!....jk jk</body> 
 </post> 
<post id= "MS_28839_48974259"> 
<user id ="MS_401728854"> 
	 <username>83 (getting banned, my anti-drug?)</username> 
	 <sex>F</sex> 
	 <age>16</age> 
	 <city>TO</city> 
	 <province></province> 
	 <country></country> 
	 </user> 
<date>1220380200</date> 
 <body>you are not 27 are you</body> 
 </post> 
<post id= "MS_28839_48974366"> 
<user id ="MS_398694295"> 
	 <username>Jacks smirking revenge</username> 
	 <sex>M</sex> 
	 <age>29</age> 
	 <city>where the beer flows like wine</city> 
	 <province>California</province> 
	 <country>US</country> 
	 </user> 
<date>1220380260</date> 
 <body> maybe in Missouri. My life rocks.</body> 
 </post> 
<post id= "MS_28839_48974380"> 
<user id ="MS_320148833"> 
	 <username>â Jennâ </username> 
	 <sex>F</sex> 
	 <age>28</age> 
	 <city>SACRAMENTO</city> 
	 <province>California</province> 
	 <country>US</country> 
	 </user> 
<date>1220380320</date> 
 <body>  The message of the movie is if you stick in there you can accomplish anything. And it wasnt just a movie... it was a true story.</body> 
 </post> 
<post id= "MS_28839_48974399"> 
<user id ="MS_320148833"> 
	 <username>â Jennâ </username> 
	 <sex>F</sex> 
	 <age>28</age> 
	 <city>SACRAMENTO</city> 
	 <province>California</province> 
	 <country>US</country> 
	 </user> 
<date>1220380320</date> 
 <body>   I love you.</body> 
 </post> 
<post id= "MS_28839_48974524"> 
<user id ="MS_3420865"> 
	 <username>thatDUDEchris</username> 
	 <sex>M</sex> 
	 <age>24</age> 
	 <city>RANCHO CUCAMONGA</city> 
	 <province>California</province> 
	 <country>US</country> 
	 </user> 
<date>1220380440</date> 
 <body>jenna loves jack ..... :( my life suks</body> 
 </post> 
</posts>