<?xml version="1.0" encoding="UTF-8"?> 
 <posts> 
<post id= "MS_28839_48974259"> 
<user id ="MS_401728854"> 
	 <username>83 (getting banned, my anti-drug?)</username> 
	 <sex>F</sex> 
	 <age>16</age> 
	 <city>TO</city> 
	 <province></province> 
	 <country></country> 
	 </user> 
<date>1220380200</date> 
 <body>you are not 27 are you</body> 
 </post> 
<post id= "MS_28839_48974366"> 
<user id ="MS_398694295"> 
	 <username>Jacks smirking revenge</username> 
	 <sex>M</sex> 
	 <age>29</age> 
	 <city>where the beer flows like wine</city> 
	 <province>California</province> 
	 <country>US</country> 
	 </user> 
<date>1220380260</date> 
 <body> maybe in Missouri. My life rocks.</body> 
 </post> 
<post id= "MS_28839_48974380"> 
<user id ="MS_320148833"> 
	 <username>â Jennâ </username> 
	 <sex>F</sex> 
	 <age>28</age> 
	 <city>SACRAMENTO</city> 
	 <province>California</province> 
	 <country>US</country> 
	 </user> 
<date>1220380320</date> 
 <body>  The message of the movie is if you stick in there you can accomplish anything. And it wasnt just a movie... it was a true story.</body> 
 </post> 
<post id= "MS_28839_48974399"> 
<user id ="MS_320148833"> 
	 <username>â Jennâ </username> 
	 <sex>F</sex> 
	 <age>28</age> 
	 <city>SACRAMENTO</city> 
	 <province>California</province> 
	 <country>US</country> 
	 </user> 
<date>1220380320</date> 
 <body>   I love you.</body> 
 </post> 
<post id= "MS_28839_48974524"> 
<user id ="MS_3420865"> 
	 <username>thatDUDEchris</username> 
	 <sex>M</sex> 
	 <age>24</age> 
	 <city>RANCHO CUCAMONGA</city> 
	 <province>California</province> 
	 <country>US</country> 
	 </user> 
<date>1220380440</date> 
 <body>jenna loves jack ..... :( my life suks</body> 
 </post> 
<post id= "MS_28839_48974585"> 
<user id ="MS_380406780"> 
	 <username>Savannah!!!!</username> 
	 <sex>F</sex> 
	 <age>14</age> 
	 <city>DE SOTO</city> 
	 <province>Missouri</province> 
	 <country>US</country> 
	 </user> 
<date>1220380500</date> 
 <body>lol no way im not 27 im 14.....</body> 
 </post> 
<post id= "MS_28839_48974729"> 
<user id ="MS_320148833"> 
	 <username>â Jennâ </username> 
	 <sex>F</sex> 
	 <age>28</age> 
	 <city>SACRAMENTO</city> 
	 <province>California</province> 
	 <country>US</country> 
	 </user> 
<date>1220380680</date> 
 <body>I love Chris too.</body> 
 </post> 
<post id= "MS_28839_48975140"> 
<user id ="MS_3420865"> 
	 <username>thatDUDEchris</username> 
	 <sex>M</sex> 
	 <age>24</age> 
	 <city>RANCHO CUCAMONGA</city> 
	 <province>California</province> 
	 <country>US</country> 
	 </user> 
<date>1220381160</date> 
 <body>yay!!!</body> 
 </post> 
<post id= "MS_28839_48975454"> 
<user id ="MS_398694295"> 
	 <username>Jacks smirking revenge</username> 
	 <sex>M</sex> 
	 <age>29</age> 
	 <city>where the beer flows like wine</city> 
	 <province>California</province> 
	 <country>US</country> 
	 </user> 
<date>1220381460</date> 
 <body> you just want my 14in internet penor.</body> 
 </post> 
<post id= "MS_28839_48975611"> 
<user id ="MS_3420865"> 
	 <username>thatDUDEchris</username> 
	 <sex>M</sex> 
	 <age>24</age> 
	 <city>RANCHO CUCAMONGA</city> 
	 <province>California</province> 
	 <country>US</country> 
	 </user> 
<date>1220381640</date> 
 <body>the meaning of life!!!!!</body> 
 </post> 
</posts>