<?xml version="1.0" encoding="UTF-8"?> 
 <posts> 
<post id= "MS_28839_48974585"> 
<user id ="MS_380406780"> 
	 <username>Savannah!!!!</username> 
	 <sex>F</sex> 
	 <age>14</age> 
	 <city>DE SOTO</city> 
	 <province>Missouri</province> 
	 <country>US</country> 
	 </user> 
<date>1220380500</date> 
 <body>lol no way im not 27 im 14.....</body> 
 </post> 
<post id= "MS_28839_48974729"> 
<user id ="MS_320148833"> 
	 <username>â Jennâ </username> 
	 <sex>F</sex> 
	 <age>28</age> 
	 <city>SACRAMENTO</city> 
	 <province>California</province> 
	 <country>US</country> 
	 </user> 
<date>1220380680</date> 
 <body>I love Chris too.</body> 
 </post> 
<post id= "MS_28839_48975140"> 
<user id ="MS_3420865"> 
	 <username>thatDUDEchris</username> 
	 <sex>M</sex> 
	 <age>24</age> 
	 <city>RANCHO CUCAMONGA</city> 
	 <province>California</province> 
	 <country>US</country> 
	 </user> 
<date>1220381160</date> 
 <body>yay!!!</body> 
 </post> 
<post id= "MS_28839_48975454"> 
<user id ="MS_398694295"> 
	 <username>Jacks smirking revenge</username> 
	 <sex>M</sex> 
	 <age>29</age> 
	 <city>where the beer flows like wine</city> 
	 <province>California</province> 
	 <country>US</country> 
	 </user> 
<date>1220381460</date> 
 <body> you just want my 14in internet penor.</body> 
 </post> 
<post id= "MS_28839_48975611"> 
<user id ="MS_3420865"> 
	 <username>thatDUDEchris</username> 
	 <sex>M</sex> 
	 <age>24</age> 
	 <city>RANCHO CUCAMONGA</city> 
	 <province>California</province> 
	 <country>US</country> 
	 </user> 
<date>1220381640</date> 
 <body>the meaning of life!!!!!</body> 
 </post> 
<post id= "MS_28839_48975730"> 
<user id ="MS_117412665"> 
	 <username>The Ninja formerly known as James</username> 
	 <sex>M</sex> 
	 <age>32</age> 
	 <city>BELLEVUE</city> 
	 <province>NEBRASKA</province> 
	 <country>US</country> 
	 </user> 
<date>1220381760</date> 
 <body>All we are is just dust in the wind, dude.  </body> 
 </post> 
<post id= "MS_28839_48975873"> 
<user id ="MS_320148833"> 
	 <username>â Jennâ </username> 
	 <sex>F</sex> 
	 <age>28</age> 
	 <city>SACRAMENTO</city> 
	 <province>California</province> 
	 <country>US</country> 
	 </user> 
<date>1220381940</date> 
 <body>  QFT</body> 
 </post> 
<post id= "MS_28839_48976110"> 
<user id ="MS_3420865"> 
	 <username>thatDUDEchris</username> 
	 <sex>M</sex> 
	 <age>24</age> 
	 <city>RANCHO CUCAMONGA</city> 
	 <province>California</province> 
	 <country>US</country> 
	 </user> 
<date>1220382240</date> 
 <body>ok what does qft mean?</body> 
 </post> 
<post id= "MS_28839_48976190"> 
<user id ="MS_320148833"> 
	 <username>â Jennâ </username> 
	 <sex>F</sex> 
	 <age>28</age> 
	 <city>SACRAMENTO</city> 
	 <province>California</province> 
	 <country>US</country> 
	 </user> 
<date>1220382300</date> 
 <body>  Quoted for truth</body> 
 </post> 
<post id= "MS_28839_48976220"> 
<user id ="MS_3420865"> 
	 <username>thatDUDEchris</username> 
	 <sex>M</sex> 
	 <age>24</age> 
	 <city>RANCHO CUCAMONGA</city> 
	 <province>California</province> 
	 <country>US</country> 
	 </user> 
<date>1220382360</date> 
 <body>ooohh</body> 
 </post> 
</posts>