<?xml version="1.0" encoding="UTF-8"?> 
 <posts> 
<post id= "MS_28839_48977060"> 
<user id ="MS_320148833"> 
	 <username>â Jennâ </username> 
	 <sex>F</sex> 
	 <age>28</age> 
	 <city>SACRAMENTO</city> 
	 <province>California</province> 
	 <country>US</country> 
	 </user> 
<date>1220383440</date> 
 <body>   Idk. Not a big deal for me. I would rather adopt. Im too busy collecting toys at this moment.</body> 
 </post> 
<post id= "MS_28839_48977095"> 
<user id ="MS_320148833"> 
	 <username>â Jennâ </username> 
	 <sex>F</sex> 
	 <age>28</age> 
	 <city>SACRAMENTO</city> 
	 <province>California</province> 
	 <country>US</country> 
	 </user> 
<date>1220383500</date> 
 <body>  That really only applies to men. Unless you mean your legacy or blood line.</body> 
 </post> 
<post id= "MS_28839_48977119"> 
<user id ="MS_158512037"> 
	 <username>Î¶Î©ÎÎ²ÎÎµ</username> 
	 <sex>M</sex> 
	 <age>34</age> 
	 <city>Î²Î¼ÏÏÂ§ÎµÏÂ³</city> 
	 <province></province> 
	 <country>YE</country> 
	 </user> 
<date>1220383560</date> 
 <body>toys = win.</body> 
 </post> 
<post id= "MS_28839_48977249"> 
<user id ="MS_398694295"> 
	 <username>Jacks smirking revenge</username> 
	 <sex>M</sex> 
	 <age>29</age> 
	 <city>where the beer flows like wine</city> 
	 <province>California</province> 
	 <country>US</country> 
	 </user> 
<date>1220383740</date> 
 <body> toys are win. so is freedom.</body> 
 </post> 
<post id= "MS_28839_48979416"> 
<user id ="MS_248980907"> 
	 <username>: SPÃ£Å¸CTRE :</username> 
	 <sex>M</sex> 
	 <age>20</age> 
	 <city>(For Now)</city> 
	 <province>Texas</province> 
	 <country>US</country> 
	 </user> 
<date>1220386800</date> 
 <body>  42.</body> 
 </post> 
<post id= "MS_28839_48984474"> 
<user id ="MS_78172673"> 
	 <username>Lance J. M.~Son of the Shamrock~</username> 
	 <sex>M</sex> 
	 <age>16</age> 
	 <city>District X</city> 
	 <province>Tennessee</province> 
	 <country>US</country> 
	 </user> 
<date>1220398380</date> 
 <body>  Jen is right. If you wanna know my reason, then message me. But this is the movie forum, and we discuss movies ((even though there are some game threads in here that have nothing to do with movies))</body> 
 </post> 
<post id= "MS_28839_48995521"> 
<user id ="MS_117412665"> 
	 <username>The Ninja formerly known as James</username> 
	 <sex>M</sex> 
	 <age>32</age> 
	 <city>BELLEVUE</city> 
	 <province>NEBRASKA</province> 
	 <country>US</country> 
	 </user> 
<date>1220423220</date> 
 <body>     </body> 
 </post> 
<post id= "MS_28839_48997490"> 
<user id ="MS_290235551"> 
	 <username>the good,the bad and the fugly</username> 
	 <sex>M</sex> 
	 <age>32</age> 
	 <city>WOODSIDE</city> 
	 <province>New York</province> 
	 <country>US</country> 
	 </user> 
<date>1220425860</date> 
 <body>the meaning of life is to piss on everybody's good time.</body> 
 </post> 
<post id= "MS_28839_49042857"> 
<user id ="MS_378602537"> 
	 <username>daniel (the magic one)</username> 
	 <sex>M</sex> 
	 <age>15</age> 
	 <city>SCHENECTADY</city> 
	 <province>New York</province> 
	 <country>US</country> 
	 </user> 
<date>1220514600</date> 
 <body>heheh the meaning of life differs person to person to christians its to spread the word of God trying to get as many people as possible to come to know the lord the meaning of life to whores and sluts is have as much sex as possible. but the only true meaning to life is have as much fun as possible no matter what it is. and you cant disagree with that because everything you do is based on what feels good and what makes you happy. so savannah did i answer your quistion? ahaha</body> 
 </post> 
<post id= "MS_28839_49043241"> 
<user id ="MS_401127737"> 
	 <username>AsÃ¢â¬Â ÃÂ¯oÃ¢ËÂ Creep</username> 
	 <sex>M</sex> 
	 <age>18</age> 
	 <city>NEW YORK</city> 
	 <province>New York</province> 
	 <country>US</country> 
	 </user> 
<date>1220515140</date> 
 <body>SEX!</body> 
 </post> 
</posts>