<?xml version="1.0" encoding="UTF-8"?> 
 <posts> 
<post id= "MS_28839_48976263"> 
<user id ="MS_119944990"> 
	 <username>Johnnie</username> 
	 <sex>M</sex> 
	 <age>28</age> 
	 <city>D8ton</city> 
	 <province>Ohio</province> 
	 <country>US</country> 
	 </user> 
<date>1220382420</date> 
 <body>The meaning of life?  The meaning of life is to make babies... That's about it ;)</body> 
 </post> 
<post id= "MS_28839_48976287"> 
<user id ="MS_320148833"> 
	 <username>â Jennâ </username> 
	 <sex>F</sex> 
	 <age>28</age> 
	 <city>SACRAMENTO</city> 
	 <province>California</province> 
	 <country>US</country> 
	 </user> 
<date>1220382420</date> 
 <body>  What if you are sterile?</body> 
 </post> 
<post id= "MS_28839_48976310"> 
<user id ="MS_401728854"> 
	 <username>83 (getting banned, my anti-drug?)</username> 
	 <sex>F</sex> 
	 <age>16</age> 
	 <city>TO</city> 
	 <province></province> 
	 <country></country> 
	 </user> 
<date>1220382480</date> 
 <body>  yr cute</body> 
 </post> 
<post id= "MS_28839_48976356"> 
<user id ="MS_401728854"> 
	 <username>83 (getting banned, my anti-drug?)</username> 
	 <sex>F</sex> 
	 <age>16</age> 
	 <city>TO</city> 
	 <province></province> 
	 <country></country> 
	 </user> 
<date>1220382540</date> 
 <body>  sauce of image in sig</body> 
 </post> 
<post id= "MS_28839_48976369"> 
<user id ="MS_398694295"> 
	 <username>Jacks smirking revenge</username> 
	 <sex>M</sex> 
	 <age>29</age> 
	 <city>where the beer flows like wine</city> 
	 <province>California</province> 
	 <country>US</country> 
	 </user> 
<date>1220382540</date> 
 <body> no child support.</body> 
 </post> 
<post id= "MS_28839_48976462"> 
<user id ="MS_158512037"> 
	 <username>Î¶Î©ÎÎ²ÎÎµ</username> 
	 <sex>M</sex> 
	 <age>34</age> 
	 <city>Î²Î¼ÏÏÂ§ÎµÏÂ³</city> 
	 <province></province> 
	 <country>YE</country> 
	 </user> 
<date>1220382660</date> 
 <body>  it's from Kataude mashin garu. (The Machine Girl)</body> 
 </post> 
<post id= "MS_28839_48976471"> 
<user id ="MS_320148833"> 
	 <username>â Jennâ </username> 
	 <sex>F</sex> 
	 <age>28</age> 
	 <city>SACRAMENTO</city> 
	 <province>California</province> 
	 <country>US</country> 
	 </user> 
<date>1220382660</date> 
 <body>  More toys!</body> 
 </post> 
<post id= "MS_28839_48976524"> 
<user id ="MS_158512037"> 
	 <username>Î¶Î©ÎÎ²ÎÎµ</username> 
	 <sex>M</sex> 
	 <age>34</age> 
	 <city>Î²Î¼ÏÏÂ§ÎµÏÂ³</city> 
	 <province></province> 
	 <country>YE</country> 
	 </user> 
<date>1220382780</date> 
 <body></body> 
 </post> 
<post id= "MS_28839_48976781"> 
<user id ="MS_119944990"> 
	 <username>Johnnie</username> 
	 <sex>M</sex> 
	 <age>28</age> 
	 <city>D8ton</city> 
	 <province>Ohio</province> 
	 <country>US</country> 
	 </user> 
<date>1220383080</date> 
 <body>  Ummmm... Never thought of that ;)</body> 
 </post> 
<post id= "MS_28839_48976809"> 
<user id ="MS_320148833"> 
	 <username>â Jennâ </username> 
	 <sex>F</sex> 
	 <age>28</age> 
	 <city>SACRAMENTO</city> 
	 <province>California</province> 
	 <country>US</country> 
	 </user> 
<date>1220383140</date> 
 <body>  I think I might be; that's why I'm asking.</body> 
 </post> 
</posts>