<?xml version="1.0" encoding="UTF-8"?> 
 <posts> 
<post id= "MS_28839_48975611"> 
<user id ="MS_3420865"> 
	 <username>thatDUDEchris</username> 
	 <sex>M</sex> 
	 <age>24</age> 
	 <city>RANCHO CUCAMONGA</city> 
	 <province>California</province> 
	 <country>US</country> 
	 </user> 
<date>1220381640</date> 
 <body>the meaning of life!!!!!</body> 
 </post> 
<post id= "MS_28839_48975730"> 
<user id ="MS_117412665"> 
	 <username>The Ninja formerly known as James</username> 
	 <sex>M</sex> 
	 <age>32</age> 
	 <city>BELLEVUE</city> 
	 <province>NEBRASKA</province> 
	 <country>US</country> 
	 </user> 
<date>1220381760</date> 
 <body>All we are is just dust in the wind, dude.  </body> 
 </post> 
<post id= "MS_28839_48975873"> 
<user id ="MS_320148833"> 
	 <username>â Jennâ </username> 
	 <sex>F</sex> 
	 <age>28</age> 
	 <city>SACRAMENTO</city> 
	 <province>California</province> 
	 <country>US</country> 
	 </user> 
<date>1220381940</date> 
 <body>  QFT</body> 
 </post> 
<post id= "MS_28839_48976110"> 
<user id ="MS_3420865"> 
	 <username>thatDUDEchris</username> 
	 <sex>M</sex> 
	 <age>24</age> 
	 <city>RANCHO CUCAMONGA</city> 
	 <province>California</province> 
	 <country>US</country> 
	 </user> 
<date>1220382240</date> 
 <body>ok what does qft mean?</body> 
 </post> 
<post id= "MS_28839_48976190"> 
<user id ="MS_320148833"> 
	 <username>â Jennâ </username> 
	 <sex>F</sex> 
	 <age>28</age> 
	 <city>SACRAMENTO</city> 
	 <province>California</province> 
	 <country>US</country> 
	 </user> 
<date>1220382300</date> 
 <body>  Quoted for truth</body> 
 </post> 
<post id= "MS_28839_48976220"> 
<user id ="MS_3420865"> 
	 <username>thatDUDEchris</username> 
	 <sex>M</sex> 
	 <age>24</age> 
	 <city>RANCHO CUCAMONGA</city> 
	 <province>California</province> 
	 <country>US</country> 
	 </user> 
<date>1220382360</date> 
 <body>ooohh</body> 
 </post> 
<post id= "MS_28839_48976250"> 
<user id ="MS_158512037"> 
	 <username>Î¶Î©ÎÎ²ÎÎµ</username> 
	 <sex>M</sex> 
	 <age>34</age> 
	 <city>Î²Î¼ÏÏÂ§ÎµÏÂ³</city> 
	 <province></province> 
	 <country>YE</country> 
	 </user> 
<date>1220382360</date> 
 <body>the one with the most toys wins.  /thread.</body> 
 </post> 
<post id= "MS_28839_48976263"> 
<user id ="MS_119944990"> 
	 <username>Johnnie</username> 
	 <sex>M</sex> 
	 <age>28</age> 
	 <city>D8ton</city> 
	 <province>Ohio</province> 
	 <country>US</country> 
	 </user> 
<date>1220382420</date> 
 <body>The meaning of life?  The meaning of life is to make babies... That's about it ;)</body> 
 </post> 
<post id= "MS_28839_48976287"> 
<user id ="MS_320148833"> 
	 <username>â Jennâ </username> 
	 <sex>F</sex> 
	 <age>28</age> 
	 <city>SACRAMENTO</city> 
	 <province>California</province> 
	 <country>US</country> 
	 </user> 
<date>1220382420</date> 
 <body>  What if you are sterile?</body> 
 </post> 
<post id= "MS_28839_48976310"> 
<user id ="MS_401728854"> 
	 <username>83 (getting banned, my anti-drug?)</username> 
	 <sex>F</sex> 
	 <age>16</age> 
	 <city>TO</city> 
	 <province></province> 
	 <country></country> 
	 </user> 
<date>1220382480</date> 
 <body>  yr cute</body> 
 </post> 
</posts>