<?xml version="1.0" encoding="UTF-8"?> 
 <posts> 
<post id= "MS_11095_49099349"> 
<user id ="MS_155282312"> 
	 <username>Swim fish! Swim!</username> 
	 <sex>M</sex> 
	 <age>36</age> 
	 <city>Glasgow</city> 
	 <province>Scotland</province> 
	 <country>UK</country> 
	 </user> 
<date>1220607120</date> 
 <body>After the referendum that can be changed. I want a republic and i don't think sending William to St Andrews constitutes a claim on Scottish sovereignty post independence!</body> 
 </post> 
<post id= "MS_11095_49099355"> 
<user id ="MS_392244934"> 
	 <username>Goat vs. Sheep vs. Sheeple</username> 
	 <sex>M</sex> 
	 <age>23</age> 
	 <city>OMAHA</city> 
	 <province>Nebraska</province> 
	 <country>US</country> 
	 </user> 
<date>1220607180</date> 
 <body></body> 
 </post> 
<post id= "MS_11095_49203971"> 
<user id ="MS_226698859"> 
	 <username>George Dunning</username> 
	 <sex>M</sex> 
	 <age>19</age> 
	 <city>UK</city> 
	 <province></province> 
	 <country></country> 
	 </user> 
<date>1220789820</date> 
 <body>  Now, from my limited knowledge of internet chat terms, I gather that "GTFO" stands quite simply for "Get The Fuck Off".</body> 
 </post> 
<post id= "MS_11095_49629288"> 
<user id ="MS_226698859"> 
	 <username>George Dunning</username> 
	 <sex>M</sex> 
	 <age>19</age> 
	 <city>UK</city> 
	 <province></province> 
	 <country></country> 
	 </user> 
<date>1221486420</date> 
 <body>  Am I right?</body> 
 </post> 
<post id= "MS_11095_49930869"> 
<user id ="MS_226698859"> 
	 <username>George Dunning</username> 
	 <sex>M</sex> 
	 <age>19</age> 
	 <city>UK</city> 
	 <province></province> 
	 <country></country> 
	 </user> 
<date>1222003860</date> 
 <body>  Answer came there none.</body> 
 </post> 
<post id= "MS_11095_49945113"> 
<user id ="MS_21558879"> 
	 <username>The One who is greatly underestimated</username> 
	 <sex>M</sex> 
	 <age>20</age> 
	 <city>Stockton</city> 
	 <province>California</province> 
	 <country>US</country> 
	 </user> 
<date>1222025160</date> 
 <body>Wrong. It's "Get The Fuck Out", not "Get The Fuck Off".</body> 
 </post> 
<post id= "MS_11095_49969261"> 
<user id ="MS_226698859"> 
	 <username>George Dunning</username> 
	 <sex>M</sex> 
	 <age>19</age> 
	 <city>UK</city> 
	 <province></province> 
	 <country></country> 
	 </user> 
<date>1222074780</date> 
 <body>  I see.  I stand corrected.  Now that little mystery is solved, let's get onto the second: "Why was such a term used in this thread in response to my post?"</body> 
 </post> 
<post id= "MS_11095_50225217"> 
<user id ="MS_7206379"> 
	 <username>Jock MacAbre</username> 
	 <sex>M</sex> 
	 <age>22</age> 
	 <city>St Helens,</city> 
	 <province>Northwest</province> 
	 <country>UK</country> 
	 </user> 
<date>1222495800</date> 
 <body>  Because your full of shit, and have no idea what you are talking about GTFO!!!</body> 
 </post> 
<post id= "MS_11095_50225993"> 
<user id ="MS_90278368"> 
	 <username>Rob</username> 
	 <sex>M</sex> 
	 <age>29</age> 
	 <city>Colchester</city> 
	 <province>East</province> 
	 <country>UK</country> 
	 </user> 
<date>1222497060</date> 
 <body>I'm probably going to get flamed for this........    Scotland benefits more from Public Spending then the South East. We may benefit from Scottish oil but they benefit from our taxes.</body> 
 </post> 
<post id= "MS_11095_50226837"> 
<user id ="MS_87412542"> 
	 <username>Seán</username> 
	 <sex>M</sex> 
	 <age>27</age> 
	 <city>Cork</city> 
	 <province>CORK</province> 
	 <country>IE</country> 
	 </user> 
<date>1222498440</date> 
 <body>It gets less than Wales or nothern Ireland though.  Interesting map, if i ever go to Britain, i wont be staying in London or the south east :P</body> 
 </post> 
</posts>