<?xml version="1.0" encoding="UTF-8"?> 
 <posts> 
<post id= "MS_11095_50226837"> 
<user id ="MS_87412542"> 
	 <username>Seán</username> 
	 <sex>M</sex> 
	 <age>27</age> 
	 <city>Cork</city> 
	 <province>CORK</province> 
	 <country>IE</country> 
	 </user> 
<date>1222498440</date> 
 <body>It gets less than Wales or nothern Ireland though.  Interesting map, if i ever go to Britain, i wont be staying in London or the south east :P</body> 
 </post> 
<post id= "MS_11095_50227929"> 
<user id ="MS_90278368"> 
	 <username>Rob</username> 
	 <sex>M</sex> 
	 <age>29</age> 
	 <city>Colchester</city> 
	 <province>East</province> 
	 <country>UK</country> 
	 </user> 
<date>1222500300</date> 
 <body>  It does point out that England isn't the only one to benefit from the Union. The South East might be the wealthiest part of the country, however it also pays most tax per head and spends less per head in public spending.</body> 
 </post> 
<post id= "MS_11095_50228735"> 
<user id ="MS_382628724"> 
	 <username>bob the bilderberger</username> 
	 <sex>M</sex> 
	 <age>23</age> 
	 <city>London</city> 
	 <province>East</province> 
	 <country>UK</country> 
	 </user> 
<date>1222501500</date> 
 <body>   i agree,  as for scottish oil, i doubt that they will be able to nationalise the oil, currently the profits get sent in londons direction but there is a lot of scottish financial interest down here so what is being proposed would essentially receive opposition from scottish business who would be loosing out to scottish politics  nevertheless, i believe the main problem is thatÂ the oil may be up there, but we own the technology to properly extract it  southerners get taxed to the hilt in proportion to what we get for our taxes,  whats happening with the credit crunch now is interesting  big business is coming under scrutony because of its corruption, but what the silent majority dont realise is that greedy london business is the only thing keeping this country going at the moment, if the banks flop then we can fall back on our steel works or engineering, we have a global economy and apart from business, britain has nothing of great significance to offer  its said that we are now a service economy but i think that is just a political buzz term for fucc all, in an age of mass outsourcing of our services, i think its a bit of orwellian double think</body> 
 </post> 
<post id= "MS_11095_50250003"> 
<user id ="MS_226698859"> 
	 <username>George Dunning</username> 
	 <sex>M</sex> 
	 <age>19</age> 
	 <city>UK</city> 
	 <province></province> 
	 <country></country> 
	 </user> 
<date>1222532880</date> 
 <body>  It's quite amazing how rude some people can be.  My first post said "Discuss" with the title asking a question, not making a statement. If I made a blatant statement then that would warrant your abuse, which is quite easy to dish out considering you've got a computer to hide behind.  I would carry this on but knowing how people behave online you'll most probably either...  1) Make some trashy comment based on insults that can't be backed up.  2) Start twisting my words round so it makes out I've meant something else.  3) Just play dumb and pretend you don't understand what I said even though you did. All because you can't think of a response that doesn't feature the 3 usual responses I've listed here.  It's all predictable.  LOL.</body> 
 </post> 
<post id= "MS_11095_50290375"> 
<user id ="MS_7206379"> 
	 <username>Jock MacAbre</username> 
	 <sex>M</sex> 
	 <age>22</age> 
	 <city>St Helens,</city> 
	 <province>Northwest</province> 
	 <country>UK</country> 
	 </user> 
<date>1222606560</date> 
 <body>  So you know 'LOL', but not 'GTFO'?</body> 
 </post> 
<post id= "MS_11095_50294142"> 
<user id ="MS_226698859"> 
	 <username>George Dunning</username> 
	 <sex>M</sex> 
	 <age>19</age> 
	 <city>UK</city> 
	 <province></province> 
	 <country></country> 
	 </user> 
<date>1222612200</date> 
 <body>Or maybe the 4th option which is to change the subject entirely.  Interesting you mention it though. Yep, until now I did know LOL but not GTFO. But then again I know the Spanish for "Hello", but without knowing the whole Spanish language.</body> 
 </post> 
<post id= "MS_11095_50316826"> 
<user id ="MS_7206379"> 
	 <username>Jock MacAbre</username> 
	 <sex>M</sex> 
	 <age>22</age> 
	 <city>St Helens,</city> 
	 <province>Northwest</province> 
	 <country>UK</country> 
	 </user> 
<date>1222651980</date> 
 <body>  I didnt change the subject, i merely gave you 3 other subjects to take exception to.</body> 
 </post> 
<post id= "MS_11095_50322664"> 
<user id ="MS_406181688"> 
	 <username>Keith</username> 
	 <sex>M</sex> 
	 <age>27</age> 
	 <city>Massachusetts</city> 
	 <province></province> 
	 <country>US</country> 
	 </user> 
<date>1222666800</date> 
 <body>To answer the question... based on the map posted in the thread it's obvious the southeast is not receiving the same percentage of taxes. I'm guessing that the southeast financially speaking is wealthier than the northern parts. It is fashionable for wealthy people to donate to charities. It is possible that whatever taxes they have less of in comparison with the other parts are compensated for by people donated to various charities such as privately funded soup kitchens and other things of that nature. Now in saying all that I said I was not implying that all public services are necessarily necessary and in writing what was just written previously in this sentence I was not saying whether or not I disagree with various public services being funded.</body> 
 </post> 
<post id= "MS_11095_50341780"> 
<user id ="MS_226698859"> 
	 <username>George Dunning</username> 
	 <sex>M</sex> 
	 <age>19</age> 
	 <city>UK</city> 
	 <province></province> 
	 <country></country> 
	 </user> 
<date>1222691820</date> 
 <body>  My thought is why did you have to say GTFO. Could you not simply talk to me instead of insult me?  Sheltered background? You really know nothing about me, do you?</body> 
 </post> 
<post id= "MS_11095_50370886"> 
<user id ="MS_7206379"> 
	 <username>Jock MacAbre</username> 
	 <sex>M</sex> 
	 <age>22</age> 
	 <city>St Helens,</city> 
	 <province>Northwest</province> 
	 <country>UK</country> 
	 </user> 
<date>1222741980</date> 
 <body></body> 
 </post> 
</posts>