<?xml version="1.0" encoding="UTF-8"?> 
 <posts> 
<post id= "MS_11095_49098969"> 
<user id ="MS_7206379"> 
	 <username>Jock MacAbre</username> 
	 <sex>M</sex> 
	 <age>22</age> 
	 <city>St Helens,</city> 
	 <province>Northwest</province> 
	 <country>UK</country> 
	 </user> 
<date>1220606580</date> 
 <body>The South is the only part that benefits from North Sea oil. GTFO!</body> 
 </post> 
<post id= "MS_11095_49099055"> 
<user id ="MS_155282312"> 
	 <username>Swim fish! Swim!</username> 
	 <sex>M</sex> 
	 <age>36</age> 
	 <city>Glasgow</city> 
	 <province>Scotland</province> 
	 <country>UK</country> 
	 </user> 
<date>1220606700</date> 
 <body>It's going to get a whole lot worse when Scotland gets independence and takes control of it's oil.</body> 
 </post> 
<post id= "MS_11095_49099225"> 
<user id ="MS_7206379"> 
	 <username>Jock MacAbre</username> 
	 <sex>M</sex> 
	 <age>22</age> 
	 <city>St Helens,</city> 
	 <province>Northwest</province> 
	 <country>UK</country> 
	 </user> 
<date>1220606940</date> 
 <body></body> 
 </post> 
<post id= "MS_11095_49099333"> 
<user id ="MS_7206379"> 
	 <username>Jock MacAbre</username> 
	 <sex>M</sex> 
	 <age>22</age> 
	 <city>St Helens,</city> 
	 <province>Northwest</province> 
	 <country>UK</country> 
	 </user> 
<date>1220607120</date> 
 <body>   Well i hope Scotlands oil is actually secured in the constitutional settlement. Alex Salmond has already conceded that the fucking royals will still be Scotlands head of state after independence. Who knows what other concessions that twat might end up making.</body> 
 </post> 
<post id= "MS_11095_49099349"> 
<user id ="MS_155282312"> 
	 <username>Swim fish! Swim!</username> 
	 <sex>M</sex> 
	 <age>36</age> 
	 <city>Glasgow</city> 
	 <province>Scotland</province> 
	 <country>UK</country> 
	 </user> 
<date>1220607120</date> 
 <body>After the referendum that can be changed. I want a republic and i don't think sending William to St Andrews constitutes a claim on Scottish sovereignty post independence!</body> 
 </post> 
<post id= "MS_11095_49099355"> 
<user id ="MS_392244934"> 
	 <username>Goat vs. Sheep vs. Sheeple</username> 
	 <sex>M</sex> 
	 <age>23</age> 
	 <city>OMAHA</city> 
	 <province>Nebraska</province> 
	 <country>US</country> 
	 </user> 
<date>1220607180</date> 
 <body></body> 
 </post> 
<post id= "MS_11095_49203971"> 
<user id ="MS_226698859"> 
	 <username>George Dunning</username> 
	 <sex>M</sex> 
	 <age>19</age> 
	 <city>UK</city> 
	 <province></province> 
	 <country></country> 
	 </user> 
<date>1220789820</date> 
 <body>  Now, from my limited knowledge of internet chat terms, I gather that "GTFO" stands quite simply for "Get The Fuck Off".</body> 
 </post> 
<post id= "MS_11095_49629288"> 
<user id ="MS_226698859"> 
	 <username>George Dunning</username> 
	 <sex>M</sex> 
	 <age>19</age> 
	 <city>UK</city> 
	 <province></province> 
	 <country></country> 
	 </user> 
<date>1221486420</date> 
 <body>  Am I right?</body> 
 </post> 
<post id= "MS_11095_49930869"> 
<user id ="MS_226698859"> 
	 <username>George Dunning</username> 
	 <sex>M</sex> 
	 <age>19</age> 
	 <city>UK</city> 
	 <province></province> 
	 <country></country> 
	 </user> 
<date>1222003860</date> 
 <body>  Answer came there none.</body> 
 </post> 
<post id= "MS_11095_49945113"> 
<user id ="MS_21558879"> 
	 <username>The One who is greatly underestimated</username> 
	 <sex>M</sex> 
	 <age>20</age> 
	 <city>Stockton</city> 
	 <province>California</province> 
	 <country>US</country> 
	 </user> 
<date>1222025160</date> 
 <body>Wrong. It's "Get The Fuck Out", not "Get The Fuck Off".</body> 
 </post> 
</posts>