<?xml version="1.0" encoding="UTF-8"?> 
 <posts> 
<post id= "MS_10693_51130739"> 
<user id ="MS_2698434"> 
	 <username>Adam</username> 
	 <sex>M</sex> 
	 <age>26</age> 
	 <city>St. Louis</city> 
	 <province>Missouri</province> 
	 <country>US</country> 
	 </user> 
<date>1223990340</date> 
 <body>*above post is to Preston</body> 
 </post> 
<post id= "MS_10693_51131912"> 
<user id ="MS_3449431"> 
	 <username>Pre$ton</username> 
	 <sex>M</sex> 
	 <age>36</age> 
	 <city>Bel Air</city> 
	 <province>California</province> 
	 <country>US</country> 
	 </user> 
<date>1223991780</date> 
 <body>  You need to show that they did in order for me to be concerned... I don't jump to conclusions without evidence.</body> 
 </post> 
<post id= "MS_10693_51136447"> 
<user id ="MS_2698434"> 
	 <username>Adam</username> 
	 <sex>M</sex> 
	 <age>26</age> 
	 <city>St. Louis</city> 
	 <province>Missouri</province> 
	 <country>US</country> 
	 </user> 
<date>1223997720</date> 
 <body>well from your article  "Fannie, the Federal National Mortgage Association, and Freddie, the Federal Home Loan Mortgage Corp., don't lend money, to minorities or anyone else, however. They purchase loans from the private lenders who actually underwrite the loans."  -like I've been saying.  combine that with:  "Fannie and Freddie went from holding a high of 48 percent of the subprime loans that were sold into the secondary market to holding about 24 percent"  -which i earlier explained is a huge amount of risky debt to hold. Especially if you're bundling all these mortgages together and selling them off as bonds. Fannie and Freddie were whats known as GSE's (government sponsored enterprise). A problem with GSE's is that many investors like AIG, Lehman Brothers, China, banks, etc. view debt issued by GSE's as risk free because they think the government wont allow the debt to default. Essentially, GSE debt ended up being viewed as Treasury debt with higher return and the same risk. Turns out that wasn't the case now all this debt issued by GSE's has questionable value and its making everything go to shit.  In the end it looks like your article was written by somebody who doesn't know how this whole system works.</body> 
 </post> 
<post id= "MS_10693_51138328"> 
<user id ="MS_3449431"> 
	 <username>Pre$ton</username> 
	 <sex>M</sex> 
	 <age>36</age> 
	 <city>Bel Air</city> 
	 <province>California</province> 
	 <country>US</country> 
	 </user> 
<date>1224001260</date> 
 <body>  Still waiting....</body> 
 </post> 
<post id= "MS_10693_51139356"> 
<user id ="MS_2698434"> 
	 <username>Adam</username> 
	 <sex>M</sex> 
	 <age>26</age> 
	 <city>St. Louis</city> 
	 <province>Missouri</province> 
	 <country>US</country> 
	 </user> 
<date>1224002760</date> 
 <body>Obviously, you have no idea how the mortgage markets worked. What benefit would it be for Joe Lender to hold on to a loan he knows will go bad? Fannie Mae and Freddie Mac acting as intermediaries between the lenders and the overall secondary mortgage market facilitated this entire situation.  The article itself says that 24% of Fannie and Freddie's assets were subprime. Percents are ratios. 84% of the total sub prime loans made is not calculated from the same total number that 24% was derived from.  Do you need proof that Fannie and Freddie buy mortgages and sell them on the secondary market?  Here from Fannie Mae's website, "Fannie Mae operates in the U.S. secondary mortgage market. Rather than making home loans directly with consumers, we work with mortgage bankers, brokers, and other primary mortgage market partners to help ensure they have funds to lend to home buyers at affordable rates. We fund our mortgage investments primarily by issuing debt securities in the domestic and international capital markets."  I can't find an actual figure stating how much of these private sector loans were actually sold to Fannie and Freddie. However, citing that Fannie doesn't make direct home loans to consumers they had to buy their sub prime holdings from somewhere. My guess is the private sector since thats where the mortgage bankers, brokers, and other primary mortgage market partners reside.</body> 
 </post> 
<post id= "MS_10693_51139769"> 
<user id ="MS_3449431"> 
	 <username>Pre$ton</username> 
	 <sex>M</sex> 
	 <age>36</age> 
	 <city>Bel Air</city> 
	 <province>California</province> 
	 <country>US</country> 
	 </user> 
<date>1224003300</date> 
 <body>You've proved nothing. You've made an assumption and jumped to a conclusion without evidence.... and that is all.</body> 
 </post> 
<post id= "MS_10693_51140027"> 
<user id ="MS_2698434"> 
	 <username>Adam</username> 
	 <sex>M</sex> 
	 <age>26</age> 
	 <city>St. Louis</city> 
	 <province>Missouri</province> 
	 <country>US</country> 
	 </user> 
<date>1224003600</date> 
 <body>So you're claiming the secondary mortgage market has nothing to do with this mess?</body> 
 </post> 
<post id= "MS_10693_51140387"> 
<user id ="MS_3449431"> 
	 <username>Pre$ton</username> 
	 <sex>M</sex> 
	 <age>36</age> 
	 <city>Bel Air</city> 
	 <province>California</province> 
	 <country>US</country> 
	 </user> 
<date>1224004020</date> 
 <body>  Fannie and Freddie went from holding half of all subprime loans that were sold into the secondary market to holding only a quarter of them (see the article I posted).  The reason? They were restricted by laws more than private institutions were.  The private institutions dominated the secondary mortgage market.... so, evidently you're confused.</body> 
 </post> 
<post id= "MS_10693_51141352"> 
<user id ="MS_2698434"> 
	 <username>Adam</username> 
	 <sex>M</sex> 
	 <age>26</age> 
	 <city>St. Louis</city> 
	 <province>Missouri</province> 
	 <country>US</country> 
	 </user> 
<date>1224005040</date> 
 <body>Yes, I've cited those figures. Think about it. Thats two giant institutions holding 24% of volatile debt, pooling it with other mortgages, and selling it off as safe with a wink that its backed by the U.S. government. Plus, these two companies didn't have the same transparency of information rules that other private companies were held to. That is a giant risk.  Although the remaining 76% is held privately. That 76% is probably split up between more than one or two organizations. That mitigates risk. Furthermore, when these private companies were pooling the mortgages they wouldn't be able imply that their bonds would be backed by the U.S. government.</body> 
 </post> 
<post id= "MS_10693_51141773"> 
<user id ="MS_2065305"> 
	 <username>The Jimi Homeless Experience</username> 
	 <sex>F</sex> 
	 <age>108</age> 
	 <city>Los Angeles</city> 
	 <province>California</province> 
	 <country>US</country> 
	 </user> 
<date>1224005580</date> 
 <body>The massive explosion of subprime lending was in the private sector... not F&F.... the numbers make it clear.  It was so massive in fact that it ate into F&F share of the secondary mortgage market.</body> 
 </post> 
</posts>