<?xml version="1.0" encoding="UTF-8"?> 
 <posts> 
<post id= "MS_8694_51800147"> 
<user id ="MS_23377261"> 
	 <username>THERIOT</username> 
	 <sex>M</sex> 
	 <age>19</age> 
	 <city>Lafayette</city> 
	 <province>Louisiana</province> 
	 <country>US</country> 
	 </user> 
<date>1225175640</date> 
 <body>Ha yea her speeches are written yet three McCain political consultants went on national television complaining that Palin was not giving the responses written for her..damn her for having a mind of her own..do you really believe that people who take chances and make something of themselves should give half of their earnings to the people who take advantage of the government handouts..please explain how that makes any sense..my father is a small business owner.. He worked for 15 years as a draftsman and project manager making just enough to support his three children and wife..He took advantage of the fact that he lives in the greatest country in the world and started his own business..it was only by the grace of god and a few good friends that he made it through the first years of business..His contracting business is now a corporation and he does make over 250k a year..he lives in a three bedroom 1k sq.foot home with his wife and I. pretty average..yet he pays %40 of what he makes in one year to the government to support the nigger sitting on the street with her three children on welfare..yea i guess you think thats "american"</body> 
 </post> 
<post id= "MS_8694_51800177"> 
<user id ="MS_191634299"> 
	 <username>Skull</username> 
	 <sex>M</sex> 
	 <age>100</age> 
	 <city>Illinois</city> 
	 <province></province> 
	 <country>US</country> 
	 </user> 
<date>1225175700</date> 
 <body>I think the news media is pushing Obama because they remember how many news papers sold during the Clinton Years...</body> 
 </post> 
<post id= "MS_8694_51800232"> 
<user id ="MS_23377261"> 
	 <username>THERIOT</username> 
	 <sex>M</sex> 
	 <age>19</age> 
	 <city>Lafayette</city> 
	 <province>Louisiana</province> 
	 <country>US</country> 
	 </user> 
<date>1225175820</date> 
 <body>oh yea..please list Obama's accomplishments and level of experience..then research Palin and do the same..Its prettyt sad to think our candidate for vice president has more experience than your presidential candidate..</body> 
 </post> 
<post id= "MS_8694_51800387"> 
<user id ="MS_220823514"> 
	 <username>Momma Bear</username> 
	 <sex>F</sex> 
	 <age>38</age> 
	 <city>Hughesville</city> 
	 <province>Pennsylvania</province> 
	 <country>US</country> 
	 </user> 
<date>1225176120</date> 
 <body> Well at least you tried; it is sad that individuals post about someoneâs experience and forget the candidate they are voting for has less.</body> 
 </post> 
<post id= "MS_8694_51800572"> 
<user id ="MS_57775192"> 
	 <username>Phillip</username> 
	 <sex>M</sex> 
	 <age>22</age> 
	 <city>HARRISON</city> 
	 <province>TENNESSEE</province> 
	 <country>US</country> 
	 </user> 
<date>1225176480</date> 
 <body>    Really?   Obama: Running local community projects.  12 years of State/National political experience.    Palin: 10 years city experience. 2 years state experience.     I guess if running a small city is now more important than passing state legislation...</body> 
 </post> 
<post id= "MS_8694_51800761"> 
<user id ="MS_12550638"> 
	 <username>pete</username> 
	 <sex>M</sex> 
	 <age>56</age> 
	 <city>ontario</city> 
	 <province></province> 
	 <country>CA</country> 
	 </user> 
<date>1225176780</date> 
 <body>Sarah Palin is INCOMPETENT and Unqualified!   Ohh no, what gave her away, yes but McCain says her hubby Todd is a strong and will make a good second man because he raced his snowmobile with a broken arm..  Ohh mannn lmao</body> 
 </post> 
<post id= "MS_8694_51800788"> 
<user id ="MS_297990128"> 
	 <username>David Ortez</username> 
	 <sex>M</sex> 
	 <age>24</age> 
	 <city>Houston</city> 
	 <province>Texas</province> 
	 <country>US</country> 
	 </user> 
<date>1225176840</date> 
 <body>Please use the little intelligence you do have and read up about your candidate. Even her own advisers dissent about her qualifications.  A Palin associate and McCain adviser, according to CNN, defended their strategy of limiting Palinâs interaction with the media because âshe was not ready and that the missteps could have been a lot worse.â  "Her lack of fundamental understanding of some key issues was dramatic," said another McCain source with direct knowledge of the process to prepare Palin after she was picked. The source said it was probably the "hardest" to get her "up to speed than any candidate in history."  Read more about it @ http://www.cnn.com/2008/POLITICS/10/27/palin.tension/index.html</body> 
 </post> 
<post id= "MS_8694_51800837"> 
<user id ="MS_883588"> 
	 <username>stephinitely, maybe.</username> 
	 <sex>F</sex> 
	 <age>22</age> 
	 <city>321</city> 
	 <province>Florida</province> 
	 <country>US</country> 
	 </user> 
<date>1225176960</date> 
 <body>   executive experience > nonexecutive experience.</body> 
 </post> 
<post id= "MS_8694_51800858"> 
<user id ="MS_727366"> 
	 <username>Paul</username> 
	 <sex>M</sex> 
	 <age>28</age> 
	 <city>UpperEastSide</city> 
	 <province>New York</province> 
	 <country>US</country> 
	 </user> 
<date>1225176960</date> 
 <body>  A small city that doesn't have jurisdiction over the schools, fire department, social services...  The mayor of Wasilla is responsible for less than an Applebees Manager.</body> 
 </post> 
<post id= "MS_8694_51800887"> 
<user id ="MS_57775192"> 
	 <username>Phillip</username> 
	 <sex>M</sex> 
	 <age>22</age> 
	 <city>HARRISON</city> 
	 <province>TENNESSEE</province> 
	 <country>US</country> 
	 </user> 
<date>1225177020</date> 
 <body>    Last I checked, the Vice President, as a position, has no direct executive responsibilities. In fact, it is more of a legislative job. Maybe she is running for the wrong position?</body> 
 </post> 
</posts>