<?xml version="1.0" encoding="UTF-8"?> 
 <posts> 
<post id= "MS_8977_52166305"> 
<user id ="MS_5269567"> 
	 <username>It Don't Mean Much, These Seats are Cheap.</username> 
	 <sex>M</sex> 
	 <age>23</age> 
	 <city>Thornton</city> 
	 <province>Colorado</province> 
	 <country>US</country> 
	 </user> 
<date>1225825860</date> 
 <body> Is that sarcasm?</body> 
 </post> 
<post id= "MS_8977_52166343"> 
<user id ="MS_195643548"> 
	 <username>Dwight Frye</username> 
	 <sex>M</sex> 
	 <age>47</age> 
	 <city>Advance</city> 
	 <province>North Carolina</province> 
	 <country>US</country> 
	 </user> 
<date>1225825920</date> 
 <body>  I'm not surprised...it's big enough. The question is...why is he looking at my ass?</body> 
 </post> 
<post id= "MS_8977_52166422"> 
<user id ="MS_113503899"> 
	 <username>The One And Only Deebee</username> 
	 <sex>F</sex> 
	 <age>30</age> 
	 <city>So Cal</city> 
	 <province>California</province> 
	 <country>US</country> 
	 </user> 
<date>1225825980</date> 
 <body>amen! let's bring in an era where people think with their minds and not with their bleeding heart. let's strive for a time of tolerance and acceptance. i am so happy i'm almost crying. God bless America. wow.</body> 
 </post> 
<post id= "MS_8977_52166440"> 
<user id ="MS_366600697"> 
	 <username>MrSmokesTooMuch</username> 
	 <sex>M</sex> 
	 <age>42</age> 
	 <city>Nevada</city> 
	 <province></province> 
	 <country>US</country> 
	 </user> 
<date>1225825980</date> 
 <body> Have you seen your face?</body> 
 </post> 
<post id= "MS_8977_52166499"> 
<user id ="MS_5269567"> 
	 <username>It Don't Mean Much, These Seats are Cheap.</username> 
	 <sex>M</sex> 
	 <age>23</age> 
	 <city>Thornton</city> 
	 <province>Colorado</province> 
	 <country>US</country> 
	 </user> 
<date>1225826040</date> 
 <body> So Obama IS jesus, then?</body> 
 </post> 
<post id= "MS_8977_52166658"> 
<user id ="MS_25032091"> 
	 <username>NaughtyWord</username> 
	 <sex>M</sex> 
	 <age>26</age> 
	 <city>Oak Harbor</city> 
	 <province>Washington</province> 
	 <country>US</country> 
	 </user> 
<date>1225826160</date> 
 <body>Is that a rhetorical question? Jesus? No, I don't believe in such fantasies, I have no time. Obama represents a complete civil success. Obama is a revolution that empowers people, dreams, and ideas.</body> 
 </post> 
<post id= "MS_8977_52166745"> 
<user id ="MS_139538534"> 
	 <username>JD</username> 
	 <sex>M</sex> 
	 <age>39</age> 
	 <city>GE</city> 
	 <province></province> 
	 <country></country> 
	 </user> 
<date>1225826220</date> 
 <body> you could google it, but heres a ccouple  http://www.huffingtonpost.com/news/joe-biden?page=3 --biden  reports of palin's IQ seem to vary reasonably between 113 and 133 so google itand find whatever you need</body> 
 </post> 
<post id= "MS_8977_52167407"> 
<user id ="MS_5269567"> 
	 <username>It Don't Mean Much, These Seats are Cheap.</username> 
	 <sex>M</sex> 
	 <age>23</age> 
	 <city>Thornton</city> 
	 <province>Colorado</province> 
	 <country>US</country> 
	 </user> 
<date>1225826820</date> 
 <body> Well, rainbows and unicorns, then.</body> 
 </post> 
<post id= "MS_8977_52168072"> 
<user id ="MS_33977384"> 
	 <username>Cold-Hearted Bastard</username> 
	 <sex>M</sex> 
	 <age>25</age> 
	 <city>NEW CASTLE</city> 
	 <province>DELAWARE</province> 
	 <country>US</country> 
	 </user> 
<date>1225827420</date> 
 <body>  If only conservatives were smarter ;-)</body> 
 </post> 
<post id= "MS_8977_52169166"> 
<user id ="MS_214789335"> 
	 <username>Rob and Shawna</username> 
	 <sex>M</sex> 
	 <age>39</age> 
	 <city>SAINT AUGUSTINE</city> 
	 <province>Florida</province> 
	 <country>US</country> 
	 </user> 
<date>1225828260</date> 
 <body>What future for your children.More dependance upon someone else?Hope is not a handout.Do you think your great great grandparents went through torture and beatings fighting for the oppurtunities you have had in front of you just to give them back.All you seen was color and some promise of gimme gimme.And tell me something,if life has been so bad,how did he do it?With all the successful black people that have come before him, who refused to give up their seat,who refused to be denied,who worked and busted their ass for you,now,you feel like your free.You can succeed?How have all these black people succeed before Obama?And who has told you you can't?Your so called black leaders,who have told you that you can't,white rich liberals that pander to you,telling you that your a victim.Why was'nt Barack a victim?Was it his white half that succeeded in the skin of a "black man"? It's amazing,everything our ancestors went through only for the majority of us to never see their accomplishments.The freedom they died for,the rights we have had and took for granted.It is another sad day when we reward failure.</body> 
 </post> 
</posts>