<?xml version="1.0" encoding="UTF-8"?> 
 <posts> 
<post id= "MS_8977_52164879"> 
<user id ="MS_5269567"> 
	 <username>It Don't Mean Much, These Seats are Cheap.</username> 
	 <sex>M</sex> 
	 <age>23</age> 
	 <city>Thornton</city> 
	 <province>Colorado</province> 
	 <country>US</country> 
	 </user> 
<date>1225824240</date> 
 <body>Who are the "smart people" that won?</body> 
 </post> 
<post id= "MS_8977_52164888"> 
<user id ="MS_25032091"> 
	 <username>NaughtyWord</username> 
	 <sex>M</sex> 
	 <age>26</age> 
	 <city>Oak Harbor</city> 
	 <province>Washington</province> 
	 <country>US</country> 
	 </user> 
<date>1225824240</date> 
 <body>The Tree of Liberty has been watered it's fruits will feed generations to come. The victory of Presidency, Senate, and House guarantee that work for the Americans that actually build America will reap the fruits to bear.</body> 
 </post> 
<post id= "MS_8977_52164899"> 
<user id ="MS_53367882"> 
	 <username>Charvaka Jim</username> 
	 <sex>M</sex> 
	 <age>30</age> 
	 <city>Kurukshetra</city> 
	 <province>New York</province> 
	 <country>US</country> 
	 </user> 
<date>1225824240</date> 
 <body>LOLz at smart people won.</body> 
 </post> 
<post id= "MS_8977_52165010"> 
<user id ="MS_195643548"> 
	 <username>Dwight Frye</username> 
	 <sex>M</sex> 
	 <age>47</age> 
	 <city>Advance</city> 
	 <province>North Carolina</province> 
	 <country>US</country> 
	 </user> 
<date>1225824420</date> 
 <body>If you didn't tell yourself you were smart...nobody would. When you run Bidden on your ticket...it don't qualify as the MENSA ticket.</body> 
 </post> 
<post id= "MS_8977_52165047"> 
<user id ="MS_2600828"> 
	 <username>lil Vekz one</username> 
	 <sex>M</sex> 
	 <age>31</age> 
	 <city>from the slums of shaolin...</city> 
	 <province>New York</province> 
	 <country>US</country> 
	 </user> 
<date>1225824480</date> 
 <body> lmao...and palin is a genius, correct???</body> 
 </post> 
<post id= "MS_8977_52165101"> 
<user id ="MS_366600697"> 
	 <username>MrSmokesTooMuch</username> 
	 <sex>M</sex> 
	 <age>42</age> 
	 <city>Nevada</city> 
	 <province></province> 
	 <country>US</country> 
	 </user> 
<date>1225824540</date> 
 <body> It's a winning ticket</body> 
 </post> 
<post id= "MS_8977_52165199"> 
<user id ="MS_139538534"> 
	 <username>JD</username> 
	 <sex>M</sex> 
	 <age>39</age> 
	 <city>GE</city> 
	 <province></province> 
	 <country></country> 
	 </user> 
<date>1225824660</date> 
 <body> Bidens IQ is only 146  Palin's is 120 though</body> 
 </post> 
<post id= "MS_8977_52165255"> 
<user id ="MS_204330629"> 
	 <username>Truth Project</username> 
	 <sex>M</sex> 
	 <age>99</age> 
	 <city>Chicago</city> 
	 <province>Illinois</province> 
	 <country>US</country> 
	 </user> 
<date>1225824720</date> 
 <body>Now the world wont think of the US as retards and redneck inbreeds no more.</body> 
 </post> 
<post id= "MS_8977_52165316"> 
<user id ="MS_12845242"> 
	 <username>worldrecordz</username> 
	 <sex>M</sex> 
	 <age>108</age> 
	 <city>THERES SO MANY WAYS TO DIE IN</city> 
	 <province>New York</province> 
	 <country>US</country> 
	 </user> 
<date>1225824780</date> 
 <body>  HaHa.</body> 
 </post> 
<post id= "MS_8977_52165336"> 
<user id ="MS_5269567"> 
	 <username>It Don't Mean Much, These Seats are Cheap.</username> 
	 <sex>M</sex> 
	 <age>23</age> 
	 <city>Thornton</city> 
	 <province>Colorado</province> 
	 <country>US</country> 
	 </user> 
<date>1225824840</date> 
 <body> Only?!</body> 
 </post> 
</posts>