<?xml version="1.0" encoding="UTF-8"?> 
 <posts> 
<post id= "MS_8977_52165199"> 
<user id ="MS_139538534"> 
	 <username>JD</username> 
	 <sex>M</sex> 
	 <age>39</age> 
	 <city>GE</city> 
	 <province></province> 
	 <country></country> 
	 </user> 
<date>1225824660</date> 
 <body> Bidens IQ is only 146  Palin's is 120 though</body> 
 </post> 
<post id= "MS_8977_52165255"> 
<user id ="MS_204330629"> 
	 <username>Truth Project</username> 
	 <sex>M</sex> 
	 <age>99</age> 
	 <city>Chicago</city> 
	 <province>Illinois</province> 
	 <country>US</country> 
	 </user> 
<date>1225824720</date> 
 <body>Now the world wont think of the US as retards and redneck inbreeds no more.</body> 
 </post> 
<post id= "MS_8977_52165316"> 
<user id ="MS_12845242"> 
	 <username>worldrecordz</username> 
	 <sex>M</sex> 
	 <age>108</age> 
	 <city>THERES SO MANY WAYS TO DIE IN</city> 
	 <province>New York</province> 
	 <country>US</country> 
	 </user> 
<date>1225824780</date> 
 <body>  HaHa.</body> 
 </post> 
<post id= "MS_8977_52165336"> 
<user id ="MS_5269567"> 
	 <username>It Don't Mean Much, These Seats are Cheap.</username> 
	 <sex>M</sex> 
	 <age>23</age> 
	 <city>Thornton</city> 
	 <province>Colorado</province> 
	 <country>US</country> 
	 </user> 
<date>1225824840</date> 
 <body> Only?!</body> 
 </post> 
<post id= "MS_8977_52165338"> 
<user id ="MS_12845242"> 
	 <username>worldrecordz</username> 
	 <sex>M</sex> 
	 <age>108</age> 
	 <city>THERES SO MANY WAYS TO DIE IN</city> 
	 <province>New York</province> 
	 <country>US</country> 
	 </user> 
<date>1225824840</date> 
 <body>We did it. Our generation made history forever and we lived to see it. Plus we all got to see the new millenium. We are indeed a unique generation...</body> 
 </post> 
<post id= "MS_8977_52165340"> 
<user id ="MS_334475241"> 
	 <username>Brandon [*Stupid lag*]</username> 
	 <sex>M</sex> 
	 <age>23</age> 
	 <city>PENSACOLA</city> 
	 <province>Florida</province> 
	 <country>US</country> 
	 </user> 
<date>1225824840</date> 
 <body>  ...What the hell is this supposed to mean?</body> 
 </post> 
<post id= "MS_8977_52165368"> 
<user id ="MS_195643548"> 
	 <username>Dwight Frye</username> 
	 <sex>M</sex> 
	 <age>47</age> 
	 <city>Advance</city> 
	 <province>North Carolina</province> 
	 <country>US</country> 
	 </user> 
<date>1225824840</date> 
 <body>  Source?</body> 
 </post> 
<post id= "MS_8977_52165373"> 
<user id ="MS_12845242"> 
	 <username>worldrecordz</username> 
	 <sex>M</sex> 
	 <age>108</age> 
	 <city>THERES SO MANY WAYS TO DIE IN</city> 
	 <province>New York</province> 
	 <country>US</country> 
	 </user> 
<date>1225824840</date> 
 <body>  Yeah 70 is considered retarted.</body> 
 </post> 
<post id= "MS_8977_52165382"> 
<user id ="MS_366600697"> 
	 <username>MrSmokesTooMuch</username> 
	 <sex>M</sex> 
	 <age>42</age> 
	 <city>Nevada</city> 
	 <province></province> 
	 <country>US</country> 
	 </user> 
<date>1225824900</date> 
 <body> Palin can see MENSA from Alaska</body> 
 </post> 
<post id= "MS_8977_52165420"> 
<user id ="MS_285803594"> 
	 <username>Meg.</username> 
	 <sex>F</sex> 
	 <age>19</age> 
	 <city>Concord</city> 
	 <province>California</province> 
	 <country>US</country> 
	 </user> 
<date>1225824900</date> 
 <body>  BEAUTIFUL. lol</body> 
 </post> 
</posts>