<?xml version="1.0" encoding="UTF-8"?> 
 <posts> 
<post id= "MS_8977_52165336"> 
<user id ="MS_5269567"> 
	 <username>It Don't Mean Much, These Seats are Cheap.</username> 
	 <sex>M</sex> 
	 <age>23</age> 
	 <city>Thornton</city> 
	 <province>Colorado</province> 
	 <country>US</country> 
	 </user> 
<date>1225824840</date> 
 <body> Only?!</body> 
 </post> 
<post id= "MS_8977_52165338"> 
<user id ="MS_12845242"> 
	 <username>worldrecordz</username> 
	 <sex>M</sex> 
	 <age>108</age> 
	 <city>THERES SO MANY WAYS TO DIE IN</city> 
	 <province>New York</province> 
	 <country>US</country> 
	 </user> 
<date>1225824840</date> 
 <body>We did it. Our generation made history forever and we lived to see it. Plus we all got to see the new millenium. We are indeed a unique generation...</body> 
 </post> 
<post id= "MS_8977_52165340"> 
<user id ="MS_334475241"> 
	 <username>Brandon [*Stupid lag*]</username> 
	 <sex>M</sex> 
	 <age>23</age> 
	 <city>PENSACOLA</city> 
	 <province>Florida</province> 
	 <country>US</country> 
	 </user> 
<date>1225824840</date> 
 <body>  ...What the hell is this supposed to mean?</body> 
 </post> 
<post id= "MS_8977_52165368"> 
<user id ="MS_195643548"> 
	 <username>Dwight Frye</username> 
	 <sex>M</sex> 
	 <age>47</age> 
	 <city>Advance</city> 
	 <province>North Carolina</province> 
	 <country>US</country> 
	 </user> 
<date>1225824840</date> 
 <body>  Source?</body> 
 </post> 
<post id= "MS_8977_52165373"> 
<user id ="MS_12845242"> 
	 <username>worldrecordz</username> 
	 <sex>M</sex> 
	 <age>108</age> 
	 <city>THERES SO MANY WAYS TO DIE IN</city> 
	 <province>New York</province> 
	 <country>US</country> 
	 </user> 
<date>1225824840</date> 
 <body>  Yeah 70 is considered retarted.</body> 
 </post> 
<post id= "MS_8977_52165382"> 
<user id ="MS_366600697"> 
	 <username>MrSmokesTooMuch</username> 
	 <sex>M</sex> 
	 <age>42</age> 
	 <city>Nevada</city> 
	 <province></province> 
	 <country>US</country> 
	 </user> 
<date>1225824900</date> 
 <body> Palin can see MENSA from Alaska</body> 
 </post> 
<post id= "MS_8977_52165420"> 
<user id ="MS_285803594"> 
	 <username>Meg.</username> 
	 <sex>F</sex> 
	 <age>19</age> 
	 <city>Concord</city> 
	 <province>California</province> 
	 <country>US</country> 
	 </user> 
<date>1225824900</date> 
 <body>  BEAUTIFUL. lol</body> 
 </post> 
<post id= "MS_8977_52165421"> 
<user id ="MS_5269567"> 
	 <username>It Don't Mean Much, These Seats are Cheap.</username> 
	 <sex>M</sex> 
	 <age>23</age> 
	 <city>Thornton</city> 
	 <province>Colorado</province> 
	 <country>US</country> 
	 </user> 
<date>1225824900</date> 
 <body> ?</body> 
 </post> 
<post id= "MS_8977_52165448"> 
<user id ="MS_195643548"> 
	 <username>Dwight Frye</username> 
	 <sex>M</sex> 
	 <age>47</age> 
	 <city>Advance</city> 
	 <province>North Carolina</province> 
	 <country>US</country> 
	 </user> 
<date>1225824960</date> 
 <body> ÃÂ   Oh, the ironey.</body> 
 </post> 
<post id= "MS_8977_52165452"> 
<user id ="MS_171688972"> 
	 <username>All Slim wants for christmas is a new NFL Team.</username> 
	 <sex>M</sex> 
	 <age>94</age> 
	 <city>New Orleans (I live in Tallahassee now)</city> 
	 <province>Louisiana</province> 
	 <country>US</country> 
	 </user> 
<date>1225824960</date> 
 <body>This forum is inexplicably empty.</body> 
 </post> 
</posts>