<?xml version="1.0" encoding="UTF-8"?> 
 <posts> 
<post id= "MS_8977_52165492"> 
<user id ="MS_195643548"> 
	 <username>Dwight Frye</username> 
	 <sex>M</sex> 
	 <age>47</age> 
	 <city>Advance</city> 
	 <province>North Carolina</province> 
	 <country>US</country> 
	 </user> 
<date>1225825020</date> 
 <body>  And I can see your hackery from North Carolina.</body> 
 </post> 
<post id= "MS_8977_52165577"> 
<user id ="MS_129935321"> 
	 <username>Artzilla</username> 
	 <sex>F</sex> 
	 <age>39</age> 
	 <city>KEW GARDENS</city> 
	 <province>New York</province> 
	 <country>US</country> 
	 </user> 
<date>1225825140</date> 
 <body>  Tee hee hee!</body> 
 </post> 
<post id= "MS_8977_52165604"> 
<user id ="MS_5269567"> 
	 <username>It Don't Mean Much, These Seats are Cheap.</username> 
	 <sex>M</sex> 
	 <age>23</age> 
	 <city>Thornton</city> 
	 <province>Colorado</province> 
	 <country>US</country> 
	 </user> 
<date>1225825200</date> 
 <body> Do you need an image of the popular bell-curve for IQ?</body> 
 </post> 
<post id= "MS_8977_52165840"> 
<user id ="MS_366600697"> 
	 <username>MrSmokesTooMuch</username> 
	 <sex>M</sex> 
	 <age>42</age> 
	 <city>Nevada</city> 
	 <province></province> 
	 <country>US</country> 
	 </user> 
<date>1225825440</date> 
 <body> Don't be a sore loser. Actually, yeah, go ahead. It's funny.</body> 
 </post> 
<post id= "MS_8977_52166020"> 
<user id ="MS_2600828"> 
	 <username>lil Vekz one</username> 
	 <sex>M</sex> 
	 <age>31</age> 
	 <city>from the slums of shaolin...</city> 
	 <province>New York</province> 
	 <country>US</country> 
	 </user> 
<date>1225825620</date> 
 <body> and obama can see your lame ass from the white house lawn...</body> 
 </post> 
<post id= "MS_8977_52166273"> 
<user id ="MS_5444746"> 
	 <username>AmericanPaladin</username> 
	 <sex>M</sex> 
	 <age>25</age> 
	 <city>Santa Clara Valley</city> 
	 <province>CALIFORNIA</province> 
	 <country>US</country> 
	 </user> 
<date>1225825860</date> 
 <body>He means the smart people who formulated that snake's propaganda strategy. The stupid people who voted for Obama are the ones who have truly lost.</body> 
 </post> 
<post id= "MS_8977_52166288"> 
<user id ="MS_25032091"> 
	 <username>NaughtyWord</username> 
	 <sex>M</sex> 
	 <age>26</age> 
	 <city>Oak Harbor</city> 
	 <province>Washington</province> 
	 <country>US</country> 
	 </user> 
<date>1225825860</date> 
 <body>   It means the end of the era that gave The Patriot Act, Torturing of prisoners, and The Military Commissions act has officially ended. The rights of citizens will be placed in the hands to those whom it originally belonged, the American. That justice for all walks of life will be sought, even for those who most do not agree with, the homosexual, the atheist, the Muslim, the Black, the Hispanic, and all other forms of minority justice will prevail under the harsh punitive injustices of the Christian White majority. That the poor elderly will no longer suffer under the unfulfillable greed of insurance or hospital HMO's. That the dream of Americanism has now been given to those willing to work for it, and not in the hands of the Fortune 500 executives. Prosperity, growth, and equality have been returned to the great justice that is the USA.  No more religious oppression, no more religious division, no more governmental failures of misunderstanding. Tonight, America has joined together and spoke with one monstrous roar, that equality doesn't just stop at law. Shed America has of it's racial shell, it's religious shell, and regrets of mistakes of slavery long past.</body> 
 </post> 
<post id= "MS_8977_52166305"> 
<user id ="MS_5269567"> 
	 <username>It Don't Mean Much, These Seats are Cheap.</username> 
	 <sex>M</sex> 
	 <age>23</age> 
	 <city>Thornton</city> 
	 <province>Colorado</province> 
	 <country>US</country> 
	 </user> 
<date>1225825860</date> 
 <body> Is that sarcasm?</body> 
 </post> 
<post id= "MS_8977_52166343"> 
<user id ="MS_195643548"> 
	 <username>Dwight Frye</username> 
	 <sex>M</sex> 
	 <age>47</age> 
	 <city>Advance</city> 
	 <province>North Carolina</province> 
	 <country>US</country> 
	 </user> 
<date>1225825920</date> 
 <body>  I'm not surprised...it's big enough. The question is...why is he looking at my ass?</body> 
 </post> 
<post id= "MS_8977_52166422"> 
<user id ="MS_113503899"> 
	 <username>The One And Only Deebee</username> 
	 <sex>F</sex> 
	 <age>30</age> 
	 <city>So Cal</city> 
	 <province>California</province> 
	 <country>US</country> 
	 </user> 
<date>1225825980</date> 
 <body>amen! let's bring in an era where people think with their minds and not with their bleeding heart. let's strive for a time of tolerance and acceptance. i am so happy i'm almost crying. God bless America. wow.</body> 
 </post> 
</posts>