<?xml version="1.0" encoding="UTF-8"?> 
 <posts> 
<post id= "MS_8977_52165420"> 
<user id ="MS_285803594"> 
	 <username>Meg.</username> 
	 <sex>F</sex> 
	 <age>19</age> 
	 <city>Concord</city> 
	 <province>California</province> 
	 <country>US</country> 
	 </user> 
<date>1225824900</date> 
 <body>  BEAUTIFUL. lol</body> 
 </post> 
<post id= "MS_8977_52165421"> 
<user id ="MS_5269567"> 
	 <username>It Don't Mean Much, These Seats are Cheap.</username> 
	 <sex>M</sex> 
	 <age>23</age> 
	 <city>Thornton</city> 
	 <province>Colorado</province> 
	 <country>US</country> 
	 </user> 
<date>1225824900</date> 
 <body> ?</body> 
 </post> 
<post id= "MS_8977_52165448"> 
<user id ="MS_195643548"> 
	 <username>Dwight Frye</username> 
	 <sex>M</sex> 
	 <age>47</age> 
	 <city>Advance</city> 
	 <province>North Carolina</province> 
	 <country>US</country> 
	 </user> 
<date>1225824960</date> 
 <body> ÃÂ   Oh, the ironey.</body> 
 </post> 
<post id= "MS_8977_52165452"> 
<user id ="MS_171688972"> 
	 <username>All Slim wants for christmas is a new NFL Team.</username> 
	 <sex>M</sex> 
	 <age>94</age> 
	 <city>New Orleans (I live in Tallahassee now)</city> 
	 <province>Louisiana</province> 
	 <country>US</country> 
	 </user> 
<date>1225824960</date> 
 <body>This forum is inexplicably empty.</body> 
 </post> 
<post id= "MS_8977_52165486"> 
<user id ="MS_200971414"> 
	 <username>Ã¡ÆÂ¦SARAHÃ¡ÆÂ¦</username> 
	 <sex>F</sex> 
	 <age>20</age> 
	 <city>H-TOWN!!!</city> 
	 <province>Texas</province> 
	 <country>US</country> 
	 </user> 
<date>1225825020</date> 
 <body>hahahaha   :)</body> 
 </post> 
<post id= "MS_8977_52165488"> 
<user id ="MS_334475241"> 
	 <username>Brandon [*Stupid lag*]</username> 
	 <sex>M</sex> 
	 <age>23</age> 
	 <city>PENSACOLA</city> 
	 <province>Florida</province> 
	 <country>US</country> 
	 </user> 
<date>1225825020</date> 
 <body>  I know, rite? I totally have no idea what his post is supposed to mean lol</body> 
 </post> 
<post id= "MS_8977_52165492"> 
<user id ="MS_195643548"> 
	 <username>Dwight Frye</username> 
	 <sex>M</sex> 
	 <age>47</age> 
	 <city>Advance</city> 
	 <province>North Carolina</province> 
	 <country>US</country> 
	 </user> 
<date>1225825020</date> 
 <body>  And I can see your hackery from North Carolina.</body> 
 </post> 
<post id= "MS_8977_52165577"> 
<user id ="MS_129935321"> 
	 <username>Artzilla</username> 
	 <sex>F</sex> 
	 <age>39</age> 
	 <city>KEW GARDENS</city> 
	 <province>New York</province> 
	 <country>US</country> 
	 </user> 
<date>1225825140</date> 
 <body>  Tee hee hee!</body> 
 </post> 
<post id= "MS_8977_52165604"> 
<user id ="MS_5269567"> 
	 <username>It Don't Mean Much, These Seats are Cheap.</username> 
	 <sex>M</sex> 
	 <age>23</age> 
	 <city>Thornton</city> 
	 <province>Colorado</province> 
	 <country>US</country> 
	 </user> 
<date>1225825200</date> 
 <body> Do you need an image of the popular bell-curve for IQ?</body> 
 </post> 
<post id= "MS_8977_52165840"> 
<user id ="MS_366600697"> 
	 <username>MrSmokesTooMuch</username> 
	 <sex>M</sex> 
	 <age>42</age> 
	 <city>Nevada</city> 
	 <province></province> 
	 <country>US</country> 
	 </user> 
<date>1225825440</date> 
 <body> Don't be a sore loser. Actually, yeah, go ahead. It's funny.</body> 
 </post> 
</posts>