<?xml version="1.0" encoding="UTF-8"?> 
 <posts> 
<post id= "MS_12780_52200630"> 
<user id ="MS_171688972"> 
	 <username>Slim says Brodie Croyle fucking sucks</username> 
	 <sex>M</sex> 
	 <age>94</age> 
	 <city>New Orleans (I live in Tallahassee now)</city> 
	 <province>Louisiana</province> 
	 <country>US</country> 
	 </user> 
<date>1225878600</date> 
 <body>  LOL..I wouldn't expect to find a whole lot of Republicans of any race today.</body> 
 </post> 
<post id= "MS_12780_52200638"> 
<user id ="MS_419711090"> 
	 <username>Now the real work begins...</username> 
	 <sex>M</sex> 
	 <age>32</age> 
	 <city>Where Space Is The Place was filmed</city> 
	 <province>California</province> 
	 <country>US</country> 
	 </user> 
<date>1225878600</date> 
 <body>  I guess some guy saw a post I left somewhere, because he was trying very hard to recruit me.  Hit my in box with whole bunch of links, and tried to get all buddy buddy talking about video games.  I lean to the right on a lot of issues (mostly financial, not the cultural stuff) but I have never given it any serious consideration.</body> 
 </post> 
<post id= "MS_12780_52200651"> 
<user id ="MS_63834564"> 
	 <username>Scurmudgeon</username> 
	 <sex>M</sex> 
	 <age>28</age> 
	 <city>LANCASTER</city> 
	 <province>Ohio</province> 
	 <country>US</country> 
	 </user> 
<date>1225878660</date> 
 <body>  No you're not...a black republican that is.</body> 
 </post> 
<post id= "MS_12780_52200714"> 
<user id ="MS_9032562"> 
	 <username>olumide</username> 
	 <sex>M</sex> 
	 <age>37</age> 
	 <city>COLUMBUS</city> 
	 <province>Georgia</province> 
	 <country>US</country> 
	 </user> 
<date>1225878720</date> 
 <body>  Good for you!! What made you decide to vote for him?</body> 
 </post> 
<post id= "MS_12780_52200815"> 
<user id ="MS_9032562"> 
	 <username>olumide</username> 
	 <sex>M</sex> 
	 <age>37</age> 
	 <city>COLUMBUS</city> 
	 <province>Georgia</province> 
	 <country>US</country> 
	 </user> 
<date>1225878840</date> 
 <body>  That's funny...lol "black leprechaun"..But trust me, there are some out there. Just ask Fox News. And besides, one of the local news channels was able to find one when they went to the local Republican Party watch Party last night. They asked this one black guy who claimed to be Republican how he felt and he said that he was sad but that "it is what it is..." I wish I could find him and ask him how he really feels...</body> 
 </post> 
<post id= "MS_12780_52200928"> 
<user id ="MS_883588"> 
	 <username>stephinitely, maybe.</username> 
	 <sex>F</sex> 
	 <age>22</age> 
	 <city>321</city> 
	 <province>Florida</province> 
	 <country>US</country> 
	 </user> 
<date>1225878900</date> 
 <body>i managed to have both of those feelings simultaneously this morning. it was weird.</body> 
 </post> 
<post id= "MS_12780_52200940"> 
<user id ="MS_171688972"> 
	 <username>Slim says Brodie Croyle fucking sucks</username> 
	 <sex>M</sex> 
	 <age>94</age> 
	 <city>New Orleans (I live in Tallahassee now)</city> 
	 <province>Louisiana</province> 
	 <country>US</country> 
	 </user> 
<date>1225878960</date> 
 <body>I'll try to answer the question the way my good friend who is a black republican that voted for mccain answered.  In her own words, the discomfort of having an unqualified President far outweighs the cultural achievment of America having elected the first black President. She also said the fact that American's are making such a huge deal about his race only makes her less impressed with the accomplishment.  She said when we have a black President that isn't constantly refered to as the First Black President then they will be more pride in the accomplishment.</body> 
 </post> 
<post id= "MS_12780_52201168"> 
<user id ="MS_25093006"> 
	 <username>Mark Gunn: Louisville's B-96.5</username> 
	 <sex>M</sex> 
	 <age>47</age> 
	 <city>Louisville</city> 
	 <province>Kentucky</province> 
	 <country>US</country> 
	 </user> 
<date>1225879200</date> 
 <body>  When McCain 2008 turned out to be a shadow of McCain 2004 AND his pick Sarah Palin. Some of Obama's policy ideas appeal to me and the way he ran his campaign showed REAL LEADERSHIP</body> 
 </post> 
<post id= "MS_12780_52201323"> 
<user id ="MS_425414678"> 
	 <username>James Knox Polk</username> 
	 <sex>M</sex> 
	 <age>25</age> 
	 <city>Montana</city> 
	 <province></province> 
	 <country>US</country> 
	 </user> 
<date>1225879380</date> 
 <body>  yeah...i'm a republican and i voted for obama. i'm just sayin is anyone not sick of the same thing? try something new. don't be afraid to step outside the box. Obama is going to do great things. you and your "friend" will see.</body> 
 </post> 
<post id= "MS_12780_52201429"> 
<user id ="MS_9032562"> 
	 <username>olumide</username> 
	 <sex>M</sex> 
	 <age>37</age> 
	 <city>COLUMBUS</city> 
	 <province>Georgia</province> 
	 <country>US</country> 
	 </user> 
<date>1225879560</date> 
 <body>  Her argument is very bogus. How can one not make a big deal about him being the first black president. She is only saying this because he is not republican or conservative. If it had been Colin Powell (who was being heavily recruited) would she be more impressed? But the media would still make a big deal of his race, because it is historic, regardless of what Party the person comes from....I always laugh when people say they want us to live in a color-blind society: the fact is that people do see color, the question is can you be mature enough to not let it cloud your judgment? The fact that race did not play a huge fact in this election is testament to how far we have come....</body> 
 </post> 
</posts>