<?xml version="1.0" encoding="UTF-8"?> 
 <posts> 
<post id= "MS_12780_52200198"> 
<user id ="MS_245158151"> 
	 <username>P h a r a o h</username> 
	 <sex>M</sex> 
	 <age>20</age> 
	 <city>Tulsa</city> 
	 <province>Oklahoma</province> 
	 <country>US</country> 
	 </user> 
<date>1225878120</date> 
 <body>  They exist. They usually have sticks up their asses, so theyre not too hard to spot.</body> 
 </post> 
<post id= "MS_12780_52200363"> 
<user id ="MS_63834564"> 
	 <username>Scurmudgeon</username> 
	 <sex>M</sex> 
	 <age>28</age> 
	 <city>LANCASTER</city> 
	 <province>Ohio</province> 
	 <country>US</country> 
	 </user> 
<date>1225878300</date> 
 <body>How many black republicans did you think would respond?</body> 
 </post> 
<post id= "MS_12780_52200550"> 
<user id ="MS_25093006"> 
	 <username>Mark Gunn: Louisville's B-96.5</username> 
	 <sex>M</sex> 
	 <age>47</age> 
	 <city>Louisville</city> 
	 <province>Kentucky</province> 
	 <country>US</country> 
	 </user> 
<date>1225878540</date> 
 <body>I'm a Black Republican who DID vote for Obama and I couldn't be happier !!</body> 
 </post> 
<post id= "MS_12780_52200593"> 
<user id ="MS_425414678"> 
	 <username>James Knox Polk</username> 
	 <sex>M</sex> 
	 <age>25</age> 
	 <city>Montana</city> 
	 <province></province> 
	 <country>US</country> 
	 </user> 
<date>1225878540</date> 
 <body>  x2</body> 
 </post> 
<post id= "MS_12780_52200630"> 
<user id ="MS_171688972"> 
	 <username>Slim says Brodie Croyle fucking sucks</username> 
	 <sex>M</sex> 
	 <age>94</age> 
	 <city>New Orleans (I live in Tallahassee now)</city> 
	 <province>Louisiana</province> 
	 <country>US</country> 
	 </user> 
<date>1225878600</date> 
 <body>  LOL..I wouldn't expect to find a whole lot of Republicans of any race today.</body> 
 </post> 
<post id= "MS_12780_52200638"> 
<user id ="MS_419711090"> 
	 <username>Now the real work begins...</username> 
	 <sex>M</sex> 
	 <age>32</age> 
	 <city>Where Space Is The Place was filmed</city> 
	 <province>California</province> 
	 <country>US</country> 
	 </user> 
<date>1225878600</date> 
 <body>  I guess some guy saw a post I left somewhere, because he was trying very hard to recruit me.  Hit my in box with whole bunch of links, and tried to get all buddy buddy talking about video games.  I lean to the right on a lot of issues (mostly financial, not the cultural stuff) but I have never given it any serious consideration.</body> 
 </post> 
<post id= "MS_12780_52200651"> 
<user id ="MS_63834564"> 
	 <username>Scurmudgeon</username> 
	 <sex>M</sex> 
	 <age>28</age> 
	 <city>LANCASTER</city> 
	 <province>Ohio</province> 
	 <country>US</country> 
	 </user> 
<date>1225878660</date> 
 <body>  No you're not...a black republican that is.</body> 
 </post> 
<post id= "MS_12780_52200714"> 
<user id ="MS_9032562"> 
	 <username>olumide</username> 
	 <sex>M</sex> 
	 <age>37</age> 
	 <city>COLUMBUS</city> 
	 <province>Georgia</province> 
	 <country>US</country> 
	 </user> 
<date>1225878720</date> 
 <body>  Good for you!! What made you decide to vote for him?</body> 
 </post> 
<post id= "MS_12780_52200815"> 
<user id ="MS_9032562"> 
	 <username>olumide</username> 
	 <sex>M</sex> 
	 <age>37</age> 
	 <city>COLUMBUS</city> 
	 <province>Georgia</province> 
	 <country>US</country> 
	 </user> 
<date>1225878840</date> 
 <body>  That's funny...lol "black leprechaun"..But trust me, there are some out there. Just ask Fox News. And besides, one of the local news channels was able to find one when they went to the local Republican Party watch Party last night. They asked this one black guy who claimed to be Republican how he felt and he said that he was sad but that "it is what it is..." I wish I could find him and ask him how he really feels...</body> 
 </post> 
<post id= "MS_12780_52200928"> 
<user id ="MS_883588"> 
	 <username>stephinitely, maybe.</username> 
	 <sex>F</sex> 
	 <age>22</age> 
	 <city>321</city> 
	 <province>Florida</province> 
	 <country>US</country> 
	 </user> 
<date>1225878900</date> 
 <body>i managed to have both of those feelings simultaneously this morning. it was weird.</body> 
 </post> 
</posts>