<?xml version="1.0" encoding="UTF-8"?> 
 <posts> 
<post id= "MS_12780_52200928"> 
<user id ="MS_883588"> 
	 <username>stephinitely, maybe.</username> 
	 <sex>F</sex> 
	 <age>22</age> 
	 <city>321</city> 
	 <province>Florida</province> 
	 <country>US</country> 
	 </user> 
<date>1225878900</date> 
 <body>i managed to have both of those feelings simultaneously this morning. it was weird.</body> 
 </post> 
<post id= "MS_12780_52200940"> 
<user id ="MS_171688972"> 
	 <username>Slim says Brodie Croyle fucking sucks</username> 
	 <sex>M</sex> 
	 <age>94</age> 
	 <city>New Orleans (I live in Tallahassee now)</city> 
	 <province>Louisiana</province> 
	 <country>US</country> 
	 </user> 
<date>1225878960</date> 
 <body>I'll try to answer the question the way my good friend who is a black republican that voted for mccain answered.  In her own words, the discomfort of having an unqualified President far outweighs the cultural achievment of America having elected the first black President. She also said the fact that American's are making such a huge deal about his race only makes her less impressed with the accomplishment.  She said when we have a black President that isn't constantly refered to as the First Black President then they will be more pride in the accomplishment.</body> 
 </post> 
<post id= "MS_12780_52201168"> 
<user id ="MS_25093006"> 
	 <username>Mark Gunn: Louisville's B-96.5</username> 
	 <sex>M</sex> 
	 <age>47</age> 
	 <city>Louisville</city> 
	 <province>Kentucky</province> 
	 <country>US</country> 
	 </user> 
<date>1225879200</date> 
 <body>  When McCain 2008 turned out to be a shadow of McCain 2004 AND his pick Sarah Palin. Some of Obama's policy ideas appeal to me and the way he ran his campaign showed REAL LEADERSHIP</body> 
 </post> 
<post id= "MS_12780_52201323"> 
<user id ="MS_425414678"> 
	 <username>James Knox Polk</username> 
	 <sex>M</sex> 
	 <age>25</age> 
	 <city>Montana</city> 
	 <province></province> 
	 <country>US</country> 
	 </user> 
<date>1225879380</date> 
 <body>  yeah...i'm a republican and i voted for obama. i'm just sayin is anyone not sick of the same thing? try something new. don't be afraid to step outside the box. Obama is going to do great things. you and your "friend" will see.</body> 
 </post> 
<post id= "MS_12780_52201429"> 
<user id ="MS_9032562"> 
	 <username>olumide</username> 
	 <sex>M</sex> 
	 <age>37</age> 
	 <city>COLUMBUS</city> 
	 <province>Georgia</province> 
	 <country>US</country> 
	 </user> 
<date>1225879560</date> 
 <body>  Her argument is very bogus. How can one not make a big deal about him being the first black president. She is only saying this because he is not republican or conservative. If it had been Colin Powell (who was being heavily recruited) would she be more impressed? But the media would still make a big deal of his race, because it is historic, regardless of what Party the person comes from....I always laugh when people say they want us to live in a color-blind society: the fact is that people do see color, the question is can you be mature enough to not let it cloud your judgment? The fact that race did not play a huge fact in this election is testament to how far we have come....</body> 
 </post> 
<post id= "MS_12780_52201483"> 
<user id ="MS_9032562"> 
	 <username>olumide</username> 
	 <sex>M</sex> 
	 <age>37</age> 
	 <city>COLUMBUS</city> 
	 <province>Georgia</province> 
	 <country>US</country> 
	 </user> 
<date>1225879620</date> 
 <body>  Interesting. I think Palin hurt McCain a little bit and it was sad to see McCain pander to the base of his party, but I think more than anything else it was the failures of George W. Bush that got Obama elected..</body> 
 </post> 
<post id= "MS_12780_52201490"> 
<user id ="MS_113914571"> 
	 <username>BKLounge</username> 
	 <sex>M</sex> 
	 <age>27</age> 
	 <city>Massachusetts</city> 
	 <province></province> 
	 <country>US</country> 
	 </user> 
<date>1225879620</date> 
 <body>   I seriously doubt Barack X will do anything "GREAT".  His election will only be "HISTORIC" cause hes black.  and this thread proves it.</body> 
 </post> 
<post id= "MS_12780_52201817"> 
<user id ="MS_171688972"> 
	 <username>Slim says Brodie Croyle fucking sucks</username> 
	 <sex>M</sex> 
	 <age>94</age> 
	 <city>New Orleans (I live in Tallahassee now)</city> 
	 <province>Louisiana</province> 
	 <country>US</country> 
	 </user> 
<date>1225880100</date> 
 <body>   This was a conversation we had about a month ago, and I haven't talked to her since the results were official, but I would image her opinion is still the same.  We were in a mall and this guy stopped us (i was her and a white guy that had an obama shirt on) and he asked us what basically the same question you did, and that's how you answered.  I didn't want to debate her in the mall so I didn't say anything, but I think there obviously is a cultural significance, but I don't know if its a Jackie Robinson type of accomplishment. His accomplishment was ending the ban on black players. Obama isn't breaking down a legal barrier, but it is a social barrier.  IDK, I'm more looking forward to the change he'll bring than his color though.</body> 
 </post> 
<post id= "MS_12780_52201845"> 
<user id ="MS_9032562"> 
	 <username>olumide</username> 
	 <sex>M</sex> 
	 <age>37</age> 
	 <city>COLUMBUS</city> 
	 <province>Georgia</province> 
	 <country>US</country> 
	 </user> 
<date>1225880100</date> 
 <body>  Why did you stop with Barack X? You forgot the Barack Hussein Obama. I cannot get over thehuge irony that here we are in a war with Islamo-fascists and we elect a president named Barack Hussein Obama. hahahahaha. I love it...</body> 
 </post> 
<post id= "MS_12780_52201846"> 
<user id ="MS_171688972"> 
	 <username>Slim says Brodie Croyle fucking sucks</username> 
	 <sex>M</sex> 
	 <age>94</age> 
	 <city>New Orleans (I live in Tallahassee now)</city> 
	 <province>Louisiana</province> 
	 <country>US</country> 
	 </user> 
<date>1225880100</date> 
 <body>  I'm not a republican, she is.</body> 
 </post> 
</posts>