<?xml version="1.0" encoding="UTF-8"?> 
 <posts> 
<post id= "MS_12780_52202112"> 
<user id ="MS_31840169"> 
	 <username>Geoff</username> 
	 <sex>M</sex> 
	 <age>26</age> 
	 <city>DAVENPORT</city> 
	 <province>Iowa</province> 
	 <country>US</country> 
	 </user> 
<date>1225880460</date> 
 <body>    I agree that race should not play a role. I voted for McCain not because of race, so don't act like people who didn't vote for Barack are not mature enough. I have heard two of my best friends (african americans) tell me they were voting for Barack because he is black. Is that not racist? Could I say I voted for McCain because he is white?? We got in many arguements about this but still remain friends because we dont spew hate at each other but intellectual differences. We definately not living in color blind society. Hell I just got done listening to Al Sharpton continue to live in a race based society. He is not savior on black issues, but a problem. My friends even said that Al Sharpton does not speak for them and shouldn't speak for every african american.</body> 
 </post> 
<post id= "MS_12780_52204187"> 
<user id ="MS_9032562"> 
	 <username>olumide</username> 
	 <sex>M</sex> 
	 <age>37</age> 
	 <city>COLUMBUS</city> 
	 <province>Georgia</province> 
	 <country>US</country> 
	 </user> 
<date>1225882800</date> 
 <body>  Well, you are entitled to your opinion. But need I remind you, your argument assumes that all Christians are saints and all Muslims are demons, and that in of itself is not true..</body> 
 </post> 
<post id= "MS_12780_52204266"> 
<user id ="MS_9032562"> 
	 <username>olumide</username> 
	 <sex>M</sex> 
	 <age>37</age> 
	 <city>COLUMBUS</city> 
	 <province>Georgia</province> 
	 <country>US</country> 
	 </user> 
<date>1225882920</date> 
 <body>  I agree, voting for Obama because he is black and ONLY for that reason is dumb. My reasoning was more along the lines of how Colin Powell came to his conclusion. I honestly do like John McCain and I really hate that his campaign took the turn that he did and he ceased being the 2000 maverick that he once was. His speech last night reminded me of the John McCain that many people love..</body> 
 </post> 
<post id= "MS_12780_52205524"> 
<user id ="MS_113914571"> 
	 <username>BKLounge</username> 
	 <sex>M</sex> 
	 <age>27</age> 
	 <city>Massachusetts</city> 
	 <province></province> 
	 <country>US</country> 
	 </user> 
<date>1225884420</date> 
 <body>   You said that not me. I never said anything of the kind.  I know plenty of Muslims, and they think Farakahn and Wright are a coupla nut bags. They voted for McCain by the way.  One family owns 2 liquor stores and a gas station and theyve only lived in this country for 10 years. This was thier first US election as voting citizens.  They really thought Americans were gonna kill them after 9/11, and they live in Massachusetts. They pulled thier children outta school cause the other school kids were pretty mean.</body> 
 </post> 
<post id= "MS_12780_52206677"> 
<user id ="MS_113914571"> 
	 <username>BKLounge</username> 
	 <sex>M</sex> 
	 <age>27</age> 
	 <city>Massachusetts</city> 
	 <province></province> 
	 <country>US</country> 
	 </user> 
<date>1225885800</date> 
 <body>   The President of the United States, is the most powerful man on the planet.  He can erase, COUNTRIES, with a word.  Im just glad Barack X has so much experience.  Now I know, I can trust him.</body> 
 </post> 
<post id= "MS_12780_52206741"> 
<user id ="MS_254074253"> 
	 <username>hazel_eyes</username> 
	 <sex>F</sex> 
	 <age>36</age> 
	 <city>Dramaville City</city> 
	 <province>Maryland</province> 
	 <country>US</country> 
	 </user> 
<date>1225885920</date> 
 <body>   black republicans?  you could say republicans.</body> 
 </post> 
<post id= "MS_12780_52206992"> 
<user id ="MS_33813339"> 
	 <username>BettieÃ¢ÅÂ¯RoushÃ¢âÂ¢</username> 
	 <sex>F</sex> 
	 <age>85</age> 
	 <city>Texas</city> 
	 <province></province> 
	 <country>US</country> 
	 </user> 
<date>1225886160</date> 
 <body> You are as much of a Republican as I am a Democrat. I wave the B.S flag.</body> 
 </post> 
<post id= "MS_12780_52208659"> 
<user id ="MS_31840169"> 
	 <username>Geoff</username> 
	 <sex>M</sex> 
	 <age>26</age> 
	 <city>DAVENPORT</city> 
	 <province>Iowa</province> 
	 <country>US</country> 
	 </user> 
<date>1225888080</date> 
 <body>    to be 100 percent honest, I was never a huge McCaing supporter either. I just thought that some of Obama policies were terrible for our country. It has nothing to do with him, but rather the policies and beliefs that his party. Saying that, I think we can both agree that there is no perfect candidate for president. Every American has a view of what their perfect president would be and they all differ. I am wholeheartedly rooting for America to pick itself up and get this country going, but this blaming the problem on republicans or democrats is illogical.  I am happy that people can elect a black president I just wish his policies aligned with my views. Oh well, in all reality, I am still going to finish college, keep working, and the president cannot control that. I am only going to worry about what I can control which is my own life.</body> 
 </post> 
<post id= "MS_12780_52213507"> 
<user id ="MS_425414678"> 
	 <username>James Knox Polk</username> 
	 <sex>M</sex> 
	 <age>25</age> 
	 <city>Montana</city> 
	 <province></province> 
	 <country>US</country> 
	 </user> 
<date>1225893900</date> 
 <body>i woud also like to add that no matter what we say here...... Barack Obama is our next prez. If you don't like it you can always leave :-)</body> 
 </post> 
<post id= "MS_12780_52213520"> 
<user id ="MS_425414678"> 
	 <username>James Knox Polk</username> 
	 <sex>M</sex> 
	 <age>25</age> 
	 <city>Montana</city> 
	 <province></province> 
	 <country>US</country> 
	 </user> 
<date>1225893900</date> 
 <body>  *fixed*</body> 
 </post> 
</posts>