<?xml version="1.0" encoding="UTF-8"?> 
 <posts> 
<post id= "MS_12780_52200099"> 
<user id ="MS_45565737"> 
	 <username>Day Man: Fighter of the night man.</username> 
	 <sex>M</sex> 
	 <age>26</age> 
	 <city>Goodbye Beaumont (thanks for the whiskey)</city> 
	 <province>Texas</province> 
	 <country>US</country> 
	 </user> 
<date>1225878000</date> 
 <body>This is actually a really good thread, I hope it gets some responses. I was thinking this exact same thing today.  The conversational limbo that probably exists in young black republican circles today has got to be pretty loud.</body> 
 </post> 
<post id= "MS_12780_52200130"> 
<user id ="MS_232205627"> 
	 <username>The Package Soldier</username> 
	 <sex>M</sex> 
	 <age>18</age> 
	 <city>VA BCH</city> 
	 <province>Virginia</province> 
	 <country>US</country> 
	 </user> 
<date>1225878000</date> 
 <body>Black republicans? You'll have better luck finding a black leprechaun.</body> 
 </post> 
<post id= "MS_12780_52200198"> 
<user id ="MS_245158151"> 
	 <username>P h a r a o h</username> 
	 <sex>M</sex> 
	 <age>20</age> 
	 <city>Tulsa</city> 
	 <province>Oklahoma</province> 
	 <country>US</country> 
	 </user> 
<date>1225878120</date> 
 <body>  They exist. They usually have sticks up their asses, so theyre not too hard to spot.</body> 
 </post> 
<post id= "MS_12780_52200363"> 
<user id ="MS_63834564"> 
	 <username>Scurmudgeon</username> 
	 <sex>M</sex> 
	 <age>28</age> 
	 <city>LANCASTER</city> 
	 <province>Ohio</province> 
	 <country>US</country> 
	 </user> 
<date>1225878300</date> 
 <body>How many black republicans did you think would respond?</body> 
 </post> 
<post id= "MS_12780_52200550"> 
<user id ="MS_25093006"> 
	 <username>Mark Gunn: Louisville's B-96.5</username> 
	 <sex>M</sex> 
	 <age>47</age> 
	 <city>Louisville</city> 
	 <province>Kentucky</province> 
	 <country>US</country> 
	 </user> 
<date>1225878540</date> 
 <body>I'm a Black Republican who DID vote for Obama and I couldn't be happier !!</body> 
 </post> 
<post id= "MS_12780_52200593"> 
<user id ="MS_425414678"> 
	 <username>James Knox Polk</username> 
	 <sex>M</sex> 
	 <age>25</age> 
	 <city>Montana</city> 
	 <province></province> 
	 <country>US</country> 
	 </user> 
<date>1225878540</date> 
 <body>  x2</body> 
 </post> 
<post id= "MS_12780_52200630"> 
<user id ="MS_171688972"> 
	 <username>Slim says Brodie Croyle fucking sucks</username> 
	 <sex>M</sex> 
	 <age>94</age> 
	 <city>New Orleans (I live in Tallahassee now)</city> 
	 <province>Louisiana</province> 
	 <country>US</country> 
	 </user> 
<date>1225878600</date> 
 <body>  LOL..I wouldn't expect to find a whole lot of Republicans of any race today.</body> 
 </post> 
<post id= "MS_12780_52200638"> 
<user id ="MS_419711090"> 
	 <username>Now the real work begins...</username> 
	 <sex>M</sex> 
	 <age>32</age> 
	 <city>Where Space Is The Place was filmed</city> 
	 <province>California</province> 
	 <country>US</country> 
	 </user> 
<date>1225878600</date> 
 <body>  I guess some guy saw a post I left somewhere, because he was trying very hard to recruit me.  Hit my in box with whole bunch of links, and tried to get all buddy buddy talking about video games.  I lean to the right on a lot of issues (mostly financial, not the cultural stuff) but I have never given it any serious consideration.</body> 
 </post> 
<post id= "MS_12780_52200651"> 
<user id ="MS_63834564"> 
	 <username>Scurmudgeon</username> 
	 <sex>M</sex> 
	 <age>28</age> 
	 <city>LANCASTER</city> 
	 <province>Ohio</province> 
	 <country>US</country> 
	 </user> 
<date>1225878660</date> 
 <body>  No you're not...a black republican that is.</body> 
 </post> 
<post id= "MS_12780_52200714"> 
<user id ="MS_9032562"> 
	 <username>olumide</username> 
	 <sex>M</sex> 
	 <age>37</age> 
	 <city>COLUMBUS</city> 
	 <province>Georgia</province> 
	 <country>US</country> 
	 </user> 
<date>1225878720</date> 
 <body>  Good for you!! What made you decide to vote for him?</body> 
 </post> 
</posts>