<?xml version="1.0" encoding="UTF-8"?> 
 <posts> 
<post id= "MS_12780_52201845"> 
<user id ="MS_9032562"> 
	 <username>olumide</username> 
	 <sex>M</sex> 
	 <age>37</age> 
	 <city>COLUMBUS</city> 
	 <province>Georgia</province> 
	 <country>US</country> 
	 </user> 
<date>1225880100</date> 
 <body>  Why did you stop with Barack X? You forgot the Barack Hussein Obama. I cannot get over thehuge irony that here we are in a war with Islamo-fascists and we elect a president named Barack Hussein Obama. hahahahaha. I love it...</body> 
 </post> 
<post id= "MS_12780_52201846"> 
<user id ="MS_171688972"> 
	 <username>Slim says Brodie Croyle fucking sucks</username> 
	 <sex>M</sex> 
	 <age>94</age> 
	 <city>New Orleans (I live in Tallahassee now)</city> 
	 <province>Louisiana</province> 
	 <country>US</country> 
	 </user> 
<date>1225880100</date> 
 <body>  I'm not a republican, she is.</body> 
 </post> 
<post id= "MS_12780_52202023"> 
<user id ="MS_883588"> 
	 <username>stephinitely, maybe.</username> 
	 <sex>F</sex> 
	 <age>22</age> 
	 <city>321</city> 
	 <province>Florida</province> 
	 <country>US</country> 
	 </user> 
<date>1225880340</date> 
 <body>   but race did play a huge part in this election for a lot of people (whether it be for positive or negative reasons). i understand his friend's mentality.  it will definitely be historical and it is certainly something to be proud of, but it was not the first step and it should not be the last.  the real accomplishment will be the day that an african-american, female, asian, gay, atheist, muslim, (ect) president is not considered a change.  this wouldn't mean we are color-blind, it would mean we are finally accepting.</body> 
 </post> 
<post id= "MS_12780_52202085"> 
<user id ="MS_113914571"> 
	 <username>BKLounge</username> 
	 <sex>M</sex> 
	 <age>27</age> 
	 <city>Massachusetts</city> 
	 <province></province> 
	 <country>US</country> 
	 </user> 
<date>1225880400</date> 
 <body>   Racists often do.  Im not confused. Hes no MLK wannabe, hes a Malcolm X wannabe.  Thats why jesse wanted to cut his nuts off.  Thats why his spiritual mentor, quotes Malcolm X, and hangs out with Louis Farrakahn.  Hes no christian.</body> 
 </post> 
<post id= "MS_12780_52202112"> 
<user id ="MS_31840169"> 
	 <username>Geoff</username> 
	 <sex>M</sex> 
	 <age>26</age> 
	 <city>DAVENPORT</city> 
	 <province>Iowa</province> 
	 <country>US</country> 
	 </user> 
<date>1225880460</date> 
 <body>    I agree that race should not play a role. I voted for McCain not because of race, so don't act like people who didn't vote for Barack are not mature enough. I have heard two of my best friends (african americans) tell me they were voting for Barack because he is black. Is that not racist? Could I say I voted for McCain because he is white?? We got in many arguements about this but still remain friends because we dont spew hate at each other but intellectual differences. We definately not living in color blind society. Hell I just got done listening to Al Sharpton continue to live in a race based society. He is not savior on black issues, but a problem. My friends even said that Al Sharpton does not speak for them and shouldn't speak for every african american.</body> 
 </post> 
<post id= "MS_12780_52204187"> 
<user id ="MS_9032562"> 
	 <username>olumide</username> 
	 <sex>M</sex> 
	 <age>37</age> 
	 <city>COLUMBUS</city> 
	 <province>Georgia</province> 
	 <country>US</country> 
	 </user> 
<date>1225882800</date> 
 <body>  Well, you are entitled to your opinion. But need I remind you, your argument assumes that all Christians are saints and all Muslims are demons, and that in of itself is not true..</body> 
 </post> 
<post id= "MS_12780_52204266"> 
<user id ="MS_9032562"> 
	 <username>olumide</username> 
	 <sex>M</sex> 
	 <age>37</age> 
	 <city>COLUMBUS</city> 
	 <province>Georgia</province> 
	 <country>US</country> 
	 </user> 
<date>1225882920</date> 
 <body>  I agree, voting for Obama because he is black and ONLY for that reason is dumb. My reasoning was more along the lines of how Colin Powell came to his conclusion. I honestly do like John McCain and I really hate that his campaign took the turn that he did and he ceased being the 2000 maverick that he once was. His speech last night reminded me of the John McCain that many people love..</body> 
 </post> 
<post id= "MS_12780_52205524"> 
<user id ="MS_113914571"> 
	 <username>BKLounge</username> 
	 <sex>M</sex> 
	 <age>27</age> 
	 <city>Massachusetts</city> 
	 <province></province> 
	 <country>US</country> 
	 </user> 
<date>1225884420</date> 
 <body>   You said that not me. I never said anything of the kind.  I know plenty of Muslims, and they think Farakahn and Wright are a coupla nut bags. They voted for McCain by the way.  One family owns 2 liquor stores and a gas station and theyve only lived in this country for 10 years. This was thier first US election as voting citizens.  They really thought Americans were gonna kill them after 9/11, and they live in Massachusetts. They pulled thier children outta school cause the other school kids were pretty mean.</body> 
 </post> 
<post id= "MS_12780_52206677"> 
<user id ="MS_113914571"> 
	 <username>BKLounge</username> 
	 <sex>M</sex> 
	 <age>27</age> 
	 <city>Massachusetts</city> 
	 <province></province> 
	 <country>US</country> 
	 </user> 
<date>1225885800</date> 
 <body>   The President of the United States, is the most powerful man on the planet.  He can erase, COUNTRIES, with a word.  Im just glad Barack X has so much experience.  Now I know, I can trust him.</body> 
 </post> 
<post id= "MS_12780_52206741"> 
<user id ="MS_254074253"> 
	 <username>hazel_eyes</username> 
	 <sex>F</sex> 
	 <age>36</age> 
	 <city>Dramaville City</city> 
	 <province>Maryland</province> 
	 <country>US</country> 
	 </user> 
<date>1225885920</date> 
 <body>   black republicans?  you could say republicans.</body> 
 </post> 
</posts>