<?xml version="1.0" encoding="UTF-8"?> 
 <posts> 
<post id= "MS_26066_12449422"> 
<user id ="MS_78556763"> 
	 <username>Lynn</username> 
	 <sex>F</sex> 
	 <age>20</age> 
	 <city>TEMECULA</city> 
	 <province>CALIFORNIA</province> 
	 <country>US</country> 
	 </user> 
<date>1156750620</date> 
 <body>It has the best movie ending ever :)</body> 
 </post> 
<post id= "MS_26066_12470298"> 
<user id ="MS_63160773"> 
	 <username>annifer</username> 
	 <sex>F</sex> 
	 <age>23</age> 
	 <city>um, yeah</city> 
	 <province>Southwest</province> 
	 <country>UK</country> 
	 </user> 
<date>1156818360</date> 
 <body>i watched it when i was maybe too young but i thought it was great!    though.. i wish i had watched it when it came out.. i am a bit desensitised    i think that the episode of the simpsons where bart dresses as alex is great too.. he looks really sweet! in a disturbing way?</body> 
 </post> 
<post id= "MS_26066_12471475"> 
<user id ="MS_91712776"> 
	 <username>Ants</username> 
	 <sex>M</sex> 
	 <age>24</age> 
	 <city>Auckland</city> 
	 <province>Auckland</province> 
	 <country>NZ</country> 
	 </user> 
<date>1156824300</date> 
 <body>fukn legendary movie</body> 
 </post> 
<post id= "MS_26066_12492207"> 
<user id ="MS_97015817"> 
	 <username>Crystol Pistol (BabyBuster)</username> 
	 <sex>F</sex> 
	 <age>21</age> 
	 <city>Terrible</city> 
	 <province>Texas</province> 
	 <country>US</country> 
	 </user> 
<date>1156886100</date> 
 <body>read the book...it was awesome, , and the movie of course, kicked serious ass, , though i wish there were some more prison scenes like the book had.</body> 
 </post> 
<post id= "MS_26066_12492616"> 
<user id ="MS_7603083"> 
	 <username>Citizen Craig</username> 
	 <sex>M</sex> 
	 <age>31</age> 
	 <city>mILE hIGH</city> 
	 <province>Colorado</province> 
	 <country>US</country> 
	 </user> 
<date>1156887000</date> 
 <body>Oh ya, there's just something special about A Clockwork Orange, there's nothing else like it...not even close.  </body> 
 </post> 
<post id= "MS_26066_12496934"> 
<user id ="MS_99174361"> 
	 <username>miu</username> 
	 <sex>M</sex> 
	 <age>24</age> 
	 <city>CN</city> 
	 <province></province> 
	 <country></country> 
	 </user> 
<date>1156903920</date> 
 <body>i just like that movie...</body> 
 </post> 
<post id= "MS_26066_12502145"> 
<user id ="MS_93231484"> 
	 <username>Lucas</username> 
	 <sex>M</sex> 
	 <age>18</age> 
	 <city>Toronto</city> 
	 <province>Ontario</province> 
	 <country>CA</country> 
	 </user> 
<date>1156922460</date> 
 <body>I loved this movie, i have only seen it once but whoa. Great acting too :)</body> 
 </post> 
<post id= "MS_26066_12502320"> 
<user id ="MS_86570139"> 
	 <username>carol</username> 
	 <sex>F</sex> 
	 <age>52</age> 
	 <city>New Jersey</city> 
	 <province></province> 
	 <country>US</country> 
	 </user> 
<date>1156922880</date> 
 <body>one of my favorites of all time and how about the music</body> 
 </post> 
<post id= "MS_26066_12508319"> 
<user id ="MS_96174682"> 
	 <username>Furby</username> 
	 <sex>M</sex> 
	 <age>18</age> 
	 <city>Telford</city> 
	 <province>Midlands</province> 
	 <country>UK</country> 
	 </user> 
<date>1156934340</date> 
 <body>Alex: There was me, that is Alex, and my three droogs, that is Pete, Georgie, and Dim, and we sat in the Korova Milkbar trying to make up our rassoodocks what to do with the evening. The Korova milkbar sold milk-plus, milk plus vellocet or synthemesc or drencrom, which is what we were drinking. This would sharpen you up and make you ready for a bit of the old ultra-violence.    I wish we had a Korova Milkbar here ... with Pat Roach as a bouncer.    Alex: Excuse me, Mrs. Can you please help? There's been a terrible accident! My friend's in the middle of the road bleeding to death! Can I please use your telephone for an ambulance?</body> 
 </post> 
<post id= "MS_26066_12554599"> 
<user id ="MS_81291464"> 
	 <username>Second Heaven</username> 
	 <sex>M</sex> 
	 <age>28</age> 
	 <city>Phitsanulok</city> 
	 <province>Phitsanulok</province> 
	 <country>TH</country> 
	 </user> 
<date>1157067000</date> 
 <body>of course what a great movie cant believe it was banned for so long, i see worse on the news, a what an ending</body> 
 </post> 
</posts>