<?xml version="1.0" encoding="UTF-8"?> 
 <posts> 
<post id= "MS_26066_12554599"> 
<user id ="MS_81291464"> 
	 <username>Second Heaven</username> 
	 <sex>M</sex> 
	 <age>28</age> 
	 <city>Phitsanulok</city> 
	 <province>Phitsanulok</province> 
	 <country>TH</country> 
	 </user> 
<date>1157067000</date> 
 <body>of course what a great movie cant believe it was banned for so long, i see worse on the news, a what an ending</body> 
 </post> 
<post id= "MS_26066_12688494"> 
<user id ="MS_79072181"> 
	 <username>Katy</username> 
	 <sex>F</sex> 
	 <age>24</age> 
	 <city>London and South East</city> 
	 <province></province> 
	 <country>UK</country> 
	 </user> 
<date>1157438100</date> 
 <body>(whispers: I prefer the book)</body> 
 </post> 
<post id= "MS_26066_12696736"> 
<user id ="MS_79072181"> 
	 <username>Katy</username> 
	 <sex>F</sex> 
	 <age>24</age> 
	 <city>London and South East</city> 
	 <province></province> 
	 <country>UK</country> 
	 </user> 
<date>1157456400</date> 
 <body>What part are you going for? Alex, I hope :)    It's really hard to find other books like ACwO... The kinds of things that come up as 'similar' to it are Catch-22, 1984, Catcher in the Rye, Slaughterhouse-5... You could do something from One Flew Over The Cuckoo's Nest, but I really wouldn't know which part. Or something from The Wasp Factory?    There are some fair monologues in American Psycho, although I guess Bateman isn't close enough to an 'Alex' to convince your teachers you could play the part...      Bravo to your school though; edgy play to attempt!!</body> 
 </post> 
<post id= "MS_26066_12696865"> 
<user id ="MS_79072181"> 
	 <username>Katy</username> 
	 <sex>F</sex> 
	 <age>24</age> 
	 <city>London and South East</city> 
	 <province></province> 
	 <country>UK</country> 
	 </user> 
<date>1157456640</date> 
 <body>Sorry, didn't notice: you're a girl! :P Doesn't mean you can't play Alex... he IS meant to be 15, so maybe 18 y/o boys will be too mature ;)    If you're not going for that part, may I ask what are you going for?</body> 
 </post> 
<post id= "MS_26066_12697822"> 
<user id ="MS_85666767"> 
	 <username>Tara</username> 
	 <sex>F</sex> 
	 <age>36</age> 
	 <city>CLEARWATER</city> 
	 <province>FLORIDA</province> 
	 <country>US</country> 
	 </user> 
<date>1157458440</date> 
 <body>You can absolutely be Alex as a girl...I dressed as him for halloween two years in a row...I had to improvise with the costume though...you'ld be amazed at how much attention a girl in a jock strap over white quilted long johns get...I was amazed however at how small the population of people that know this movie is. Everyone I know has seen it, but people would ask what are you, I'd tell them and get this blank stare...felt like beating the crap out of them with my walking stick!!!    Welly Welly.</body> 
 </post> 
<post id= "MS_26066_12697908"> 
<user id ="MS_85666767"> 
	 <username>Tara</username> 
	 <sex>F</sex> 
	 <age>36</age> 
	 <city>CLEARWATER</city> 
	 <province>FLORIDA</province> 
	 <country>US</country> 
	 </user> 
<date>1157458620</date> 
 <body>      That rocks....did he pass out holding the cane like that ? wow he really go into the role!</body> 
 </post> 
<post id= "MS_26066_12697960"> 
<user id ="MS_79072181"> 
	 <username>Katy</username> 
	 <sex>F</sex> 
	 <age>24</age> 
	 <city>London and South East</city> 
	 <province></province> 
	 <country>UK</country> 
	 </user> 
<date>1157458740</date> 
 <body>Last Halloween I dressed up as one of the students in Battle Royal... ah, nothing sexier than a school uniform covered in blood. Most people didnt get who I was meant to be, so I beat them with my plastic axe. Ah, happy days...</body> 
 </post> 
<post id= "MS_26066_12916320"> 
<user id ="MS_31807483"> 
	 <username>2ndshow [dot] wordpress [dot] com</username> 
	 <sex>M</sex> 
	 <age>108</age> 
	 <city>Indiana</city> 
	 <province></province> 
	 <country>US</country> 
	 </user> 
<date>1158129000</date> 
 <body>Gorgosity!!!</body> 
 </post> 
<post id= "MS_26066_13044477"> 
<user id ="MS_69266021"> 
	 <username>steven.</username> 
	 <sex>M</sex> 
	 <age>37</age> 
	 <city>SAN FRANCISCO</city> 
	 <province>CALIFORNIA</province> 
	 <country>US</country> 
	 </user> 
<date>1158546000</date> 
 <body>Brilliant Flick...</body> 
 </post> 
<post id= "MS_26066_13079200"> 
<user id ="MS_106995633"> 
	 <username>dul Ã§ing</username> 
	 <sex>F</sex> 
	 <age>28</age> 
	 <city>London and South East</city> 
	 <province></province> 
	 <country>UK</country> 
	 </user> 
<date>1158617880</date> 
 <body>"As an unmuddied lake, Fred. As clear as an azure sky of deepest summer. You can rely on me, Fred."    I love this film fred</body> 
 </post> 
</posts>