<?xml version="1.0" encoding="UTF-8"?> 
 <posts> 
<post id= "MS_26066_12175724"> 
<user id ="MS_97667209"> 
	 <username>Sherise</username> 
	 <sex>F</sex> 
	 <age>18</age> 
	 <city>CA</city> 
	 <province></province> 
	 <country></country> 
	 </user> 
<date>1156008120</date> 
 <body>Excellent movie, excellent book. People think I can't like both, but they're two seperate things. And I Love both.</body> 
 </post> 
<post id= "MS_26066_12175763"> 
<user id ="MS_59464110"> 
	 <username>Jewels Mcblah</username> 
	 <sex>F</sex> 
	 <age>24</age> 
	 <city>Mississauga</city> 
	 <province>Ontario</province> 
	 <country>CA</country> 
	 </user> 
<date>1156008180</date> 
 <body>Love it!</body> 
 </post> 
<post id= "MS_26066_12175843"> 
<user id ="MS_22565185"> 
	 <username>Pilzkopf</username> 
	 <sex>M</sex> 
	 <age>43</age> 
	 <city>Underground</city> 
	 <province>Indiana</province> 
	 <country>US</country> 
	 </user> 
<date>1156008360</date> 
 <body>  I don't see what the problem is in liking both. Ah, I like them both, too.    </body> 
 </post> 
<post id= "MS_26066_12324277"> 
<user id ="MS_12893163"> 
	 <username>screaming eagle</username> 
	 <sex>M</sex> 
	 <age>26</age> 
	 <city>San Francisco</city> 
	 <province>CALIFORNIA</province> 
	 <country>US</country> 
	 </user> 
<date>1156397220</date> 
 <body>    A Clockwork Orange is one of the finest movies of all time, but i guess i still deserve to be shot.</body> 
 </post> 
<post id= "MS_26066_12343833"> 
<user id ="MS_16820684"> 
	 <username>jivemonkey</username> 
	 <sex>M</sex> 
	 <age>38</age> 
	 <city>WILLIAMSPORT</city> 
	 <province>INDIANA</province> 
	 <country>US</country> 
	 </user> 
<date>1156441980</date> 
 <body>    Anyone who would even consider comparing the two should be kicked in the yarbles...they are such different films.</body> 
 </post> 
<post id= "MS_26066_12366850"> 
<user id ="MS_100710430"> 
	 <username>bradley</username> 
	 <sex>M</sex> 
	 <age>29</age> 
	 <city>LOGANVILLE</city> 
	 <province>Georgia</province> 
	 <country>US</country> 
	 </user> 
<date>1156505340</date> 
 <body>who doesn'nt like a clockwork orange</body> 
 </post> 
<post id= "MS_26066_12375154"> 
<user id ="MS_16820684"> 
	 <username>jivemonkey</username> 
	 <sex>M</sex> 
	 <age>38</age> 
	 <city>WILLIAMSPORT</city> 
	 <province>INDIANA</province> 
	 <country>US</country> 
	 </user> 
<date>1156520340</date> 
 <body>I was trying to figure out the title for a long time, and finally got a decent explaination. Apparently it's a close reference to the UK slang for a slot machine. They call em' fruit machines (I just heard it used the other day in an Arctic Monkey's song!) and the fact it has inner workings like a clock. Alex feels life is a gamble, etc etc.  Any other theories?</body> 
 </post> 
<post id= "MS_26066_12431222"> 
<user id ="MS_16820684"> 
	 <username>jivemonkey</username> 
	 <sex>M</sex> 
	 <age>38</age> 
	 <city>WILLIAMSPORT</city> 
	 <province>INDIANA</province> 
	 <country>US</country> 
	 </user> 
<date>1156674540</date> 
 <body>    from the author's own words. Even better! Thanks.</body> 
 </post> 
<post id= "MS_26066_12449422"> 
<user id ="MS_78556763"> 
	 <username>Lynn</username> 
	 <sex>F</sex> 
	 <age>20</age> 
	 <city>TEMECULA</city> 
	 <province>CALIFORNIA</province> 
	 <country>US</country> 
	 </user> 
<date>1156750620</date> 
 <body>It has the best movie ending ever :)</body> 
 </post> 
<post id= "MS_26066_12470298"> 
<user id ="MS_63160773"> 
	 <username>annifer</username> 
	 <sex>F</sex> 
	 <age>23</age> 
	 <city>um, yeah</city> 
	 <province>Southwest</province> 
	 <country>UK</country> 
	 </user> 
<date>1156818360</date> 
 <body>i watched it when i was maybe too young but i thought it was great!    though.. i wish i had watched it when it came out.. i am a bit desensitised    i think that the episode of the simpsons where bart dresses as alex is great too.. he looks really sweet! in a disturbing way?</body> 
 </post> 
</posts>