<?xml version="1.0" encoding="UTF-8"?> 
 <posts> 
<post id= "MS_26066_11781734"> 
<user id ="MS_21483678"> 
	 <username>President Obama is my hero.</username> 
	 <sex>M</sex> 
	 <age>84</age> 
	 <city>Alaska</city> 
	 <province></province> 
	 <country>US</country> 
	 </user> 
<date>1155048900</date> 
 <body>Right fuckin' here!</body> 
 </post> 
<post id= "MS_26066_11782386"> 
<user id ="MS_18875801"> 
	 <username>Zaldania Mauvais</username> 
	 <sex>F</sex> 
	 <age>25</age> 
	 <city>Castleton/Geist</city> 
	 <province>Indiana</province> 
	 <country>US</country> 
	 </user> 
<date>1155049980</date> 
 <body>Aye.</body> 
 </post> 
<post id= "MS_26066_11782548"> 
<user id ="MS_79008300"> 
	 <username>Partyboy In Lima</username> 
	 <sex>M</sex> 
	 <age>28</age> 
	 <city>LIMA</city> 
	 <province>Ohio</province> 
	 <country>US</country> 
	 </user> 
<date>1155050280</date> 
 <body>Who wants some pretty Polly and a bit of the old in out? Meet me at the milk plus.</body> 
 </post> 
<post id= "MS_26066_11786765"> 
<user id ="MS_44529424"> 
	 <username>Heteroclite</username> 
	 <sex>M</sex> 
	 <age>35</age> 
	 <city>Bethel Park</city> 
	 <province>Pennsylvania</province> 
	 <country>US</country> 
	 </user> 
<date>1155057840</date> 
 <body>Here's my son at age one, crashed out after a hard night of "surprise visits" for some trick-or-treatin'...    <center>      </center>    </body> 
 </post> 
<post id= "MS_26066_11788740"> 
<user id ="MS_79008300"> 
	 <username>Partyboy In Lima</username> 
	 <sex>M</sex> 
	 <age>28</age> 
	 <city>LIMA</city> 
	 <province>Ohio</province> 
	 <country>US</country> 
	 </user> 
<date>1155061200</date> 
 <body>I just have to say that is the coolest freaking kids costume EVER. Although it looks like he had a bit too much milk plus.</body> 
 </post> 
<post id= "MS_26066_11799238"> 
<user id ="MS_55343783"> 
	 <username>el moto loco</username> 
	 <sex>M</sex> 
	 <age>25</age> 
	 <city>REEDLEY</city> 
	 <province>California</province> 
	 <country>US</country> 
	 </user> 
<date>1155087060</date> 
 <body>i saw it when i was like 15. i think back and love the concept of the movie but i think i like it more now that im a LITTLE smarter</body> 
 </post> 
<post id= "MS_26066_11801654"> 
<user id ="MS_96760192"> 
	 <username>The Mexican</username> 
	 <sex>M</sex> 
	 <age>17</age> 
	 <city>Graceland</city> 
	 <province>Texas</province> 
	 <country>US</country> 
	 </user> 
<date>1155099240</date> 
 <body>Great film.</body> 
 </post> 
<post id= "MS_26066_11856219"> 
<user id ="MS_24268950"> 
	 <username>KennyKen</username> 
	 <sex>M</sex> 
	 <age>18</age> 
	 <city>Massachusetts</city> 
	 <province></province> 
	 <country>US</country> 
	 </user> 
<date>1155219720</date> 
 <body>One of the best films I ever viddied.</body> 
 </post> 
<post id= "MS_26066_11859190"> 
<user id ="MS_3859220"> 
	 <username>David</username> 
	 <sex>M</sex> 
	 <age>35</age> 
	 <city>Fresno</city> 
	 <province>California</province> 
	 <country>US</country> 
	 </user> 
<date>1155226800</date> 
 <body>Great fucking movie!! One of the best ever.</body> 
 </post> 
<post id= "MS_26066_11859423"> 
<user id ="MS_47541216"> 
	 <username>BILL</username> 
	 <sex>M</sex> 
	 <age>27</age> 
	 <city>BENSALEM</city> 
	 <province>PENNSYLVANIA</province> 
	 <country>US</country> 
	 </user> 
<date>1155227520</date> 
 <body>great movie. Very unique!</body> 
 </post> 
</posts>