<?xml version="1.0" encoding="UTF-8"?> 
 <posts> 
<post id= "MS_26066_11913909"> 
<user id ="MS_94695966"> 
	 <username>Casino Burn</username> 
	 <sex>F</sex> 
	 <age>108</age> 
	 <city>UK</city> 
	 <province></province> 
	 <country></country> 
	 </user> 
<date>1155370200</date> 
 <body>Great film, book and soundtrack. One of Kubrick's best films, along with The Shining.</body> 
 </post> 
<post id= "MS_26066_11914003"> 
<user id ="MS_56976834"> 
	 <username>SUZIE</username> 
	 <sex>F</sex> 
	 <age>19</age> 
	 <city>IE</city> 
	 <province></province> 
	 <country></country> 
	 </user> 
<date>1155370440</date> 
 <body>that a brillent movie  and the look of it  it just brillent movie</body> 
 </post> 
<post id= "MS_26066_12161732"> 
<user id ="MS_98524684"> 
	 <username>michael</username> 
	 <sex>M</sex> 
	 <age>38</age> 
	 <city>UK</city> 
	 <province></province> 
	 <country></country> 
	 </user> 
<date>1155980220</date> 
 <body>kubrick is probably the most overated director in movie history , but even he couldnt screw up source material like clockwork orange</body> 
 </post> 
<post id= "MS_26066_12175465"> 
<user id ="MS_22565185"> 
	 <username>Pilzkopf</username> 
	 <sex>M</sex> 
	 <age>43</age> 
	 <city>Underground</city> 
	 <province>Indiana</province> 
	 <country>US</country> 
	 </user> 
<date>1156007640</date> 
 <body>A Clockwork Orange is my second-favorite film.    </body> 
 </post> 
<post id= "MS_26066_12175724"> 
<user id ="MS_97667209"> 
	 <username>Sherise</username> 
	 <sex>F</sex> 
	 <age>18</age> 
	 <city>CA</city> 
	 <province></province> 
	 <country></country> 
	 </user> 
<date>1156008120</date> 
 <body>Excellent movie, excellent book. People think I can't like both, but they're two seperate things. And I Love both.</body> 
 </post> 
<post id= "MS_26066_12175763"> 
<user id ="MS_59464110"> 
	 <username>Jewels Mcblah</username> 
	 <sex>F</sex> 
	 <age>24</age> 
	 <city>Mississauga</city> 
	 <province>Ontario</province> 
	 <country>CA</country> 
	 </user> 
<date>1156008180</date> 
 <body>Love it!</body> 
 </post> 
<post id= "MS_26066_12175843"> 
<user id ="MS_22565185"> 
	 <username>Pilzkopf</username> 
	 <sex>M</sex> 
	 <age>43</age> 
	 <city>Underground</city> 
	 <province>Indiana</province> 
	 <country>US</country> 
	 </user> 
<date>1156008360</date> 
 <body>  I don't see what the problem is in liking both. Ah, I like them both, too.    </body> 
 </post> 
<post id= "MS_26066_12324277"> 
<user id ="MS_12893163"> 
	 <username>screaming eagle</username> 
	 <sex>M</sex> 
	 <age>26</age> 
	 <city>San Francisco</city> 
	 <province>CALIFORNIA</province> 
	 <country>US</country> 
	 </user> 
<date>1156397220</date> 
 <body>    A Clockwork Orange is one of the finest movies of all time, but i guess i still deserve to be shot.</body> 
 </post> 
<post id= "MS_26066_12343833"> 
<user id ="MS_16820684"> 
	 <username>jivemonkey</username> 
	 <sex>M</sex> 
	 <age>38</age> 
	 <city>WILLIAMSPORT</city> 
	 <province>INDIANA</province> 
	 <country>US</country> 
	 </user> 
<date>1156441980</date> 
 <body>    Anyone who would even consider comparing the two should be kicked in the yarbles...they are such different films.</body> 
 </post> 
<post id= "MS_26066_12366850"> 
<user id ="MS_100710430"> 
	 <username>bradley</username> 
	 <sex>M</sex> 
	 <age>29</age> 
	 <city>LOGANVILLE</city> 
	 <province>Georgia</province> 
	 <country>US</country> 
	 </user> 
<date>1156505340</date> 
 <body>who doesn'nt like a clockwork orange</body> 
 </post> 
</posts>