<?xml version="1.0" encoding="UTF-8"?> 
 <posts> 
<post id= "MS_26066_11856219"> 
<user id ="MS_24268950"> 
	 <username>KennyKen</username> 
	 <sex>M</sex> 
	 <age>18</age> 
	 <city>Massachusetts</city> 
	 <province></province> 
	 <country>US</country> 
	 </user> 
<date>1155219720</date> 
 <body>One of the best films I ever viddied.</body> 
 </post> 
<post id= "MS_26066_11859190"> 
<user id ="MS_3859220"> 
	 <username>David</username> 
	 <sex>M</sex> 
	 <age>35</age> 
	 <city>Fresno</city> 
	 <province>California</province> 
	 <country>US</country> 
	 </user> 
<date>1155226800</date> 
 <body>Great fucking movie!! One of the best ever.</body> 
 </post> 
<post id= "MS_26066_11859423"> 
<user id ="MS_47541216"> 
	 <username>BILL</username> 
	 <sex>M</sex> 
	 <age>27</age> 
	 <city>BENSALEM</city> 
	 <province>PENNSYLVANIA</province> 
	 <country>US</country> 
	 </user> 
<date>1155227520</date> 
 <body>great movie. Very unique!</body> 
 </post> 
<post id= "MS_26066_11867271"> 
<user id ="MS_37016047"> 
	 <username>Steve</username> 
	 <sex>M</sex> 
	 <age>37</age> 
	 <city>Cream Ridge</city> 
	 <province>New Jersey</province> 
	 <country>US</country> 
	 </user> 
<date>1155241680</date> 
 <body>Friggin awesome flick. Loved The Shining too. And even though the story was kinda boring, Barry Lyndon was a gorgeous flick. First half of Full Metal Jacket was cool too.</body> 
 </post> 
<post id= "MS_26066_11867976"> 
<user id ="MS_98169862"> 
	 <username>Adam T</username> 
	 <sex>M</sex> 
	 <age>17</age> 
	 <city>Fisher</city> 
	 <province>Illinois</province> 
	 <country>US</country> 
	 </user> 
<date>1155243240</date> 
 <body>It's an incredible film. Stanley Kubrick is surely one of the greatest filmmakers of all-time. I would place him above Welles, Godard, Dreyer, Bergman, Fellini and Bunuel, and that's saying quite a bit.</body> 
 </post> 
<post id= "MS_26066_11870281"> 
<user id ="MS_8352463"> 
	 <username>Alabaster Grandmaster</username> 
	 <sex>M</sex> 
	 <age>99</age> 
	 <city>Burbank</city> 
	 <province>California</province> 
	 <country>US</country> 
	 </user> 
<date>1155249600</date> 
 <body>Stanley Kubrick, and seeing "Clockwork Orange" as a teenager were what made me start to study film as a potential art form, not just the Hollywood products shoved into release dates that I was used to up until that point (and that, more and more, movies tend towards now). It was just so unique and powerful, and in a way, through its own antisocial nature, it gave me the strength to get through those uncertain high school years, where I often felt caged up and institutionalized like Alex. A lot of people didn't understand it, wrote it off as too weird or disturbing (which it is, certainly was at the time, though times have changed), but then it's not meant to be a family film. I wrote like 2 papers on it in college.    Although I for one think filmmakers are far too casual with releasing Special Edition DVD versions of movies these days, there's one movie where it'd be really nice to see just that, so we might have something with promotional materials and essays and documentaries detailing its influence and transition to the screen, and with any luck, a commentary by Malcolm McDowell and Jan Harlan detailing their thoughts about it, and Kubrick himself (RIP, Stan).</body> 
 </post> 
<post id= "MS_26066_11872932"> 
<user id ="MS_71147939"> 
	 <username>Robert</username> 
	 <sex>M</sex> 
	 <age>18</age> 
	 <city>Pig City</city> 
	 <province>Queensland</province> 
	 <country>AU</country> 
	 </user> 
<date>1155261060</date> 
 <body>Another fan here.    I even dressed like Alex last Saturday.        Indeed.</body> 
 </post> 
<post id= "MS_26066_11913909"> 
<user id ="MS_94695966"> 
	 <username>Casino Burn</username> 
	 <sex>F</sex> 
	 <age>108</age> 
	 <city>UK</city> 
	 <province></province> 
	 <country></country> 
	 </user> 
<date>1155370200</date> 
 <body>Great film, book and soundtrack. One of Kubrick's best films, along with The Shining.</body> 
 </post> 
<post id= "MS_26066_11914003"> 
<user id ="MS_56976834"> 
	 <username>SUZIE</username> 
	 <sex>F</sex> 
	 <age>19</age> 
	 <city>IE</city> 
	 <province></province> 
	 <country></country> 
	 </user> 
<date>1155370440</date> 
 <body>that a brillent movie  and the look of it  it just brillent movie</body> 
 </post> 
<post id= "MS_26066_12161732"> 
<user id ="MS_98524684"> 
	 <username>michael</username> 
	 <sex>M</sex> 
	 <age>38</age> 
	 <city>UK</city> 
	 <province></province> 
	 <country></country> 
	 </user> 
<date>1155980220</date> 
 <body>kubrick is probably the most overated director in movie history , but even he couldnt screw up source material like clockwork orange</body> 
 </post> 
</posts>