<?xml version="1.0" encoding="UTF-8"?> 
 <posts> 
<post id= "MS_30598_13260100"> 
<user id ="MS_69611633"> 
	 <username>Gareth</username> 
	 <sex>M</sex> 
	 <age>25</age> 
	 <city>London</city> 
	 <province>London and South East</province> 
	 <country>UK</country> 
	 </user> 
<date>1159080780</date> 
 <body>    I prefer the movie to the book - animated bestial hedges are not scary, and Jack Nicholson's so good in the role. And that guy what plays the waiter-cum-Delbert O'Grady. The toilet scene is eerie in the book too, mind.</body> 
 </post> 
<post id= "MS_30598_13260383"> 
<user id ="MS_103770118"> 
	 <username>Bizza</username> 
	 <sex>M</sex> 
	 <age>26</age> 
	 <city>Darlington</city> 
	 <province>Northeast</province> 
	 <country>UK</country> 
	 </user> 
<date>1159081380</date> 
 <body>Loved the book, not seen the film yet.    And those hedge animals were fucking creepy.</body> 
 </post> 
<post id= "MS_30598_13260488"> 
<user id ="MS_69611633"> 
	 <username>Gareth</username> 
	 <sex>M</sex> 
	 <age>25</age> 
	 <city>London</city> 
	 <province>London and South East</province> 
	 <country>UK</country> 
	 </user> 
<date>1159081620</date> 
 <body>Be serious now! And that corny ending - KABOOM!</body> 
 </post> 
<post id= "MS_30598_13260906"> 
<user id ="MS_70140500"> 
	 <username>randy</username> 
	 <sex>M</sex> 
	 <age>42</age> 
	 <city>HOPE</city> 
	 <province>ARKANSAS</province> 
	 <country>US</country> 
	 </user> 
<date>1159082400</date> 
 <body>I love this movie, but then again I love just about all of King's movie's</body> 
 </post> 
<post id= "MS_30598_13261003"> 
<user id ="MS_72468219"> 
	 <username>Kiran</username> 
	 <sex>M</sex> 
	 <age>22</age> 
	 <city>Galway</city> 
	 <province>Galway</province> 
	 <country>IE</country> 
	 </user> 
<date>1159082580</date> 
 <body>I loved it, very scary, and Nicholson was brilliant in it.</body> 
 </post> 
<post id= "MS_30598_13261205"> 
<user id ="MS_106010987"> 
	 <username>Liam</username> 
	 <sex>M</sex> 
	 <age>34</age> 
	 <city>Belfast</city> 
	 <province></province> 
	 <country>UK</country> 
	 </user> 
<date>1159083000</date> 
 <body>I love The Shining. Kubrick's vision is fantastic. A real atmospheric chiller, with a very chilling score too.</body> 
 </post> 
<post id= "MS_30598_13349117"> 
<user id ="MS_101615527"> 
	 <username>Claire</username> 
	 <sex>F</sex> 
	 <age>18</age> 
	 <city>UK</city> 
	 <province></province> 
	 <country></country> 
	 </user> 
<date>1159263540</date> 
 <body>I think that reading the book first spoils the movie, but the shining on its own is a brilliant movie, only Stanley Kubrick and Jack Nicholson could do it ;)</body> 
 </post> 
<post id= "MS_30598_13385238"> 
<user id ="MS_104867229"> 
	 <username>Harmony</username> 
	 <sex>F</sex> 
	 <age>29</age> 
	 <city>Chilliwack</city> 
	 <province></province> 
	 <country>CA</country> 
	 </user> 
<date>1159345080</date> 
 <body>I love the Shining, although lets all be honest its getting kinda dated. The campy 70s interior of the Overlook is killing the wicked storyline. I think if you can overlook the camp factor the movie is a true classic. I'd love to see it redone, but cant think of anyone better than Jack...  We may be the last generation to truly love this movie in all its campy classic-ness...  How sad.</body> 
 </post> 
<post id= "MS_30598_13444798"> 
<user id ="MS_107894153"> 
	 <username>Down In It 738</username> 
	 <sex>M</sex> 
	 <age>25</age> 
	 <city>ASHEVILLE</city> 
	 <province>NORTH CAROLINA</province> 
	 <country>US</country> 
	 </user> 
<date>1159456980</date> 
 <body>I Live it everyday.Except my little friends Dr.Gonzo , not Tony....lol.</body> 
 </post> 
<post id= "MS_30598_13445759"> 
<user id ="MS_39674322"> 
	 <username>Clay</username> 
	 <sex>M</sex> 
	 <age>21</age> 
	 <city>SALT LAKE CITY</city> 
	 <province>UTAH</province> 
	 <country>US</country> 
	 </user> 
<date>1159458420</date> 
 <body>first off. you cant compare books and movies. there two different mediums. of course the movie is going to leave stuff out. you really just cant comapare them.    two: the movie is technically based off the book, but lets be honest, half of the story was completely changed. its almost a whole other story.    i get so tired of all these elitest book worms thinking there art is so much better them film.</body> 
 </post> 
</posts>