<?xml version="1.0" encoding="UTF-8"?> 
 <posts> 
<post id= "MS_30598_13349117"> 
<user id ="MS_101615527"> 
	 <username>Claire</username> 
	 <sex>F</sex> 
	 <age>18</age> 
	 <city>UK</city> 
	 <province></province> 
	 <country></country> 
	 </user> 
<date>1159263540</date> 
 <body>I think that reading the book first spoils the movie, but the shining on its own is a brilliant movie, only Stanley Kubrick and Jack Nicholson could do it ;)</body> 
 </post> 
<post id= "MS_30598_13385238"> 
<user id ="MS_104867229"> 
	 <username>Harmony</username> 
	 <sex>F</sex> 
	 <age>29</age> 
	 <city>Chilliwack</city> 
	 <province></province> 
	 <country>CA</country> 
	 </user> 
<date>1159345080</date> 
 <body>I love the Shining, although lets all be honest its getting kinda dated. The campy 70s interior of the Overlook is killing the wicked storyline. I think if you can overlook the camp factor the movie is a true classic. I'd love to see it redone, but cant think of anyone better than Jack...  We may be the last generation to truly love this movie in all its campy classic-ness...  How sad.</body> 
 </post> 
<post id= "MS_30598_13444798"> 
<user id ="MS_107894153"> 
	 <username>Down In It 738</username> 
	 <sex>M</sex> 
	 <age>25</age> 
	 <city>ASHEVILLE</city> 
	 <province>NORTH CAROLINA</province> 
	 <country>US</country> 
	 </user> 
<date>1159456980</date> 
 <body>I Live it everyday.Except my little friends Dr.Gonzo , not Tony....lol.</body> 
 </post> 
<post id= "MS_30598_13445759"> 
<user id ="MS_39674322"> 
	 <username>Clay</username> 
	 <sex>M</sex> 
	 <age>21</age> 
	 <city>SALT LAKE CITY</city> 
	 <province>UTAH</province> 
	 <country>US</country> 
	 </user> 
<date>1159458420</date> 
 <body>first off. you cant compare books and movies. there two different mediums. of course the movie is going to leave stuff out. you really just cant comapare them.    two: the movie is technically based off the book, but lets be honest, half of the story was completely changed. its almost a whole other story.    i get so tired of all these elitest book worms thinking there art is so much better them film.</body> 
 </post> 
<post id= "MS_30598_13445857"> 
<user id ="MS_29343064"> 
	 <username>Wolf</username> 
	 <sex>M</sex> 
	 <age>18</age> 
	 <city>Evermore</city> 
	 <province>Washington</province> 
	 <country>US</country> 
	 </user> 
<date>1159458540</date> 
 <body>The shinning is a classic hands down! I wasn't really scared of the movies until I saw two scenes.    1. The hot naked chick turning into a old ugly woman.    2. A guy in the bear suite giving oral to some random dude.      The whole bear thing scared the shit out of me for a week!</body> 
 </post> 
<post id= "MS_30598_13446034"> 
<user id ="MS_72332261"> 
	 <username>PÃÂ¡draig</username> 
	 <sex>M</sex> 
	 <age>18</age> 
	 <city>Longford</city> 
	 <province></province> 
	 <country>IE</country> 
	 </user> 
<date>1159458780</date> 
 <body>The Shining is good, but I got Dr Strangelove the other day and it's just brilliant in almost every way.</body> 
 </post> 
<post id= "MS_30598_13446126"> 
<user id ="MS_29343064"> 
	 <username>Wolf</username> 
	 <sex>M</sex> 
	 <age>18</age> 
	 <city>Evermore</city> 
	 <province>Washington</province> 
	 <country>US</country> 
	 </user> 
<date>1159458900</date> 
 <body>Oh I forgot! "RED RUM!!!!!"</body> 
 </post> 
<post id= "MS_30598_13446391"> 
<user id ="MS_38540388"> 
	 <username>Paul</username> 
	 <sex>M</sex> 
	 <age>19</age> 
	 <city>London</city> 
	 <province></province> 
	 <country>UK</country> 
	 </user> 
<date>1159459320</date> 
 <body>Well about two or three years ago, i had to write a review for this film and obviously had to analyze the film. I enjoyed it quite alot and have watched it again for pure entertainment. A good film overall.</body> 
 </post> 
<post id= "MS_30598_13456657"> 
<user id ="MS_3859220"> 
	 <username>David</username> 
	 <sex>M</sex> 
	 <age>35</age> 
	 <city>Fresno</city> 
	 <province>California</province> 
	 <country>US</country> 
	 </user> 
<date>1159475580</date> 
 <body>        Never ceases to amaze me at the audacity of people to remake classics. For tv no less!! Id just love to be in a boardroom meeting when some dumbass comes up with an idea to redo a great film of the past.</body> 
 </post> 
<post id= "MS_30598_13457279"> 
<user id ="MS_17150886"> 
	 <username>OBAMA 08</username> 
	 <sex>F</sex> 
	 <age>34</age> 
	 <city>PHOENIX</city> 
	 <province>ARIZONA</province> 
	 <country>US</country> 
	 </user> 
<date>1159476900</date> 
 <body>It's a classic, and also classic jack. BTW Shelly Duvall is not a horrible actress!  "I'm not gonna hurt ya! I'm just gonna bash your fuckin brains in!"    CLASSIC    REDRUM REDRUM</body> 
 </post> 
</posts>