<?xml version="1.0" encoding="UTF-8"?> 
 <posts> 
<post id= "MS_30598_13233595"> 
<user id ="MS_7169909"> 
	 <username>Tom a.k.a (Blood Wolfâ¢)</username> 
	 <sex>M</sex> 
	 <age>20</age> 
	 <city>Blossburg</city> 
	 <province>Pennsylvania</province> 
	 <country>US</country> 
	 </user> 
<date>1159018740</date> 
 <body>Diturbing but very good</body> 
 </post> 
<post id= "MS_30598_13234078"> 
<user id ="MS_16368459"> 
	 <username>Kumatora</username> 
	 <sex>F</sex> 
	 <age>17</age> 
	 <city>FORT COLLINS</city> 
	 <province>COLORADO</province> 
	 <country>US</country> 
	 </user> 
<date>1159019400</date> 
 <body>i live in the same place as the hotel it was shot in... it was a good movie if i actually read the book i bet it would be better but i didn't so i like the movie ^^</body> 
 </post> 
<post id= "MS_30598_13234753"> 
<user id ="MS_32863940"> 
	 <username>Just Another Klown</username> 
	 <sex>M</sex> 
	 <age>31</age> 
	 <city>Corpus Christi</city> 
	 <province>Texas</province> 
	 <country>US</country> 
	 </user> 
<date>1159020420</date> 
 <body>The Shining is one of the few Stephen King movies I didnt think was cheesy. A great classic.</body> 
 </post> 
<post id= "MS_30598_13234857"> 
<user id ="MS_60719873"> 
	 <username>Jack Daniels 101</username> 
	 <sex>M</sex> 
	 <age>30</age> 
	 <city>UK</city> 
	 <province></province> 
	 <country></country> 
	 </user> 
<date>1159020600</date> 
 <body>the shining is class, did you notice that nicholsons wife in the film was a really bad actress, i think if they hadnt used such a strong actor as nicholson the film would have bombed.</body> 
 </post> 
<post id= "MS_30598_13234931"> 
<user id ="MS_110283798"> 
	 <username>DaveMoney</username> 
	 <sex>M</sex> 
	 <age>26</age> 
	 <city>Cherryhill</city> 
	 <province>New Jersey</province> 
	 <country>US</country> 
	 </user> 
<date>1159020720</date> 
 <body>I've never understood why he's so respected. all of his movies seem cheesy to me.</body> 
 </post> 
<post id= "MS_30598_13235723"> 
<user id ="MS_85019513"> 
	 <username>Jason</username> 
	 <sex>M</sex> 
	 <age>35</age> 
	 <city>NAPLES</city> 
	 <province>Florida</province> 
	 <country>US</country> 
	 </user> 
<date>1159021980</date> 
 <body>What makes the book so scary is Jack's slow descent into madness but a major flaw with the film is that Jack starts off as already crazy. When he smiles that famous grin with the crooked eye-brow we already know he's nuts. It takes the terror out of Jack's slow mental breakdown.</body> 
 </post> 
<post id= "MS_30598_13235908"> 
<user id ="MS_7169909"> 
	 <username>Tom a.k.a (Blood Wolfâ¢)</username> 
	 <sex>M</sex> 
	 <age>20</age> 
	 <city>Blossburg</city> 
	 <province>Pennsylvania</province> 
	 <country>US</country> 
	 </user> 
<date>1159022280</date> 
 <body>Jack Nichalson is an awsome actor.... he can act any part. and his movies are awsome</body> 
 </post> 
<post id= "MS_30598_13248051"> 
<user id ="MS_32804917"> 
	 <username>Jesse</username> 
	 <sex>M</sex> 
	 <age>40</age> 
	 <city>SANTA PAULA</city> 
	 <province>CALIFORNIA</province> 
	 <country>US</country> 
	 </user> 
<date>1159042440</date> 
 <body>It's a classic movie and the hotel it is based on (The Stanley Hotel) is really supposed to be haunted. My wife and I almost crashed off the road driving by it in the middle of a snow storm. At the time of the near accident, I was kidding around saying, "I'm coming for you Danny boy!" Ever since then I've been prohibited from doing impersonations while driving.</body> 
 </post> 
<post id= "MS_30598_13250825"> 
<user id ="MS_42848866"> 
	 <username>gabrielle</username> 
	 <sex>F</sex> 
	 <age>25</age> 
	 <city>otown</city> 
	 <province></province> 
	 <country>CA</country> 
	 </user> 
<date>1159047000</date> 
 <body>the movie is a complete classic, visually stunning, the music is great, jack is great... but frankly the book scared me more (!)</body> 
 </post> 
<post id= "MS_30598_13257454"> 
<user id ="MS_98524684"> 
	 <username>michael</username> 
	 <sex>M</sex> 
	 <age>38</age> 
	 <city>UK</city> 
	 <province></province> 
	 <country></country> 
	 </user> 
<date>1159073220</date> 
 <body>sorry , but i never rated the shining, i dont rate kubrick at all, my opinion.</body> 
 </post> 
</posts>