<?xml version="1.0" encoding="UTF-8"?> 
 <posts> 
<post id= "MS_30598_13248051"> 
<user id ="MS_32804917"> 
	 <username>Jesse</username> 
	 <sex>M</sex> 
	 <age>40</age> 
	 <city>SANTA PAULA</city> 
	 <province>CALIFORNIA</province> 
	 <country>US</country> 
	 </user> 
<date>1159042440</date> 
 <body>It's a classic movie and the hotel it is based on (The Stanley Hotel) is really supposed to be haunted. My wife and I almost crashed off the road driving by it in the middle of a snow storm. At the time of the near accident, I was kidding around saying, "I'm coming for you Danny boy!" Ever since then I've been prohibited from doing impersonations while driving.</body> 
 </post> 
<post id= "MS_30598_13250825"> 
<user id ="MS_42848866"> 
	 <username>gabrielle</username> 
	 <sex>F</sex> 
	 <age>25</age> 
	 <city>otown</city> 
	 <province></province> 
	 <country>CA</country> 
	 </user> 
<date>1159047000</date> 
 <body>the movie is a complete classic, visually stunning, the music is great, jack is great... but frankly the book scared me more (!)</body> 
 </post> 
<post id= "MS_30598_13257454"> 
<user id ="MS_98524684"> 
	 <username>michael</username> 
	 <sex>M</sex> 
	 <age>38</age> 
	 <city>UK</city> 
	 <province></province> 
	 <country></country> 
	 </user> 
<date>1159073220</date> 
 <body>sorry , but i never rated the shining, i dont rate kubrick at all, my opinion.</body> 
 </post> 
<post id= "MS_30598_13257518"> 
<user id ="MS_46879991"> 
	 <username>Lee</username> 
	 <sex>M</sex> 
	 <age>46</age> 
	 <city>San Francisco</city> 
	 <province></province> 
	 <country>US</country> 
	 </user> 
<date>1159073520</date> 
 <body>Fuckin' CLASSIC, despite what Stephen King says. Shelly Duvall is not a pretty woman but her performance exemplary. Nicholson was great, before this act of his became cliched (Batman, Witches of Eastwick).  What a creepy cast of ghouls! Philip Stone, Joe Turkel and those friggin' twins.  Oh, and let's not forget the old bag in the tub!</body> 
 </post> 
<post id= "MS_30598_13259647"> 
<user id ="MS_94695966"> 
	 <username>Casino Burn</username> 
	 <sex>F</sex> 
	 <age>108</age> 
	 <city>UK</city> 
	 <province></province> 
	 <country></country> 
	 </user> 
<date>1159079700</date> 
 <body>Excellent film. Infact it was on t.v. last night and I watched it again, one of Kubrick's best films.</body> 
 </post> 
<post id= "MS_30598_13260100"> 
<user id ="MS_69611633"> 
	 <username>Gareth</username> 
	 <sex>M</sex> 
	 <age>25</age> 
	 <city>London</city> 
	 <province>London and South East</province> 
	 <country>UK</country> 
	 </user> 
<date>1159080780</date> 
 <body>    I prefer the movie to the book - animated bestial hedges are not scary, and Jack Nicholson's so good in the role. And that guy what plays the waiter-cum-Delbert O'Grady. The toilet scene is eerie in the book too, mind.</body> 
 </post> 
<post id= "MS_30598_13260383"> 
<user id ="MS_103770118"> 
	 <username>Bizza</username> 
	 <sex>M</sex> 
	 <age>26</age> 
	 <city>Darlington</city> 
	 <province>Northeast</province> 
	 <country>UK</country> 
	 </user> 
<date>1159081380</date> 
 <body>Loved the book, not seen the film yet.    And those hedge animals were fucking creepy.</body> 
 </post> 
<post id= "MS_30598_13260488"> 
<user id ="MS_69611633"> 
	 <username>Gareth</username> 
	 <sex>M</sex> 
	 <age>25</age> 
	 <city>London</city> 
	 <province>London and South East</province> 
	 <country>UK</country> 
	 </user> 
<date>1159081620</date> 
 <body>Be serious now! And that corny ending - KABOOM!</body> 
 </post> 
<post id= "MS_30598_13260906"> 
<user id ="MS_70140500"> 
	 <username>randy</username> 
	 <sex>M</sex> 
	 <age>42</age> 
	 <city>HOPE</city> 
	 <province>ARKANSAS</province> 
	 <country>US</country> 
	 </user> 
<date>1159082400</date> 
 <body>I love this movie, but then again I love just about all of King's movie's</body> 
 </post> 
<post id= "MS_30598_13261003"> 
<user id ="MS_72468219"> 
	 <username>Kiran</username> 
	 <sex>M</sex> 
	 <age>22</age> 
	 <city>Galway</city> 
	 <province>Galway</province> 
	 <country>IE</country> 
	 </user> 
<date>1159082580</date> 
 <body>I loved it, very scary, and Nicholson was brilliant in it.</body> 
 </post> 
</posts>