<?xml version="1.0" encoding="UTF-8"?> 
 <posts> 
<post id= "MS_27676_48622272"> 
<user id ="MS_398694295"> 
	 <username>Jacks smirking revenge</username> 
	 <sex>M</sex> 
	 <age>29</age> 
	 <city>where the beer flows like wine</city> 
	 <province>California</province> 
	 <country>US</country> 
	 </user> 
<date>1219832880</date> 
 <body>the case had his keys in it  </body> 
 </post> 
<post id= "MS_27676_48622710"> 
<user id ="MS_191634299"> 
	 <username>Skull</username> 
	 <sex>M</sex> 
	 <age>100</age> 
	 <city>Illinois</city> 
	 <province></province> 
	 <country>US</country> 
	 </user> 
<date>1219833300</date> 
 <body>  and/or...  The Three Seashells mystery in Demolition Man... :)</body> 
 </post> 
<post id= "MS_27676_48622816"> 
<user id ="MS_53070853"> 
	 <username>Larry</username> 
	 <sex>M</sex> 
	 <age>34</age> 
	 <city>COCOA</city> 
	 <province>Florida</province> 
	 <country>US</country> 
	 </user> 
<date>1219833360</date> 
 <body>  Pastors do the same thing in church. They'll be right in the middle of a statement and then say "HELLO", or something like it.  It's a way to keep us ADD people paying attention. lol</body> 
 </post> 
<post id= "MS_27676_48623462"> 
<user id ="MS_191634299"> 
	 <username>Skull</username> 
	 <sex>M</sex> 
	 <age>100</age> 
	 <city>Illinois</city> 
	 <province></province> 
	 <country>US</country> 
	 </user> 
<date>1219834080</date> 
 <body>  Not really the same...  The object with the Breifcase, Beatrix's name is bleeped out or The Three Seashells Mystery is to keep you thinking about the movie long after the movie is over. It plays in your head as you try to figure out the mystery or you come up with your own conclusions... :)</body> 
 </post> 
<post id= "MS_27676_48627822"> 
<user id ="MS_22448491"> 
	 <username>Christophe O'BlivionÃ¢âÂ¢</username> 
	 <sex>M</sex> 
	 <age>29</age> 
	 <city>Hampshire</city> 
	 <province>London and South East</province> 
	 <country>UK</country> 
	 </user> 
<date>1219838400</date> 
 <body>Everyone knows this was in the briefcase:  </body> 
 </post> 
<post id= "MS_27676_48630219"> 
<user id ="MS_191634299"> 
	 <username>Skull</username> 
	 <sex>M</sex> 
	 <age>100</age> 
	 <city>Illinois</city> 
	 <province></province> 
	 <country>US</country> 
	 </user> 
<date>1219841040</date> 
 <body>Everyone should know this was in the briefcase:  </body> 
 </post> 
<post id= "MS_27676_48630640"> 
<user id ="MS_185504557"> 
	 <username>Baby Firefly</username> 
	 <sex>F</sex> 
	 <age>38</age> 
	 <city>Ruggsville</city> 
	 <province>Texas</province> 
	 <country>US</country> 
	 </user> 
<date>1219841580</date> 
 <body>ALL WRONG! HeHeHeHeHeHeHe!! It's Elvis' gold suit. Duh, even I knew that!</body> 
 </post> 
<post id= "MS_27676_48631426"> 
<user id ="MS_191634299"> 
	 <username>Skull</username> 
	 <sex>M</sex> 
	 <age>100</age> 
	 <city>Illinois</city> 
	 <province></province> 
	 <country>US</country> 
	 </user> 
<date>1219842600</date> 
 <body>  </body> 
 </post> 
<post id= "MS_27676_48631714"> 
<user id ="MS_3389609"> 
	 <username>redrum</username> 
	 <sex>M</sex> 
	 <age>69</age> 
	 <city>Don't bother asking</city> 
	 <province>I will NOT be your friend</province> 
	 <country>US</country> 
	 </user> 
<date>1219843020</date> 
 <body>  Way to get the joke, Captain Literal.</body> 
 </post> 
<post id= "MS_27676_48632998"> 
<user id ="MS_320148833"> 
	 <username>Ã¢ËÂ JennÃ¢ËÂ </username> 
	 <sex>F</sex> 
	 <age>28</age> 
	 <city>SACRAMENTO</city> 
	 <province>California</province> 
	 <country>US</country> 
	 </user> 
<date>1219844940</date> 
 <body>Here it is...        </body> 
 </post> 
</posts>