<?xml version="1.0" encoding="UTF-8"?> 
 <posts> 
<post id= "MS_27676_48617631"> 
<user id ="MS_404311851"> 
	 <username>Herger - Joyous</username> 
	 <sex>M</sex> 
	 <age>22</age> 
	 <city>BROWNSVILLE</city> 
	 <province>Texas</province> 
	 <country>US</country> 
	 </user> 
<date>1219827480</date> 
 <body>I figured it was gold. You know because of the Gold aura???? =)</body> 
 </post> 
<post id= "MS_27676_48618155"> 
<user id ="MS_158395355"> 
	 <username>Gory Corey</username> 
	 <sex>M</sex> 
	 <age>28</age> 
	 <city>I call your BLUFFton</city> 
	 <province>South Carolina</province> 
	 <country>US</country> 
	 </user> 
<date>1219828140</date> 
 <body>For a long time I thought it was a gateway to hell, or something along those lines. But that was mostly due to the fact that the combination to the briefcase appeared to be "666" and when opened, it glowed orange/yellow/gold colors, resembling the colors of fire. That's wrong though I'm sure. I like the theory of Marcellus' soul</body> 
 </post> 
<post id= "MS_27676_48618972"> 
<user id ="MS_191634299"> 
	 <username>Skull</username> 
	 <sex>M</sex> 
	 <age>100</age> 
	 <city>Illinois</city> 
	 <province></province> 
	 <country>US</country> 
	 </user> 
<date>1219829100</date> 
 <body> Jimmy Hoffa... :)</body> 
 </post> 
<post id= "MS_27676_48619175"> 
<user id ="MS_158395355"> 
	 <username>Gory Corey</username> 
	 <sex>M</sex> 
	 <age>28</age> 
	 <city>I call your BLUFFton</city> 
	 <province>South Carolina</province> 
	 <country>US</country> 
	 </user> 
<date>1219829400</date> 
 <body> LOL</body> 
 </post> 
<post id= "MS_27676_48619223"> 
<user id ="MS_5274330"> 
	 <username>Matt</username> 
	 <sex>M</sex> 
	 <age>23</age> 
	 <city>Oshawa</city> 
	 <province>Ontario</province> 
	 <country>CA</country> 
	 </user> 
<date>1219829460</date> 
 <body>Haha, I thought it was Tarantino's script to Inglorious Bastards.</body> 
 </post> 
<post id= "MS_27676_48622059"> 
<user id ="MS_53070853"> 
	 <username>Larry</username> 
	 <sex>M</sex> 
	 <age>34</age> 
	 <city>COCOA</city> 
	 <province>Florida</province> 
	 <country>US</country> 
	 </user> 
<date>1219832700</date> 
 <body>The reason why he did that was a trick on the audience. It's a way of pulling you in.  It's the same with Kill Bill when Beatrix's name is bleeped out.</body> 
 </post> 
<post id= "MS_27676_48622272"> 
<user id ="MS_398694295"> 
	 <username>Jacks smirking revenge</username> 
	 <sex>M</sex> 
	 <age>29</age> 
	 <city>where the beer flows like wine</city> 
	 <province>California</province> 
	 <country>US</country> 
	 </user> 
<date>1219832880</date> 
 <body>the case had his keys in it  </body> 
 </post> 
<post id= "MS_27676_48622710"> 
<user id ="MS_191634299"> 
	 <username>Skull</username> 
	 <sex>M</sex> 
	 <age>100</age> 
	 <city>Illinois</city> 
	 <province></province> 
	 <country>US</country> 
	 </user> 
<date>1219833300</date> 
 <body>  and/or...  The Three Seashells mystery in Demolition Man... :)</body> 
 </post> 
<post id= "MS_27676_48622816"> 
<user id ="MS_53070853"> 
	 <username>Larry</username> 
	 <sex>M</sex> 
	 <age>34</age> 
	 <city>COCOA</city> 
	 <province>Florida</province> 
	 <country>US</country> 
	 </user> 
<date>1219833360</date> 
 <body>  Pastors do the same thing in church. They'll be right in the middle of a statement and then say "HELLO", or something like it.  It's a way to keep us ADD people paying attention. lol</body> 
 </post> 
<post id= "MS_27676_48623462"> 
<user id ="MS_191634299"> 
	 <username>Skull</username> 
	 <sex>M</sex> 
	 <age>100</age> 
	 <city>Illinois</city> 
	 <province></province> 
	 <country>US</country> 
	 </user> 
<date>1219834080</date> 
 <body>  Not really the same...  The object with the Breifcase, Beatrix's name is bleeped out or The Three Seashells Mystery is to keep you thinking about the movie long after the movie is over. It plays in your head as you try to figure out the mystery or you come up with your own conclusions... :)</body> 
 </post> 
</posts>