<?xml version="1.0" encoding="UTF-8"?> 
 <posts> 
<post id= "MS_27676_13426657"> 
<user id ="MS_32863940"> 
	 <username>fucKlown u</username> 
	 <sex>M</sex> 
	 <age>31</age> 
	 <city>Corpus Christi</city> 
	 <province>Texas</province> 
	 <country>US</country> 
	 </user> 
<date>1159429920</date> 
 <body>    Its Quentin Tarrantino for God's sake! Since when are his films the norm? Besides that was out of his mouth, not a guess on anyone's part.</body> 
 </post> 
<post id= "MS_27676_13426877"> 
<user id ="MS_83775387"> 
	 <username>THE GOOD ROBOT US'S</username> 
	 <sex>F</sex> 
	 <age>108</age> 
	 <city>This alphabet town</city> 
	 <province>California</province> 
	 <country>US</country> 
	 </user> 
<date>1159430280</date> 
 <body>It was Mr. Wallace's fairy god parents. Motherf*cking Cosmo and that B*tch Wanda!</body> 
 </post> 
<post id= "MS_27676_13438767"> 
<user id ="MS_83882021"> 
	 <username>Richard</username> 
	 <sex>M</sex> 
	 <age>23</age> 
	 <city>Newquay</city> 
	 <province></province> 
	 <country>UK</country> 
	 </user> 
<date>1159448520</date> 
 <body>I can't beleive people are still talking about this.... well my theroies... Tarantino was once quizzed about the plaster/band-aid on the back of is neck, he responded by saying that Ving Rhames (Marselius Wallace) has a scar on the back of his neck, it was thought that this would be too distracting as he's a perfectionist and wanted the shot from the back of his head. Whoever made up the Devil-Removing-soul-from-back-of-next-(fact) is laughing his fucking ass of, because that has never been said in ANY documented writtings about Beelezebub (that i've found, feel free to correct me).  As for the contents of the case... Elvis's Gold Suit. Featured in Tarantino's True Romance (i know i know he only wrote it, don't feel free to correct me). Okay so i don't have much in the way of proof but this is Tarantino's quest he creates questions so people keep on talking about it for years to come. Like we're doing now.      Why is Reservoir Dogs called Reservoir Dogs?    I therefore rest my case m'lord.    Be Cool.</body> 
 </post> 
<post id= "MS_27676_13459240"> 
<user id ="MS_91129591"> 
	 <username>Anthony</username> 
	 <sex>M</sex> 
	 <age>30</age> 
	 <city>ORLANDO</city> 
	 <province>Florida</province> 
	 <country>US</country> 
	 </user> 
<date>1159481580</date> 
 <body>I think it was Samuel Jackson's soul!! The "Bad Mutha Fucka" glow! Sho nuf!!</body> 
 </post> 
<post id= "MS_27676_13463123"> 
<user id ="MS_35199986"> 
	 <username>Kris</username> 
	 <sex>M</sex> 
	 <age>21</age> 
	 <city>Wrexham/Welshpool</city> 
	 <province>Wales</province> 
	 <country>UK</country> 
	 </user> 
<date>1159500180</date> 
 <body>    Same here.</body> 
 </post> 
<post id= "MS_27676_13485640"> 
<user id ="MS_30321144"> 
	 <username>Dustin</username> 
	 <sex>M</sex> 
	 <age>30</age> 
	 <city>CA</city> 
	 <province></province> 
	 <country></country> 
	 </user> 
<date>1159543320</date> 
 <body>    There isn't much debate over what events take place in what order. That's relatively easy to figure out in one viewing.    As for what is in the briefcase, I think people over think it. It doesn't really matter, it's sort of a fill in the blank for whatever is valuable to a gangster. Be that money, drugs, jewelry, or whatever. Just my opinion.</body> 
 </post> 
<post id= "MS_27676_13487659"> 
<user id ="MS_85019513"> 
	 <username>Jason</username> 
	 <sex>M</sex> 
	 <age>35</age> 
	 <city>NAPLES</city> 
	 <province>Florida</province> 
	 <country>US</country> 
	 </user> 
<date>1159546500</date> 
 <body>I've read that the Golden/Yellow glow from the briefcase represented the color of the Oscar statue as sort of an 'in' joke amoung Hollywood insiders because everyone in the film idustries dream is to win an Academy Award.</body> 
 </post> 
<post id= "MS_27676_13489095"> 
<user id ="MS_76678673"> 
	 <username>Big Blue Wrecking Crew</username> 
	 <sex>M</sex> 
	 <age>36</age> 
	 <city>Caught Somewhere in Time!!</city> 
	 <province>Florida</province> 
	 <country>US</country> 
	 </user> 
<date>1159548840</date> 
 <body>From what i know it's Marsellus Wallace's Soul.    That's why he has the bandaid on the back of his neck.  I've heard Tarantino say that.</body> 
 </post> 
<post id= "MS_27676_13489410"> 
<user id ="MS_54690458"> 
	 <username>Jay</username> 
	 <sex>M</sex> 
	 <age>35</age> 
	 <city>Long Island</city> 
	 <province>New York</province> 
	 <country>US</country> 
	 </user> 
<date>1159549380</date> 
 <body>The theory I like is that it's the diamonds from Reservoir Dogs. The 'soul' theory is the most popular, I think.</body> 
 </post> 
<post id= "MS_27676_13490249"> 
<user id ="MS_5274330"> 
	 <username>Matt</username> 
	 <sex>M</sex> 
	 <age>23</age> 
	 <city>Oshawa</city> 
	 <province>Ontario</province> 
	 <country>CA</country> 
	 </user> 
<date>1159550820</date> 
 <body>The truth is nothing is suppose to be in the breifcase. It's up to the viewer what is it in the case. Tarantino and Avary didn't know what to put in the case since they thought the diamonds from the heist in Reservoir Dogs wasn't original enough.    Also what religious text does it say the Devil takes the soul from the back of the neck? Rhames just had a scar on the back of his neck, and Tarantino being the perfectionist he is, didn't want the scar on screen. Hense the band-aid, and this is backed up by Tarantino himself.    The rest are just theories.</body> 
 </post> 
</posts>