<?xml version="1.0" encoding="UTF-8"?> 
 <posts> 
<post id= "MS_27676_48630219"> 
<user id ="MS_191634299"> 
	 <username>Skull</username> 
	 <sex>M</sex> 
	 <age>100</age> 
	 <city>Illinois</city> 
	 <province></province> 
	 <country>US</country> 
	 </user> 
<date>1219841040</date> 
 <body>Everyone should know this was in the briefcase:  </body> 
 </post> 
<post id= "MS_27676_48630640"> 
<user id ="MS_185504557"> 
	 <username>Baby Firefly</username> 
	 <sex>F</sex> 
	 <age>38</age> 
	 <city>Ruggsville</city> 
	 <province>Texas</province> 
	 <country>US</country> 
	 </user> 
<date>1219841580</date> 
 <body>ALL WRONG! HeHeHeHeHeHeHe!! It's Elvis' gold suit. Duh, even I knew that!</body> 
 </post> 
<post id= "MS_27676_48631426"> 
<user id ="MS_191634299"> 
	 <username>Skull</username> 
	 <sex>M</sex> 
	 <age>100</age> 
	 <city>Illinois</city> 
	 <province></province> 
	 <country>US</country> 
	 </user> 
<date>1219842600</date> 
 <body>  </body> 
 </post> 
<post id= "MS_27676_48631714"> 
<user id ="MS_3389609"> 
	 <username>redrum</username> 
	 <sex>M</sex> 
	 <age>69</age> 
	 <city>Don't bother asking</city> 
	 <province>I will NOT be your friend</province> 
	 <country>US</country> 
	 </user> 
<date>1219843020</date> 
 <body>  Way to get the joke, Captain Literal.</body> 
 </post> 
<post id= "MS_27676_48632998"> 
<user id ="MS_320148833"> 
	 <username>Ã¢ËÂ JennÃ¢ËÂ </username> 
	 <sex>F</sex> 
	 <age>28</age> 
	 <city>SACRAMENTO</city> 
	 <province>California</province> 
	 <country>US</country> 
	 </user> 
<date>1219844940</date> 
 <body>Here it is...        </body> 
 </post> 
<post id= "MS_27676_48634339"> 
<user id ="MS_14162039"> 
	 <username>.my name is johnny.</username> 
	 <sex>M</sex> 
	 <age>19</age> 
	 <city>Amytiville</city> 
	 <province>California</province> 
	 <country>US</country> 
	 </user> 
<date>1219846740</date> 
 <body>  yes!!!! lmao xD im with this guy.</body> 
 </post> 
<post id= "MS_27676_48637728"> 
<user id ="MS_361123206"> 
	 <username>yrogerg</username> 
	 <sex>M</sex> 
	 <age>31</age> 
	 <city>stevenson</city> 
	 <province>Washington</province> 
	 <country>US</country> 
	 </user> 
<date>1219851420</date> 
 <body>well i think that it could be one of two things. 1.willy wonka's golden ticket or 2.a peanutbutter and jelly sandwich hhhuuummmm....but im not sure</body> 
 </post> 
<post id= "MS_27676_48637977"> 
<user id ="MS_185794065"> 
	 <username>B Indifferent</username> 
	 <sex>M</sex> 
	 <age>22</age> 
	 <city>LOS ANGELES</city> 
	 <province>California</province> 
	 <country>US</country> 
	 </user> 
<date>1219851780</date> 
 <body>to solve this mystery just go watch whatever movie he was ripping off this time and see what they used</body> 
 </post> 
<post id= "MS_27676_48639886"> 
<user id ="MS_102488962"> 
	 <username>Envy</username> 
	 <sex>F</sex> 
	 <age>22</age> 
	 <city>Dis</city> 
	 <province></province> 
	 <country>US</country> 
	 </user> 
<date>1219854360</date> 
 <body>  You lameo.</body> 
 </post> 
<post id= "MS_27676_48641885"> 
<user id ="MS_119944990"> 
	 <username>Johnnie</username> 
	 <sex>M</sex> 
	 <age>28</age> 
	 <city>D8ton</city> 
	 <province>Ohio</province> 
	 <country>US</country> 
	 </user> 
<date>1219857060</date> 
 <body>It was the master tapes for Guns N Roses Chinese Democracy... That's why it's been in limbo for 20 yrs.</body> 
 </post> 
</posts>