<?xml version="1.0" encoding="UTF-8"?> 
 <posts> 
<post id= "MS_27676_13340135"> 
<user id ="MS_89541146"> 
	 <username>Hanzi</username> 
	 <sex>F</sex> 
	 <age>23</age> 
	 <city>Swindon</city> 
	 <province>Southwest</province> 
	 <country>UK</country> 
	 </user> 
<date>1159242360</date> 
 <body>    I quite agree, this is the one explanation I heard and thought- that's it! That's what I think it is.    Backed up, of course, by the plaster, or, 'Band Aid' that's on the back of his neck, which legend says is where the Devil would pull the soul from...    Something like that anyways!</body> 
 </post> 
<post id= "MS_27676_13357508"> 
<user id ="MS_32863940"> 
	 <username>fucKlown u</username> 
	 <sex>M</sex> 
	 <age>31</age> 
	 <city>Corpus Christi</city> 
	 <province>Texas</province> 
	 <country>US</country> 
	 </user> 
<date>1159276740</date> 
 <body>    Thats what Quentin Tarrantino said in an interview once.</body> 
 </post> 
<post id= "MS_27676_13379099"> 
<user id ="MS_2320142"> 
	 <username>Artaud-le-Momo</username> 
	 <sex>M</sex> 
	 <age>43</age> 
	 <city>Portland</city> 
	 <province>Oregon</province> 
	 <country>US</country> 
	 </user> 
<date>1159330020</date> 
 <body>yeah, you need to watch 'kiss me deadly' and cross it with 'repo man'.</body> 
 </post> 
<post id= "MS_27676_13379616"> 
<user id ="MS_53298694"> 
	 <username>-Paul-</username> 
	 <sex>M</sex> 
	 <age>26</age> 
	 <city>Fleet</city> 
	 <province></province> 
	 <country>UK</country> 
	 </user> 
<date>1159332300</date> 
 <body>I heard a theory that its tinkerbell. Apparantly Disney and whichever studio did pulp fiction (cant remember right now) had a friendly understanding in which they would promote each others films in their own. Or something like that.    Cant remember where I read it or how valid it is but it would be cool if it was true!</body> 
 </post> 
<post id= "MS_27676_13381850"> 
<user id ="MS_7603083"> 
	 <username>Citizen Craig</username> 
	 <sex>M</sex> 
	 <age>32</age> 
	 <city>mILE hIGH</city> 
	 <province>Colorado</province> 
	 <country>US</country> 
	 </user> 
<date>1159338480</date> 
 <body>    lol    I think Quentin enjoys the mystery of the situation</body> 
 </post> 
<post id= "MS_27676_13386855"> 
<user id ="MS_56865523"> 
	 <username>creamy goodness</username> 
	 <sex>M</sex> 
	 <age>25</age> 
	 <city>ARLINGTON</city> 
	 <province>Texas</province> 
	 <country>US</country> 
	 </user> 
<date>1159347960</date> 
 <body>If I had to guess, I'd say it was a suitcase full of laundered money, hence the "my boss' dirty laundry." But then again I take everything literally, so it's probably not it.</body> 
 </post> 
<post id= "MS_27676_13387961"> 
<user id ="MS_32863940"> 
	 <username>fucKlown u</username> 
	 <sex>M</sex> 
	 <age>31</age> 
	 <city>Corpus Christi</city> 
	 <province>Texas</province> 
	 <country>US</country> 
	 </user> 
<date>1159350000</date> 
 <body>It was Marcellus' soul which could be considered his "dirty laundry". Plus that is why they made sure you saw the bandaid on the back of his neck.</body> 
 </post> 
<post id= "MS_27676_13418849"> 
<user id ="MS_3035637"> 
	 <username>Careen</username> 
	 <sex>F</sex> 
	 <age>19</age> 
	 <city>Nowheresville</city> 
	 <province></province> 
	 <country>UK</country> 
	 </user> 
<date>1159407960</date> 
 <body>Yes, thaaat's realistic. Two gangsters risk it all to return life essence to their boss?! Where do you people think it up.    Come on, if anything, we are led to assume that it's either cash [the dirty laundry line] or something else of high monetary value that would be worth it.  Don't try and interpret Pulp Fiction of all films as a fantasy/sci-fi movie.</body> 
 </post> 
<post id= "MS_27676_13426657"> 
<user id ="MS_32863940"> 
	 <username>fucKlown u</username> 
	 <sex>M</sex> 
	 <age>31</age> 
	 <city>Corpus Christi</city> 
	 <province>Texas</province> 
	 <country>US</country> 
	 </user> 
<date>1159429920</date> 
 <body>    Its Quentin Tarrantino for God's sake! Since when are his films the norm? Besides that was out of his mouth, not a guess on anyone's part.</body> 
 </post> 
<post id= "MS_27676_13426877"> 
<user id ="MS_83775387"> 
	 <username>THE GOOD ROBOT US'S</username> 
	 <sex>F</sex> 
	 <age>108</age> 
	 <city>This alphabet town</city> 
	 <province>California</province> 
	 <country>US</country> 
	 </user> 
<date>1159430280</date> 
 <body>It was Mr. Wallace's fairy god parents. Motherf*cking Cosmo and that B*tch Wanda!</body> 
 </post> 
</posts>