<?xml version="1.0" encoding="UTF-8"?> 
 <posts> 
<post id= "MS_27676_13329687"> 
<user id ="MS_1947572"> 
	 <username>Carl</username> 
	 <sex>M</sex> 
	 <age>25</age> 
	 <city>BROOK PARK</city> 
	 <province>OHIO</province> 
	 <country>US</country> 
	 </user> 
<date>1159210980</date> 
 <body>It had luke skywalkers missing hand in it.</body> 
 </post> 
<post id= "MS_27676_13330646"> 
<user id ="MS_107894153"> 
	 <username>Down In It 738</username> 
	 <sex>M</sex> 
	 <age>25</age> 
	 <city>ASHEVILLE</city> 
	 <province>NORTH CAROLINA</province> 
	 <country>US</country> 
	 </user> 
<date>1159212300</date> 
 <body>3 kilos of coke, a pistol and The money from when the man and woman rob the diner. (depending on which events you think take place first).</body> 
 </post> 
<post id= "MS_27676_13330808"> 
<user id ="MS_77853586"> 
	 <username>Ð¡Ð¿ÐµÑÐ¼Ð° Ð¾ÐºÑÐ°ÑÐ¸Ð²Ð°ÐµÑ Ð¿Ð¸ÐºÐ¸ Ð³Ð¾Ñ</username> 
	 <sex>M</sex> 
	 <age>17</age> 
	 <city>COLUMBUS</city> 
	 <province>OHIO</province> 
	 <country>US</country> 
	 </user> 
<date>1159212540</date> 
 <body>That baby from 2001. And Robert DeNiro's character from Brazil. And the lyrics to "Louie, Louie." And every character from every David Lynch film.    Mystery box.</body> 
 </post> 
<post id= "MS_27676_13331984"> 
<user id ="MS_84083004"> 
	 <username>John</username> 
	 <sex>M</sex> 
	 <age>21</age> 
	 <city>Christchurch</city> 
	 <province>CAN</province> 
	 <country>NZ</country> 
	 </user> 
<date>1159214220</date> 
 <body>A MacGuffin</body> 
 </post> 
<post id= "MS_27676_13332150"> 
<user id ="MS_89263583"> 
	 <username>Richie</username> 
	 <sex>M</sex> 
	 <age>18</age> 
	 <city>Singapore</city> 
	 <province>Singapore"</province> 
	 <country>SG</country> 
	 </user> 
<date>1159214460</date> 
 <body>Some light bulb that auto on when the briefcase is open.</body> 
 </post> 
<post id= "MS_27676_13334578"> 
<user id ="MS_49284869"> 
	 <username>Braindead345</username> 
	 <sex>M</sex> 
	 <age>40</age> 
	 <city>OMAHA</city> 
	 <province>NEBRASKA</province> 
	 <country>US</country> 
	 </user> 
<date>1159219200</date> 
 <body>Its the same stuff in the case from "Ronin." Salery disputes made "Ronin"'s crew to cut the stuffs appearance in that movie though.</body> 
 </post> 
<post id= "MS_27676_13340135"> 
<user id ="MS_89541146"> 
	 <username>Hanzi</username> 
	 <sex>F</sex> 
	 <age>23</age> 
	 <city>Swindon</city> 
	 <province>Southwest</province> 
	 <country>UK</country> 
	 </user> 
<date>1159242360</date> 
 <body>    I quite agree, this is the one explanation I heard and thought- that's it! That's what I think it is.    Backed up, of course, by the plaster, or, 'Band Aid' that's on the back of his neck, which legend says is where the Devil would pull the soul from...    Something like that anyways!</body> 
 </post> 
<post id= "MS_27676_13357508"> 
<user id ="MS_32863940"> 
	 <username>fucKlown u</username> 
	 <sex>M</sex> 
	 <age>31</age> 
	 <city>Corpus Christi</city> 
	 <province>Texas</province> 
	 <country>US</country> 
	 </user> 
<date>1159276740</date> 
 <body>    Thats what Quentin Tarrantino said in an interview once.</body> 
 </post> 
<post id= "MS_27676_13379099"> 
<user id ="MS_2320142"> 
	 <username>Artaud-le-Momo</username> 
	 <sex>M</sex> 
	 <age>43</age> 
	 <city>Portland</city> 
	 <province>Oregon</province> 
	 <country>US</country> 
	 </user> 
<date>1159330020</date> 
 <body>yeah, you need to watch 'kiss me deadly' and cross it with 'repo man'.</body> 
 </post> 
<post id= "MS_27676_13379616"> 
<user id ="MS_53298694"> 
	 <username>-Paul-</username> 
	 <sex>M</sex> 
	 <age>26</age> 
	 <city>Fleet</city> 
	 <province></province> 
	 <country>UK</country> 
	 </user> 
<date>1159332300</date> 
 <body>I heard a theory that its tinkerbell. Apparantly Disney and whichever studio did pulp fiction (cant remember right now) had a friendly understanding in which they would promote each others films in their own. Or something like that.    Cant remember where I read it or how valid it is but it would be cool if it was true!</body> 
 </post> 
</posts>