<?xml version="1.0" encoding="UTF-8"?> 
 <posts> 
<post id= "MS_27676_13489410"> 
<user id ="MS_54690458"> 
	 <username>Jay</username> 
	 <sex>M</sex> 
	 <age>35</age> 
	 <city>Long Island</city> 
	 <province>New York</province> 
	 <country>US</country> 
	 </user> 
<date>1159549380</date> 
 <body>The theory I like is that it's the diamonds from Reservoir Dogs. The 'soul' theory is the most popular, I think.</body> 
 </post> 
<post id= "MS_27676_13490249"> 
<user id ="MS_5274330"> 
	 <username>Matt</username> 
	 <sex>M</sex> 
	 <age>23</age> 
	 <city>Oshawa</city> 
	 <province>Ontario</province> 
	 <country>CA</country> 
	 </user> 
<date>1159550820</date> 
 <body>The truth is nothing is suppose to be in the breifcase. It's up to the viewer what is it in the case. Tarantino and Avary didn't know what to put in the case since they thought the diamonds from the heist in Reservoir Dogs wasn't original enough.    Also what religious text does it say the Devil takes the soul from the back of the neck? Rhames just had a scar on the back of his neck, and Tarantino being the perfectionist he is, didn't want the scar on screen. Hense the band-aid, and this is backed up by Tarantino himself.    The rest are just theories.</body> 
 </post> 
<post id= "MS_27676_48617631"> 
<user id ="MS_404311851"> 
	 <username>Herger - Joyous</username> 
	 <sex>M</sex> 
	 <age>22</age> 
	 <city>BROWNSVILLE</city> 
	 <province>Texas</province> 
	 <country>US</country> 
	 </user> 
<date>1219827480</date> 
 <body>I figured it was gold. You know because of the Gold aura???? =)</body> 
 </post> 
<post id= "MS_27676_48618155"> 
<user id ="MS_158395355"> 
	 <username>Gory Corey</username> 
	 <sex>M</sex> 
	 <age>28</age> 
	 <city>I call your BLUFFton</city> 
	 <province>South Carolina</province> 
	 <country>US</country> 
	 </user> 
<date>1219828140</date> 
 <body>For a long time I thought it was a gateway to hell, or something along those lines. But that was mostly due to the fact that the combination to the briefcase appeared to be "666" and when opened, it glowed orange/yellow/gold colors, resembling the colors of fire. That's wrong though I'm sure. I like the theory of Marcellus' soul</body> 
 </post> 
<post id= "MS_27676_48618972"> 
<user id ="MS_191634299"> 
	 <username>Skull</username> 
	 <sex>M</sex> 
	 <age>100</age> 
	 <city>Illinois</city> 
	 <province></province> 
	 <country>US</country> 
	 </user> 
<date>1219829100</date> 
 <body> Jimmy Hoffa... :)</body> 
 </post> 
<post id= "MS_27676_48619175"> 
<user id ="MS_158395355"> 
	 <username>Gory Corey</username> 
	 <sex>M</sex> 
	 <age>28</age> 
	 <city>I call your BLUFFton</city> 
	 <province>South Carolina</province> 
	 <country>US</country> 
	 </user> 
<date>1219829400</date> 
 <body> LOL</body> 
 </post> 
<post id= "MS_27676_48619223"> 
<user id ="MS_5274330"> 
	 <username>Matt</username> 
	 <sex>M</sex> 
	 <age>23</age> 
	 <city>Oshawa</city> 
	 <province>Ontario</province> 
	 <country>CA</country> 
	 </user> 
<date>1219829460</date> 
 <body>Haha, I thought it was Tarantino's script to Inglorious Bastards.</body> 
 </post> 
<post id= "MS_27676_48622059"> 
<user id ="MS_53070853"> 
	 <username>Larry</username> 
	 <sex>M</sex> 
	 <age>34</age> 
	 <city>COCOA</city> 
	 <province>Florida</province> 
	 <country>US</country> 
	 </user> 
<date>1219832700</date> 
 <body>The reason why he did that was a trick on the audience. It's a way of pulling you in.  It's the same with Kill Bill when Beatrix's name is bleeped out.</body> 
 </post> 
<post id= "MS_27676_48622272"> 
<user id ="MS_398694295"> 
	 <username>Jacks smirking revenge</username> 
	 <sex>M</sex> 
	 <age>29</age> 
	 <city>where the beer flows like wine</city> 
	 <province>California</province> 
	 <country>US</country> 
	 </user> 
<date>1219832880</date> 
 <body>the case had his keys in it  </body> 
 </post> 
<post id= "MS_27676_48622710"> 
<user id ="MS_191634299"> 
	 <username>Skull</username> 
	 <sex>M</sex> 
	 <age>100</age> 
	 <city>Illinois</city> 
	 <province></province> 
	 <country>US</country> 
	 </user> 
<date>1219833300</date> 
 <body>  and/or...  The Three Seashells mystery in Demolition Man... :)</body> 
 </post> 
</posts>