<?xml version="1.0" encoding="UTF-8"?> 
 <posts> 
<post id= "MS_27676_13485640"> 
<user id ="MS_30321144"> 
	 <username>Dustin</username> 
	 <sex>M</sex> 
	 <age>30</age> 
	 <city>CA</city> 
	 <province></province> 
	 <country></country> 
	 </user> 
<date>1159543320</date> 
 <body>    There isn't much debate over what events take place in what order. That's relatively easy to figure out in one viewing.    As for what is in the briefcase, I think people over think it. It doesn't really matter, it's sort of a fill in the blank for whatever is valuable to a gangster. Be that money, drugs, jewelry, or whatever. Just my opinion.</body> 
 </post> 
<post id= "MS_27676_13487659"> 
<user id ="MS_85019513"> 
	 <username>Jason</username> 
	 <sex>M</sex> 
	 <age>35</age> 
	 <city>NAPLES</city> 
	 <province>Florida</province> 
	 <country>US</country> 
	 </user> 
<date>1159546500</date> 
 <body>I've read that the Golden/Yellow glow from the briefcase represented the color of the Oscar statue as sort of an 'in' joke amoung Hollywood insiders because everyone in the film idustries dream is to win an Academy Award.</body> 
 </post> 
<post id= "MS_27676_13489095"> 
<user id ="MS_76678673"> 
	 <username>Big Blue Wrecking Crew</username> 
	 <sex>M</sex> 
	 <age>36</age> 
	 <city>Caught Somewhere in Time!!</city> 
	 <province>Florida</province> 
	 <country>US</country> 
	 </user> 
<date>1159548840</date> 
 <body>From what i know it's Marsellus Wallace's Soul.    That's why he has the bandaid on the back of his neck.  I've heard Tarantino say that.</body> 
 </post> 
<post id= "MS_27676_13489410"> 
<user id ="MS_54690458"> 
	 <username>Jay</username> 
	 <sex>M</sex> 
	 <age>35</age> 
	 <city>Long Island</city> 
	 <province>New York</province> 
	 <country>US</country> 
	 </user> 
<date>1159549380</date> 
 <body>The theory I like is that it's the diamonds from Reservoir Dogs. The 'soul' theory is the most popular, I think.</body> 
 </post> 
<post id= "MS_27676_13490249"> 
<user id ="MS_5274330"> 
	 <username>Matt</username> 
	 <sex>M</sex> 
	 <age>23</age> 
	 <city>Oshawa</city> 
	 <province>Ontario</province> 
	 <country>CA</country> 
	 </user> 
<date>1159550820</date> 
 <body>The truth is nothing is suppose to be in the breifcase. It's up to the viewer what is it in the case. Tarantino and Avary didn't know what to put in the case since they thought the diamonds from the heist in Reservoir Dogs wasn't original enough.    Also what religious text does it say the Devil takes the soul from the back of the neck? Rhames just had a scar on the back of his neck, and Tarantino being the perfectionist he is, didn't want the scar on screen. Hense the band-aid, and this is backed up by Tarantino himself.    The rest are just theories.</body> 
 </post> 
<post id= "MS_27676_48617631"> 
<user id ="MS_404311851"> 
	 <username>Herger - Joyous</username> 
	 <sex>M</sex> 
	 <age>22</age> 
	 <city>BROWNSVILLE</city> 
	 <province>Texas</province> 
	 <country>US</country> 
	 </user> 
<date>1219827480</date> 
 <body>I figured it was gold. You know because of the Gold aura???? =)</body> 
 </post> 
<post id= "MS_27676_48618155"> 
<user id ="MS_158395355"> 
	 <username>Gory Corey</username> 
	 <sex>M</sex> 
	 <age>28</age> 
	 <city>I call your BLUFFton</city> 
	 <province>South Carolina</province> 
	 <country>US</country> 
	 </user> 
<date>1219828140</date> 
 <body>For a long time I thought it was a gateway to hell, or something along those lines. But that was mostly due to the fact that the combination to the briefcase appeared to be "666" and when opened, it glowed orange/yellow/gold colors, resembling the colors of fire. That's wrong though I'm sure. I like the theory of Marcellus' soul</body> 
 </post> 
<post id= "MS_27676_48618972"> 
<user id ="MS_191634299"> 
	 <username>Skull</username> 
	 <sex>M</sex> 
	 <age>100</age> 
	 <city>Illinois</city> 
	 <province></province> 
	 <country>US</country> 
	 </user> 
<date>1219829100</date> 
 <body> Jimmy Hoffa... :)</body> 
 </post> 
<post id= "MS_27676_48619175"> 
<user id ="MS_158395355"> 
	 <username>Gory Corey</username> 
	 <sex>M</sex> 
	 <age>28</age> 
	 <city>I call your BLUFFton</city> 
	 <province>South Carolina</province> 
	 <country>US</country> 
	 </user> 
<date>1219829400</date> 
 <body> LOL</body> 
 </post> 
<post id= "MS_27676_48619223"> 
<user id ="MS_5274330"> 
	 <username>Matt</username> 
	 <sex>M</sex> 
	 <age>23</age> 
	 <city>Oshawa</city> 
	 <province>Ontario</province> 
	 <country>CA</country> 
	 </user> 
<date>1219829460</date> 
 <body>Haha, I thought it was Tarantino's script to Inglorious Bastards.</body> 
 </post> 
</posts>