<?xml version="1.0" encoding="UTF-8"?> 
 <posts> 
<post id= "MS_29253_15148442"> 
<user id ="MS_26660605"> 
	 <username>[. SCURRY .]</username> 
	 <sex>F</sex> 
	 <age>25</age> 
	 <city>Lacombe</city> 
	 <province>Louisiana</province> 
	 <country>US</country> 
	 </user> 
<date>1162972860</date> 
 <body>Have you seen the movie May? Wasnt really scary but it was pretty disturbing..    I have yet to see any really scary movies latly. i think I may be immune to horror now.    cabin fever n hostle were the shit. i love movies like that that havent been done and are based in some sort of reality. it could happen.</body> 
 </post> 
<post id= "MS_29253_15148726"> 
<user id ="MS_79751517"> 
	 <username>opiate.for.the.masses</username> 
	 <sex>F</sex> 
	 <age>20</age> 
	 <city>Charlotte</city> 
	 <province>North Carolina</province> 
	 <country>US</country> 
	 </user> 
<date>1162973280</date> 
 <body>The Audition is pretty creepy the other asian movies that I've seen that creep me out are:  Ju-On  Suicide Circle  Tell Me Something  Three</body> 
 </post> 
<post id= "MS_29253_15148798"> 
<user id ="MS_26515942"> 
	 <username>Jessica</username> 
	 <sex>F</sex> 
	 <age>23</age> 
	 <city>Phoenix</city> 
	 <province>Arizona</province> 
	 <country>US</country> 
	 </user> 
<date>1162973400</date> 
 <body>    It's one of those horror comedies. I love those.  Plus, I love all the gore. :D</body> 
 </post> 
<post id= "MS_29253_15149058"> 
<user id ="MS_26515942"> 
	 <username>Jessica</username> 
	 <sex>F</sex> 
	 <age>23</age> 
	 <city>Phoenix</city> 
	 <province>Arizona</province> 
	 <country>US</country> 
	 </user> 
<date>1162973820</date> 
 <body>I hated the original Hostel.  Hopefully Hostel 2 is better. I'm definitely going to go see it.    I think Turistas is going to be good.</body> 
 </post> 
<post id= "MS_29253_15151621"> 
<user id ="MS_17681515"> 
	 <username>Ã£âÂ¢Ã£ÆÆÃ£Æâ Ã£âÂ£Ã£ÆÂ»Ã£âÂ¢Ã£âÂ¿Ã£ÆÂª(Konsolen-Rocker)</username> 
	 <sex>M</sex> 
	 <age>25</age> 
	 <city>Musical Viertel</city> 
	 <province>Brandenburg</province> 
	 <country>DE</country> 
	 </user> 
<date>1162976940</date> 
 <body>"shutter"(like ju-on) or "r-point"  great korean movies</body> 
 </post> 
<post id= "MS_29253_15154229"> 
<user id ="MS_18690450"> 
	 <username>LOVE IS JUST A FANTASY</username> 
	 <sex>M</sex> 
	 <age>26</age> 
	 <city>PHILADELPHIA</city> 
	 <province>Pennsylvania</province> 
	 <country>US</country> 
	 </user> 
<date>1162980780</date> 
 <body>the lost boys</body> 
 </post> 
<post id= "MS_29253_15154398"> 
<user id ="MS_112089042"> 
	 <username>Steve</username> 
	 <sex>M</sex> 
	 <age>34</age> 
	 <city>LONDON</city> 
	 <province></province> 
	 <country>UK</country> 
	 </user> 
<date>1162981020</date> 
 <body>The devil rides out or Whitchfinder general</body> 
 </post> 
<post id= "MS_29253_15154779"> 
<user id ="MS_40469658"> 
	 <username>Megan</username> 
	 <sex>F</sex> 
	 <age>17</age> 
	 <city>Houma</city> 
	 <province>Louisiana</province> 
	 <country>US</country> 
	 </user> 
<date>1162981560</date> 
 <body>    i'm with u girl all that movie did for me was make me wanna throw up.</body> 
 </post> 
<post id= "MS_29253_15154987"> 
<user id ="MS_66066088"> 
	 <username>Our Jen!</username> 
	 <sex>F</sex> 
	 <age>24</age> 
	 <city>notts</city> 
	 <province></province> 
	 <country>UK</country> 
	 </user> 
<date>1162981860</date> 
 <body>Girl id stick with the classics they are always the best!!!    Chucky  Pupet master  Friday the 13th  Hellraiser you get the gist they are loads beter!!!</body> 
 </post> 
<post id= "MS_29253_15155638"> 
<user id ="MS_18690450"> 
	 <username>LOVE IS JUST A FANTASY</username> 
	 <sex>M</sex> 
	 <age>26</age> 
	 <city>PHILADELPHIA</city> 
	 <province>Pennsylvania</province> 
	 <country>US</country> 
	 </user> 
<date>1162982760</date> 
 <body>i agree with you on this one</body> 
 </post> 
</posts>