<?xml version="1.0" encoding="UTF-8"?> 
 <posts> 
<post id= "MS_29253_15148798"> 
<user id ="MS_26515942"> 
	 <username>Jessica</username> 
	 <sex>F</sex> 
	 <age>23</age> 
	 <city>Phoenix</city> 
	 <province>Arizona</province> 
	 <country>US</country> 
	 </user> 
<date>1162973400</date> 
 <body>    It's one of those horror comedies. I love those.  Plus, I love all the gore. :D</body> 
 </post> 
<post id= "MS_29253_15149058"> 
<user id ="MS_26515942"> 
	 <username>Jessica</username> 
	 <sex>F</sex> 
	 <age>23</age> 
	 <city>Phoenix</city> 
	 <province>Arizona</province> 
	 <country>US</country> 
	 </user> 
<date>1162973820</date> 
 <body>I hated the original Hostel.  Hopefully Hostel 2 is better. I'm definitely going to go see it.    I think Turistas is going to be good.</body> 
 </post> 
<post id= "MS_29253_15151621"> 
<user id ="MS_17681515"> 
	 <username>Ã£âÂ¢Ã£ÆÆÃ£Æâ Ã£âÂ£Ã£ÆÂ»Ã£âÂ¢Ã£âÂ¿Ã£ÆÂª(Konsolen-Rocker)</username> 
	 <sex>M</sex> 
	 <age>25</age> 
	 <city>Musical Viertel</city> 
	 <province>Brandenburg</province> 
	 <country>DE</country> 
	 </user> 
<date>1162976940</date> 
 <body>"shutter"(like ju-on) or "r-point"  great korean movies</body> 
 </post> 
<post id= "MS_29253_15154229"> 
<user id ="MS_18690450"> 
	 <username>LOVE IS JUST A FANTASY</username> 
	 <sex>M</sex> 
	 <age>26</age> 
	 <city>PHILADELPHIA</city> 
	 <province>Pennsylvania</province> 
	 <country>US</country> 
	 </user> 
<date>1162980780</date> 
 <body>the lost boys</body> 
 </post> 
<post id= "MS_29253_15154398"> 
<user id ="MS_112089042"> 
	 <username>Steve</username> 
	 <sex>M</sex> 
	 <age>34</age> 
	 <city>LONDON</city> 
	 <province></province> 
	 <country>UK</country> 
	 </user> 
<date>1162981020</date> 
 <body>The devil rides out or Whitchfinder general</body> 
 </post> 
<post id= "MS_29253_15154779"> 
<user id ="MS_40469658"> 
	 <username>Megan</username> 
	 <sex>F</sex> 
	 <age>17</age> 
	 <city>Houma</city> 
	 <province>Louisiana</province> 
	 <country>US</country> 
	 </user> 
<date>1162981560</date> 
 <body>    i'm with u girl all that movie did for me was make me wanna throw up.</body> 
 </post> 
<post id= "MS_29253_15154987"> 
<user id ="MS_66066088"> 
	 <username>Our Jen!</username> 
	 <sex>F</sex> 
	 <age>24</age> 
	 <city>notts</city> 
	 <province></province> 
	 <country>UK</country> 
	 </user> 
<date>1162981860</date> 
 <body>Girl id stick with the classics they are always the best!!!    Chucky  Pupet master  Friday the 13th  Hellraiser you get the gist they are loads beter!!!</body> 
 </post> 
<post id= "MS_29253_15155638"> 
<user id ="MS_18690450"> 
	 <username>LOVE IS JUST A FANTASY</username> 
	 <sex>M</sex> 
	 <age>26</age> 
	 <city>PHILADELPHIA</city> 
	 <province>Pennsylvania</province> 
	 <country>US</country> 
	 </user> 
<date>1162982760</date> 
 <body>i agree with you on this one</body> 
 </post> 
<post id= "MS_29253_15158133"> 
<user id ="MS_123536819"> 
	 <username>Dyllzgyrl</username> 
	 <sex>F</sex> 
	 <age>33</age> 
	 <city>Rolla</city> 
	 <province>Missouri</province> 
	 <country>US</country> 
	 </user> 
<date>1162986240</date> 
 <body>The only movie that has gave me the heebie jeebies since I was a little girl, was The Grudge, part one. Scary movies used to bother me but anymore.....I am wondering how part two is, I am not so sure it will be as good as the first, but we'll see...</body> 
 </post> 
<post id= "MS_29253_15158562"> 
<user id ="MS_49301944"> 
	 <username>Mr James</username> 
	 <sex>M</sex> 
	 <age>24</age> 
	 <city>From out of town</city> 
	 <province>Scotland</province> 
	 <country>UK</country> 
	 </user> 
<date>1162986780</date> 
 <body>Dark Water, TAle of Two Sisters both scared me silly.</body> 
 </post> 
</posts>