<?xml version="1.0" encoding="UTF-8"?> 
 <posts> 
<post id= "MS_29253_15026862"> 
<user id ="MS_31889944"> 
	 <username>JB</username> 
	 <sex>M</sex> 
	 <age>30</age> 
	 <city>San Francisco</city> 
	 <province>California</province> 
	 <country>US</country> 
	 </user> 
<date>1162747560</date> 
 <body>is it the one with two twin sisters? from Korea or Thailand?</body> 
 </post> 
<post id= "MS_29253_15027157"> 
<user id ="MS_49461703"> 
	 <username>LaryGoddess</username> 
	 <sex>F</sex> 
	 <age>19</age> 
	 <city>Edmonton</city> 
	 <province>Alberta</province> 
	 <country>CA</country> 
	 </user> 
<date>1162747920</date> 
 <body>    For A Tale of Two Sisters ... yes, it's Korean.</body> 
 </post> 
<post id= "MS_29253_15027472"> 
<user id ="MS_2476013"> 
	 <username>xALDO DOOMBRINGERx[DF]</username> 
	 <sex>M</sex> 
	 <age>25</age> 
	 <city>the dusty hood</city> 
	 <province>California</province> 
	 <country>US</country> 
	 </user> 
<date>1162748340</date> 
 <body>uzumaki  its a sweet movie</body> 
 </post> 
<post id= "MS_29253_15027473"> 
<user id ="MS_31889944"> 
	 <username>JB</username> 
	 <sex>M</sex> 
	 <age>30</age> 
	 <city>San Francisco</city> 
	 <province>California</province> 
	 <country>US</country> 
	 </user> 
<date>1162748340</date> 
 <body>    Yeah I saw it, it is indeed a great movie. Korean's best one remains Old Boy although!!</body> 
 </post> 
<post id= "MS_29253_15027563"> 
<user id ="MS_2476013"> 
	 <username>xALDO DOOMBRINGERx[DF]</username> 
	 <sex>M</sex> 
	 <age>25</age> 
	 <city>the dusty hood</city> 
	 <province>California</province> 
	 <country>US</country> 
	 </user> 
<date>1162748460</date> 
 <body>yes  oldboy  owns everything  not really horror, but an excellent film nonetheless</body> 
 </post> 
<post id= "MS_29253_15046374"> 
<user id ="MS_359982"> 
	 <username>A.E.</username> 
	 <sex>M</sex> 
	 <age>24</age> 
	 <city>Foget'bout'it</city> 
	 <province>New York</province> 
	 <country>US</country> 
	 </user> 
<date>1162789140</date> 
 <body>Slither and Feast. Fun, campy horror movies, underrated or unseen but worth the time and effort in acquiring. Forget all these pseudo horror movies coming out recently.    And if you like Zombie movies. George Romero is the go to guy. All his movies are social commentaries as well as zombie eating good times.</body> 
 </post> 
<post id= "MS_29253_15047710"> 
<user id ="MS_18690450"> 
	 <username>LOVE IS JUST A FANTASY</username> 
	 <sex>M</sex> 
	 <age>26</age> 
	 <city>PHILADELPHIA</city> 
	 <province>Pennsylvania</province> 
	 <country>US</country> 
	 </user> 
<date>1162793280</date> 
 <body>SILENT HILL</body> 
 </post> 
<post id= "MS_29253_15047711"> 
<user id ="MS_26515942"> 
	 <username>Jessica</username> 
	 <sex>F</sex> 
	 <age>23</age> 
	 <city>Phoenix</city> 
	 <province>Arizona</province> 
	 <country>US</country> 
	 </user> 
<date>1162793280</date> 
 <body>Definatly check out Rest Stop</body> 
 </post> 
<post id= "MS_29253_15047712"> 
<user id ="MS_26515942"> 
	 <username>Jessica</username> 
	 <sex>F</sex> 
	 <age>23</age> 
	 <city>Phoenix</city> 
	 <province>Arizona</province> 
	 <country>US</country> 
	 </user> 
<date>1162793280</date> 
 <body>    That's one of my favorite movies.</body> 
 </post> 
<post id= "MS_29253_15048853"> 
<user id ="MS_2503485"> 
	 <username>Shawn</username> 
	 <sex>M</sex> 
	 <age>32</age> 
	 <city>Clearwater</city> 
	 <province>Florida</province> 
	 <country>US</country> 
	 </user> 
<date>1162795800</date> 
 <body>Check out these movies...coming soon to select theaters...      http://www.horrorfestonline.com/index.html</body> 
 </post> 
</posts>