<?xml version="1.0" encoding="UTF-8"?> 
 <posts> 
<post id= "MS_29253_15087562"> 
<user id ="MS_25917380"> 
	 <username>T~Nasty~</username> 
	 <sex>F</sex> 
	 <age>21</age> 
	 <city>Charleston AFB</city> 
	 <province>Florida</province> 
	 <country>US</country> 
	 </user> 
<date>1162852080</date> 
 <body>    Im Sorry The Hill have eyes Scared the Freaking shit out of me! i wont watch it again! lol.    i watched 60 most scary movies on bravo and they said Hostel was number 1! I get scared too easily, So me tell u a scary movie u probly wouldnt even flintch.    But I do Have to agree with u, The scariest movies are the ones from back in the Day, It, Shinning.. Shit like that i definetly can not watch.. Saw 1 and 2 I thought was made really good. I havent seen 3 yet.. What scare me most about those movies are those are actually real devices that were used to kill people..(spanish tortuing devices) .. Scary!!!!!</body> 
 </post> 
<post id= "MS_29253_15089026"> 
<user id ="MS_63591379"> 
	 <username>Bill</username> 
	 <sex>M</sex> 
	 <age>57</age> 
	 <city>PORTLAND</city> 
	 <province>Oregon</province> 
	 <country>US</country> 
	 </user> 
<date>1162856160</date> 
 <body>The Descent is scary.    I never saw the Japanese version of The Grudge, but the American version just seemed to be a boo movie. I wondered if the Japanese movie had a stronger story thread.    Creepy kids and herky-jerky dead people used to get me going, but the herky-jerky stuff has become a cottage industry. People who use it now should pay a royalty.</body> 
 </post> 
<post id= "MS_29253_15089141"> 
<user id ="MS_63591379"> 
	 <username>Bill</username> 
	 <sex>M</sex> 
	 <age>57</age> 
	 <city>PORTLAND</city> 
	 <province>Oregon</province> 
	 <country>US</country> 
	 </user> 
<date>1162856520</date> 
 <body>Here's a Korean horror film.    The Isle (2000)  24th May 05    Plot  A lonely mute woman and a man on the run find love and pain amidst the fishing huts of a tranquil fishing lake.</body> 
 </post> 
<post id= "MS_29253_15147831"> 
<user id ="MS_104324518"> 
	 <username>Noelle Andersson</username> 
	 <sex>F</sex> 
	 <age>18</age> 
	 <city>Kristinehamn</city> 
	 <province>VÃÂ¤rmlands lÃÂ¤n</province> 
	 <country>SE</country> 
	 </user> 
<date>1162971840</date> 
 <body>how can someone like cabin fever?? it's the worst movie ever.</body> 
 </post> 
<post id= "MS_29253_15148442"> 
<user id ="MS_26660605"> 
	 <username>[. SCURRY .]</username> 
	 <sex>F</sex> 
	 <age>25</age> 
	 <city>Lacombe</city> 
	 <province>Louisiana</province> 
	 <country>US</country> 
	 </user> 
<date>1162972860</date> 
 <body>Have you seen the movie May? Wasnt really scary but it was pretty disturbing..    I have yet to see any really scary movies latly. i think I may be immune to horror now.    cabin fever n hostle were the shit. i love movies like that that havent been done and are based in some sort of reality. it could happen.</body> 
 </post> 
<post id= "MS_29253_15148726"> 
<user id ="MS_79751517"> 
	 <username>opiate.for.the.masses</username> 
	 <sex>F</sex> 
	 <age>20</age> 
	 <city>Charlotte</city> 
	 <province>North Carolina</province> 
	 <country>US</country> 
	 </user> 
<date>1162973280</date> 
 <body>The Audition is pretty creepy the other asian movies that I've seen that creep me out are:  Ju-On  Suicide Circle  Tell Me Something  Three</body> 
 </post> 
<post id= "MS_29253_15148798"> 
<user id ="MS_26515942"> 
	 <username>Jessica</username> 
	 <sex>F</sex> 
	 <age>23</age> 
	 <city>Phoenix</city> 
	 <province>Arizona</province> 
	 <country>US</country> 
	 </user> 
<date>1162973400</date> 
 <body>    It's one of those horror comedies. I love those.  Plus, I love all the gore. :D</body> 
 </post> 
<post id= "MS_29253_15149058"> 
<user id ="MS_26515942"> 
	 <username>Jessica</username> 
	 <sex>F</sex> 
	 <age>23</age> 
	 <city>Phoenix</city> 
	 <province>Arizona</province> 
	 <country>US</country> 
	 </user> 
<date>1162973820</date> 
 <body>I hated the original Hostel.  Hopefully Hostel 2 is better. I'm definitely going to go see it.    I think Turistas is going to be good.</body> 
 </post> 
<post id= "MS_29253_15151621"> 
<user id ="MS_17681515"> 
	 <username>Ã£âÂ¢Ã£ÆÆÃ£Æâ Ã£âÂ£Ã£ÆÂ»Ã£âÂ¢Ã£âÂ¿Ã£ÆÂª(Konsolen-Rocker)</username> 
	 <sex>M</sex> 
	 <age>25</age> 
	 <city>Musical Viertel</city> 
	 <province>Brandenburg</province> 
	 <country>DE</country> 
	 </user> 
<date>1162976940</date> 
 <body>"shutter"(like ju-on) or "r-point"  great korean movies</body> 
 </post> 
<post id= "MS_29253_15154229"> 
<user id ="MS_18690450"> 
	 <username>LOVE IS JUST A FANTASY</username> 
	 <sex>M</sex> 
	 <age>26</age> 
	 <city>PHILADELPHIA</city> 
	 <province>Pennsylvania</province> 
	 <country>US</country> 
	 </user> 
<date>1162980780</date> 
 <body>the lost boys</body> 
 </post> 
</posts>