<?xml version="1.0" encoding="UTF-8"?> 
 <posts> 
<post id= "MS_29253_15022407"> 
<user id ="MS_31889944"> 
	 <username>JB</username> 
	 <sex>M</sex> 
	 <age>30</age> 
	 <city>San Francisco</city> 
	 <province>California</province> 
	 <country>US</country> 
	 </user> 
<date>1162741920</date> 
 <body>Anyone can advise me some good recent horror movies, because everything I saw was bad and I always stick to the classics from 70s or 80s...</body> 
 </post> 
<post id= "MS_29253_15023544"> 
<user id ="MS_73445690"> 
	 <username>Tina</username> 
	 <sex>F</sex> 
	 <age>22</age> 
	 <city>Glasgow</city> 
	 <province></province> 
	 <country>UK</country> 
	 </user> 
<date>1162743420</date> 
 <body>nothing is really a horror movie these days. how long has it been since you have seen a film that has seriously scared the crap out of you? although 'stay alive' i will admit is a little creepy..have you seen that?</body> 
 </post> 
<post id= "MS_29253_15026715"> 
<user id ="MS_31889944"> 
	 <username>JB</username> 
	 <sex>M</sex> 
	 <age>30</age> 
	 <city>San Francisco</city> 
	 <province>California</province> 
	 <country>US</country> 
	 </user> 
<date>1162747380</date> 
 <body>I'll check Stay Alive then... I heard it was not too bad. Last movie that scared me? I would say Dark Water (original japanese)... not since. Last one I saw was the remake of The Hills Have Eyes, it sucks.</body> 
 </post> 
<post id= "MS_29253_15026771"> 
<user id ="MS_49461703"> 
	 <username>LaryGoddess</username> 
	 <sex>F</sex> 
	 <age>19</age> 
	 <city>Edmonton</city> 
	 <province>Alberta</province> 
	 <country>CA</country> 
	 </user> 
<date>1162747440</date> 
 <body>Have you seen A Tale of Two Sisters? Scary, and makes you think.</body> 
 </post> 
<post id= "MS_29253_15026862"> 
<user id ="MS_31889944"> 
	 <username>JB</username> 
	 <sex>M</sex> 
	 <age>30</age> 
	 <city>San Francisco</city> 
	 <province>California</province> 
	 <country>US</country> 
	 </user> 
<date>1162747560</date> 
 <body>is it the one with two twin sisters? from Korea or Thailand?</body> 
 </post> 
<post id= "MS_29253_15027157"> 
<user id ="MS_49461703"> 
	 <username>LaryGoddess</username> 
	 <sex>F</sex> 
	 <age>19</age> 
	 <city>Edmonton</city> 
	 <province>Alberta</province> 
	 <country>CA</country> 
	 </user> 
<date>1162747920</date> 
 <body>    For A Tale of Two Sisters ... yes, it's Korean.</body> 
 </post> 
<post id= "MS_29253_15027472"> 
<user id ="MS_2476013"> 
	 <username>xALDO DOOMBRINGERx[DF]</username> 
	 <sex>M</sex> 
	 <age>25</age> 
	 <city>the dusty hood</city> 
	 <province>California</province> 
	 <country>US</country> 
	 </user> 
<date>1162748340</date> 
 <body>uzumaki  its a sweet movie</body> 
 </post> 
<post id= "MS_29253_15027473"> 
<user id ="MS_31889944"> 
	 <username>JB</username> 
	 <sex>M</sex> 
	 <age>30</age> 
	 <city>San Francisco</city> 
	 <province>California</province> 
	 <country>US</country> 
	 </user> 
<date>1162748340</date> 
 <body>    Yeah I saw it, it is indeed a great movie. Korean's best one remains Old Boy although!!</body> 
 </post> 
<post id= "MS_29253_15027563"> 
<user id ="MS_2476013"> 
	 <username>xALDO DOOMBRINGERx[DF]</username> 
	 <sex>M</sex> 
	 <age>25</age> 
	 <city>the dusty hood</city> 
	 <province>California</province> 
	 <country>US</country> 
	 </user> 
<date>1162748460</date> 
 <body>yes  oldboy  owns everything  not really horror, but an excellent film nonetheless</body> 
 </post> 
<post id= "MS_29253_15046374"> 
<user id ="MS_359982"> 
	 <username>A.E.</username> 
	 <sex>M</sex> 
	 <age>24</age> 
	 <city>Foget'bout'it</city> 
	 <province>New York</province> 
	 <country>US</country> 
	 </user> 
<date>1162789140</date> 
 <body>Slither and Feast. Fun, campy horror movies, underrated or unseen but worth the time and effort in acquiring. Forget all these pseudo horror movies coming out recently.    And if you like Zombie movies. George Romero is the go to guy. All his movies are social commentaries as well as zombie eating good times.</body> 
 </post> 
</posts>