<?xml version="1.0" encoding="UTF-8"?> 
 <posts> 
<post id= "MS_29882_15421828"> 
<user id ="MS_20278797"> 
	 <username>Rob Dobbs</username> 
	 <sex>M</sex> 
	 <age>31</age> 
	 <city>LA, So Cal</city> 
	 <province>California</province> 
	 <country>US</country> 
	 </user> 
<date>1163466180</date> 
 <body>"Serenity"  Tied in a prequel, a tv series and a sequel all before the credits even rolled.  The first scene on the ship just after the title is shown is one of the best thought out and executed scenes in the past 20 or more years.    Hate on me all you want but I also like the openeing aereal shot in Mad Max Beyond Thunderdome.</body> 
 </post> 
<post id= "MS_29882_15422303"> 
<user id ="MS_101536146"> 
	 <username>The Ruth</username> 
	 <sex>M</sex> 
	 <age>26</age> 
	 <city>CA</city> 
	 <province></province> 
	 <country></country> 
	 </user> 
<date>1163468460</date> 
 <body>The opening of saw one    "what the fuck, where the fuck... who the fuck are you?"</body> 
 </post> 
<post id= "MS_29882_15422549"> 
<user id ="MS_98940255"> 
	 <username>theamytivillehorror â¥</username> 
	 <sex>F</sex> 
	 <age>18</age> 
	 <city>Toowoomba</city> 
	 <province>Queensland</province> 
	 <country>AU</country> 
	 </user> 
<date>1163469660</date> 
 <body>    I would have to agree, although the movie is so easy to read its just meh, why bother.</body> 
 </post> 
<post id= "MS_29882_15422783"> 
<user id ="MS_106229678"> 
	 <username>nerys hughes</username> 
	 <sex>F</sex> 
	 <age>99</age> 
	 <city>Northeast</city> 
	 <province></province> 
	 <country>UK</country> 
	 </user> 
<date>1163470800</date> 
 <body>aguirre wrath of god</body> 
 </post> 
<post id= "MS_29882_15423790"> 
<user id ="MS_64667302"> 
	 <username>Brandon</username> 
	 <sex>M</sex> 
	 <age>30</age> 
	 <city>Wilmington</city> 
	 <province>North Carolina</province> 
	 <country>US</country> 
	 </user> 
<date>1163475900</date> 
 <body>Pulp Fiction, or From Dusk Til Dawn    Brandon</body> 
 </post> 
<post id= "MS_29882_15425494"> 
<user id ="MS_3917603"> 
	 <username>AKA Mumbles</username> 
	 <sex>F</sex> 
	 <age>20</age> 
	 <city>Philadelphia</city> 
	 <province>PENNSYLVANIA</province> 
	 <country>US</country> 
	 </user> 
<date>1163482560</date> 
 <body>      I agree wholly.</body> 
 </post> 
<post id= "MS_29882_15427708"> 
<user id ="MS_48121454"> 
	 <username>Andy Outbreak</username> 
	 <sex>M</sex> 
	 <age>21</age> 
	 <city>where the slime live</city> 
	 <province>Dublin</province> 
	 <country>IE</country> 
	 </user> 
<date>1163488560</date> 
 <body>Dead or Alive the takashi miike film</body> 
 </post> 
<post id= "MS_29882_15428367"> 
<user id ="MS_17897621"> 
	 <username>Matt McCuaig</username> 
	 <sex>F</sex> 
	 <age>108</age> 
	 <city>Texas</city> 
	 <province></province> 
	 <country>US</country> 
	 </user> 
<date>1163490180</date> 
 <body>kill bill 1</body> 
 </post> 
<post id= "MS_29882_15428497"> 
<user id ="MS_55711576"> 
	 <username>Kristi [NO DAY BUT TODAY]</username> 
	 <sex>F</sex> 
	 <age>33</age> 
	 <city>Leander</city> 
	 <province>Texas</province> 
	 <country>US</country> 
	 </user> 
<date>1163490480</date> 
 <body>    Good one! I forgot about that one.</body> 
 </post> 
<post id= "MS_29882_15429801"> 
<user id ="MS_79914376"> 
	 <username>BORNcrisis</username> 
	 <sex>F</sex> 
	 <age>108</age> 
	 <city>KNOXVILLE</city> 
	 <province>Tennessee</province> 
	 <country>US</country> 
	 </user> 
<date>1163492820</date> 
 <body>Forgot about Jackie Brown. Never saw an opening have such an effect on a theatre audience. Everybody in the theatre was laughin right up until........It set the tone for the whole movie and was a thing of beauty the way it was done.</body> 
 </post> 
</posts>