<?xml version="1.0" encoding="UTF-8"?> 
 <posts> 
<post id= "MS_29882_15384493"> 
<user id ="MS_79914376"> 
	 <username>BORNcrisis</username> 
	 <sex>F</sex> 
	 <age>108</age> 
	 <city>KNOXVILLE</city> 
	 <province>Tennessee</province> 
	 <country>US</country> 
	 </user> 
<date>1163405760</date> 
 <body>    Agreed. Also the opening of The Bourne Identity</body> 
 </post> 
<post id= "MS_29882_15385273"> 
<user id ="MS_4699236"> 
	 <username>~*ANnA*~</username> 
	 <sex>F</sex> 
	 <age>28</age> 
	 <city>Plano</city> 
	 <province>Texas</province> 
	 <country>US</country> 
	 </user> 
<date>1163407020</date> 
 <body>Pulp Fiction</body> 
 </post> 
<post id= "MS_29882_15386194"> 
<user id ="MS_55711576"> 
	 <username>Kristi [NO DAY BUT TODAY]</username> 
	 <sex>F</sex> 
	 <age>33</age> 
	 <city>Leander</city> 
	 <province>Texas</province> 
	 <country>US</country> 
	 </user> 
<date>1163408580</date> 
 <body>The opening to Copycat was also pretty cool</body> 
 </post> 
<post id= "MS_29882_15388686"> 
<user id ="MS_34610424"> 
	 <username>Parker</username> 
	 <sex>F</sex> 
	 <age>21</age> 
	 <city>Baltimore</city> 
	 <province>MARYLAND</province> 
	 <country>US</country> 
	 </user> 
<date>1163412600</date> 
 <body>The opening the "The Way of the Gun" is really good, especially when the end.</body> 
 </post> 
<post id= "MS_29882_15389482"> 
<user id ="MS_37313515"> 
	 <username>Matt</username> 
	 <sex>M</sex> 
	 <age>18</age> 
	 <city>Missouri</city> 
	 <province></province> 
	 <country>US</country> 
	 </user> 
<date>1163413740</date> 
 <body>The opening scene to Clerks 2 is the best</body> 
 </post> 
<post id= "MS_29882_15403381"> 
<user id ="MS_55774764"> 
	 <username>TDR25</username> 
	 <sex>M</sex> 
	 <age>25</age> 
	 <city>SAVANNAH</city> 
	 <province>GEORGIA</province> 
	 <country>US</country> 
	 </user> 
<date>1163433660</date> 
 <body>X-Men United had a good one.</body> 
 </post> 
<post id= "MS_29882_15403937"> 
<user id ="MS_30321144"> 
	 <username>Dustin</username> 
	 <sex>M</sex> 
	 <age>30</age> 
	 <city>CA</city> 
	 <province></province> 
	 <country></country> 
	 </user> 
<date>1163434380</date> 
 <body>Touch of Evil  Boogie Nights  Pulp Fiction</body> 
 </post> 
<post id= "MS_29882_15405135"> 
<user id ="MS_31367378"> 
	 <username>.miss bubbala.</username> 
	 <sex>F</sex> 
	 <age>22</age> 
	 <city>Anywhere and Everywhere !</city> 
	 <province>New York</province> 
	 <country>US</country> 
	 </user> 
<date>1163436000</date> 
 <body>saw 3 had an awesome opening.... if you havent seen it what are you waiting for...?</body> 
 </post> 
<post id= "MS_29882_15406836"> 
<user id ="MS_103342454"> 
	 <username>Heidi</username> 
	 <sex>F</sex> 
	 <age>33</age> 
	 <city>Tampa</city> 
	 <province>Florida</province> 
	 <country>US</country> 
	 </user> 
<date>1163438220</date> 
 <body>Saving Private Ryan</body> 
 </post> 
<post id= "MS_29882_15408122"> 
<user id ="MS_77238301"> 
	 <username>I am the Master killer![DSC]</username> 
	 <sex>M</sex> 
	 <age>22</age> 
	 <city>WINGATE</city> 
	 <province>North Carolina</province> 
	 <country>US</country> 
	 </user> 
<date>1163439900</date> 
 <body>Ghost Ship.    The opening sequence was the only enjoyable part of that film.</body> 
 </post> 
</posts>