<?xml version="1.0" encoding="UTF-8"?> 
 <posts> 
<post id= "MS_29882_15408122"> 
<user id ="MS_77238301"> 
	 <username>I am the Master killer![DSC]</username> 
	 <sex>M</sex> 
	 <age>22</age> 
	 <city>WINGATE</city> 
	 <province>North Carolina</province> 
	 <country>US</country> 
	 </user> 
<date>1163439900</date> 
 <body>Ghost Ship.    The opening sequence was the only enjoyable part of that film.</body> 
 </post> 
<post id= "MS_29882_15410607"> 
<user id ="MS_115849766"> 
	 <username>David</username> 
	 <sex>M</sex> 
	 <age>35</age> 
	 <city>ARMPITville</city> 
	 <province>North Carolina</province> 
	 <country>US</country> 
	 </user> 
<date>1163443320</date> 
 <body>Lord of the Rings: The Fellowship of the Ring. And also the beginning of Conan the Barbarian rocks too.</body> 
 </post> 
<post id= "MS_29882_15420613"> 
<user id ="MS_22823201"> 
	 <username>danny</username> 
	 <sex>M</sex> 
	 <age>22</age> 
	 <city>Where All The Youngsters Get Hyphy</city> 
	 <province>California</province> 
	 <country>US</country> 
	 </user> 
<date>1163460900</date> 
 <body>SET IT OFF.</body> 
 </post> 
<post id= "MS_29882_15420765"> 
<user id ="MS_115248995"> 
	 <username>janet</username> 
	 <sex>F</sex> 
	 <age>23</age> 
	 <city>CA</city> 
	 <province></province> 
	 <country></country> 
	 </user> 
<date>1163461560</date> 
 <body>Kill Bill had one of my favourite openings.</body> 
 </post> 
<post id= "MS_29882_15421250"> 
<user id ="MS_123158513"> 
	 <username>Silverbolt</username> 
	 <sex>M</sex> 
	 <age>33</age> 
	 <city>OMAHA</city> 
	 <province>Northeast</province> 
	 <country>US</country> 
	 </user> 
<date>1163463480</date> 
 <body>Raiders of the Lost Ark.</body> 
 </post> 
<post id= "MS_29882_15421828"> 
<user id ="MS_20278797"> 
	 <username>Rob Dobbs</username> 
	 <sex>M</sex> 
	 <age>31</age> 
	 <city>LA, So Cal</city> 
	 <province>California</province> 
	 <country>US</country> 
	 </user> 
<date>1163466180</date> 
 <body>"Serenity"  Tied in a prequel, a tv series and a sequel all before the credits even rolled.  The first scene on the ship just after the title is shown is one of the best thought out and executed scenes in the past 20 or more years.    Hate on me all you want but I also like the openeing aereal shot in Mad Max Beyond Thunderdome.</body> 
 </post> 
<post id= "MS_29882_15422303"> 
<user id ="MS_101536146"> 
	 <username>The Ruth</username> 
	 <sex>M</sex> 
	 <age>26</age> 
	 <city>CA</city> 
	 <province></province> 
	 <country></country> 
	 </user> 
<date>1163468460</date> 
 <body>The opening of saw one    "what the fuck, where the fuck... who the fuck are you?"</body> 
 </post> 
<post id= "MS_29882_15422549"> 
<user id ="MS_98940255"> 
	 <username>theamytivillehorror â¥</username> 
	 <sex>F</sex> 
	 <age>18</age> 
	 <city>Toowoomba</city> 
	 <province>Queensland</province> 
	 <country>AU</country> 
	 </user> 
<date>1163469660</date> 
 <body>    I would have to agree, although the movie is so easy to read its just meh, why bother.</body> 
 </post> 
<post id= "MS_29882_15422783"> 
<user id ="MS_106229678"> 
	 <username>nerys hughes</username> 
	 <sex>F</sex> 
	 <age>99</age> 
	 <city>Northeast</city> 
	 <province></province> 
	 <country>UK</country> 
	 </user> 
<date>1163470800</date> 
 <body>aguirre wrath of god</body> 
 </post> 
<post id= "MS_29882_15423790"> 
<user id ="MS_64667302"> 
	 <username>Brandon</username> 
	 <sex>M</sex> 
	 <age>30</age> 
	 <city>Wilmington</city> 
	 <province>North Carolina</province> 
	 <country>US</country> 
	 </user> 
<date>1163475900</date> 
 <body>Pulp Fiction, or From Dusk Til Dawn    Brandon</body> 
 </post> 
</posts>