<?xml version="1.0" encoding="UTF-8"?> 
 <posts> 
<post id= "MS_29882_15431248"> 
<user id ="MS_101370972"> 
	 <username>Rolling Stone</username> 
	 <sex>F</sex> 
	 <age>69</age> 
	 <city>Tampa</city> 
	 <province>Florida</province> 
	 <country>US</country> 
	 </user> 
<date>1163494860</date> 
 <body>    What she said..</body> 
 </post> 
<post id= "MS_29882_15432596"> 
<user id ="MS_11849315"> 
	 <username>Edward</username> 
	 <sex>M</sex> 
	 <age>36</age> 
	 <city>New York</city> 
	 <province>NEW YORK</province> 
	 <country>US</country> 
	 </user> 
<date>1163496840</date> 
 <body>Most Bond Films, especially Goldfinger.    HAIR</body> 
 </post> 
<post id= "MS_29882_15432684"> 
<user id ="MS_66066088"> 
	 <username>Our Jen!</username> 
	 <sex>F</sex> 
	 <age>24</age> 
	 <city>notts</city> 
	 <province></province> 
	 <country>UK</country> 
	 </user> 
<date>1163496960</date> 
 <body>Ali G in da house!</body> 
 </post> 
<post id= "MS_29882_15433037"> 
<user id ="MS_119351246"> 
	 <username>Heather</username> 
	 <sex>F</sex> 
	 <age>33</age> 
	 <city>Veneta</city> 
	 <province>Oregon</province> 
	 <country>US</country> 
	 </user> 
<date>1163497500</date> 
 <body>Apocalypse Now</body> 
 </post> 
<post id= "MS_29882_15433346"> 
<user id ="MS_83775387"> 
	 <username>THE GOOD ROBOT US'S</username> 
	 <sex>F</sex> 
	 <age>108</age> 
	 <city>This alphabet town</city> 
	 <province>California</province> 
	 <country>US</country> 
	 </user> 
<date>1163497920</date> 
 <body>Meet Joe Black: when Mr. Pitt challenges a fast moving bus and loses!    Jay and Silent Bob Strike Back: when baby Jay says what appears to be his first word "F*ck", while sitting in a stroller, in front of the stop and go. Then, ages 20 years in the same spot, with the same word. "15 bucks little man. Put that money in my hand. If you don't, you must go 'cause you owe me owe me owe. My Jungle Love...Ohweeohweeeoh...I think I wanna know ya!"</body> 
 </post> 
<post id= "MS_29882_15434924"> 
<user id ="MS_72468219"> 
	 <username>Kiran</username> 
	 <sex>M</sex> 
	 <age>22</age> 
	 <city>Galway</city> 
	 <province>Galway</province> 
	 <country>IE</country> 
	 </user> 
<date>1163500080</date> 
 <body>2001: A Space Odessey</body> 
 </post> 
<post id= "MS_29882_15436424"> 
<user id ="MS_6011717"> 
	 <username>Boogie-Woogie Feng Shui</username> 
	 <sex>M</sex> 
	 <age>22</age> 
	 <city>Tucson</city> 
	 <province>Arizona</province> 
	 <country>US</country> 
	 </user> 
<date>1163502000</date> 
 <body></body> 
 </post> 
<post id= "MS_29882_15438083"> 
<user id ="MS_66066088"> 
	 <username>Our Jen!</username> 
	 <sex>F</sex> 
	 <age>24</age> 
	 <city>notts</city> 
	 <province></province> 
	 <country>UK</country> 
	 </user> 
<date>1163504040</date> 
 <body>It is quite a bad opening! His teeth!</body> 
 </post> 
<post id= "MS_29882_15441756"> 
<user id ="MS_113331051"> 
	 <username>Jo</username> 
	 <sex>F</sex> 
	 <age>37</age> 
	 <city>The Highlands</city> 
	 <province>Scotland</province> 
	 <country>UK</country> 
	 </user> 
<date>1163508780</date> 
 <body>    Yeah, that is a good one. Sets the tone perfectly.</body> 
 </post> 
<post id= "MS_29882_15441757"> 
<user id ="MS_51040637"> 
	 <username>whattt</username> 
	 <sex>F</sex> 
	 <age>19</age> 
	 <city>TD</city> 
	 <province></province> 
	 <country></country> 
	 </user> 
<date>1163508780</date> 
 <body>i would agree with the topic starter. the movie that first popped up in my head was pulp fict.</body> 
 </post> 
</posts>