<?xml version="1.0" encoding="UTF-8"?> 
 <posts> 
<post id= "MS_29882_15383274"> 
<user id ="MS_63354638"> 
	 <username>Andre</username> 
	 <sex>M</sex> 
	 <age>27</age> 
	 <city>ROCKDALE</city> 
	 <province>TEXAS</province> 
	 <country>US</country> 
	 </user> 
<date>1163403540</date> 
 <body>the opening to swordfish is real good.</body> 
 </post> 
<post id= "MS_29882_15383414"> 
<user id ="MS_45823198"> 
	 <username>MzKwietStorm</username> 
	 <sex>F</sex> 
	 <age>24</age> 
	 <city>COLUMBIA</city> 
	 <province>South Carolina</province> 
	 <country>US</country> 
	 </user> 
<date>1163403780</date> 
 <body>Mission Impossible 3 has a pretty good opening.</body> 
 </post> 
<post id= "MS_29882_15383512"> 
<user id ="MS_66066088"> 
	 <username>Our Jen!</username> 
	 <sex>F</sex> 
	 <age>24</age> 
	 <city>notts</city> 
	 <province></province> 
	 <country>UK</country> 
	 </user> 
<date>1163403960</date> 
 <body>    Thats a good one!</body> 
 </post> 
<post id= "MS_29882_15384450"> 
<user id ="MS_6349007"> 
	 <username>J</username> 
	 <sex>M</sex> 
	 <age>100</age> 
	 <city>Winnipeg</city> 
	 <province>Manitoba</province> 
	 <country>CA</country> 
	 </user> 
<date>1163405700</date> 
 <body>Memento</body> 
 </post> 
<post id= "MS_29882_15384492"> 
<user id ="MS_55711576"> 
	 <username>Kristi [NO DAY BUT TODAY]</username> 
	 <sex>F</sex> 
	 <age>33</age> 
	 <city>Leander</city> 
	 <province>Texas</province> 
	 <country>US</country> 
	 </user> 
<date>1163405760</date> 
 <body>I like the opening to Charlie's Angels</body> 
 </post> 
<post id= "MS_29882_15384493"> 
<user id ="MS_79914376"> 
	 <username>BORNcrisis</username> 
	 <sex>F</sex> 
	 <age>108</age> 
	 <city>KNOXVILLE</city> 
	 <province>Tennessee</province> 
	 <country>US</country> 
	 </user> 
<date>1163405760</date> 
 <body>    Agreed. Also the opening of The Bourne Identity</body> 
 </post> 
<post id= "MS_29882_15385273"> 
<user id ="MS_4699236"> 
	 <username>~*ANnA*~</username> 
	 <sex>F</sex> 
	 <age>28</age> 
	 <city>Plano</city> 
	 <province>Texas</province> 
	 <country>US</country> 
	 </user> 
<date>1163407020</date> 
 <body>Pulp Fiction</body> 
 </post> 
<post id= "MS_29882_15386194"> 
<user id ="MS_55711576"> 
	 <username>Kristi [NO DAY BUT TODAY]</username> 
	 <sex>F</sex> 
	 <age>33</age> 
	 <city>Leander</city> 
	 <province>Texas</province> 
	 <country>US</country> 
	 </user> 
<date>1163408580</date> 
 <body>The opening to Copycat was also pretty cool</body> 
 </post> 
<post id= "MS_29882_15388686"> 
<user id ="MS_34610424"> 
	 <username>Parker</username> 
	 <sex>F</sex> 
	 <age>21</age> 
	 <city>Baltimore</city> 
	 <province>MARYLAND</province> 
	 <country>US</country> 
	 </user> 
<date>1163412600</date> 
 <body>The opening the "The Way of the Gun" is really good, especially when the end.</body> 
 </post> 
<post id= "MS_29882_15389482"> 
<user id ="MS_37313515"> 
	 <username>Matt</username> 
	 <sex>M</sex> 
	 <age>18</age> 
	 <city>Missouri</city> 
	 <province></province> 
	 <country>US</country> 
	 </user> 
<date>1163413740</date> 
 <body>The opening scene to Clerks 2 is the best</body> 
 </post> 
</posts>