<?xml version="1.0" encoding="UTF-8"?> 
 <posts> 
<post id= "MS_29882_15403381"> 
<user id ="MS_55774764"> 
	 <username>TDR25</username> 
	 <sex>M</sex> 
	 <age>25</age> 
	 <city>SAVANNAH</city> 
	 <province>GEORGIA</province> 
	 <country>US</country> 
	 </user> 
<date>1163433660</date> 
 <body>X-Men United had a good one.</body> 
 </post> 
<post id= "MS_29882_15403937"> 
<user id ="MS_30321144"> 
	 <username>Dustin</username> 
	 <sex>M</sex> 
	 <age>30</age> 
	 <city>CA</city> 
	 <province></province> 
	 <country></country> 
	 </user> 
<date>1163434380</date> 
 <body>Touch of Evil  Boogie Nights  Pulp Fiction</body> 
 </post> 
<post id= "MS_29882_15405135"> 
<user id ="MS_31367378"> 
	 <username>.miss bubbala.</username> 
	 <sex>F</sex> 
	 <age>22</age> 
	 <city>Anywhere and Everywhere !</city> 
	 <province>New York</province> 
	 <country>US</country> 
	 </user> 
<date>1163436000</date> 
 <body>saw 3 had an awesome opening.... if you havent seen it what are you waiting for...?</body> 
 </post> 
<post id= "MS_29882_15406836"> 
<user id ="MS_103342454"> 
	 <username>Heidi</username> 
	 <sex>F</sex> 
	 <age>33</age> 
	 <city>Tampa</city> 
	 <province>Florida</province> 
	 <country>US</country> 
	 </user> 
<date>1163438220</date> 
 <body>Saving Private Ryan</body> 
 </post> 
<post id= "MS_29882_15408122"> 
<user id ="MS_77238301"> 
	 <username>I am the Master killer![DSC]</username> 
	 <sex>M</sex> 
	 <age>22</age> 
	 <city>WINGATE</city> 
	 <province>North Carolina</province> 
	 <country>US</country> 
	 </user> 
<date>1163439900</date> 
 <body>Ghost Ship.    The opening sequence was the only enjoyable part of that film.</body> 
 </post> 
<post id= "MS_29882_15410607"> 
<user id ="MS_115849766"> 
	 <username>David</username> 
	 <sex>M</sex> 
	 <age>35</age> 
	 <city>ARMPITville</city> 
	 <province>North Carolina</province> 
	 <country>US</country> 
	 </user> 
<date>1163443320</date> 
 <body>Lord of the Rings: The Fellowship of the Ring. And also the beginning of Conan the Barbarian rocks too.</body> 
 </post> 
<post id= "MS_29882_15420613"> 
<user id ="MS_22823201"> 
	 <username>danny</username> 
	 <sex>M</sex> 
	 <age>22</age> 
	 <city>Where All The Youngsters Get Hyphy</city> 
	 <province>California</province> 
	 <country>US</country> 
	 </user> 
<date>1163460900</date> 
 <body>SET IT OFF.</body> 
 </post> 
<post id= "MS_29882_15420765"> 
<user id ="MS_115248995"> 
	 <username>janet</username> 
	 <sex>F</sex> 
	 <age>23</age> 
	 <city>CA</city> 
	 <province></province> 
	 <country></country> 
	 </user> 
<date>1163461560</date> 
 <body>Kill Bill had one of my favourite openings.</body> 
 </post> 
<post id= "MS_29882_15421250"> 
<user id ="MS_123158513"> 
	 <username>Silverbolt</username> 
	 <sex>M</sex> 
	 <age>33</age> 
	 <city>OMAHA</city> 
	 <province>Northeast</province> 
	 <country>US</country> 
	 </user> 
<date>1163463480</date> 
 <body>Raiders of the Lost Ark.</body> 
 </post> 
<post id= "MS_29882_15421828"> 
<user id ="MS_20278797"> 
	 <username>Rob Dobbs</username> 
	 <sex>M</sex> 
	 <age>31</age> 
	 <city>LA, So Cal</city> 
	 <province>California</province> 
	 <country>US</country> 
	 </user> 
<date>1163466180</date> 
 <body>"Serenity"  Tied in a prequel, a tv series and a sequel all before the credits even rolled.  The first scene on the ship just after the title is shown is one of the best thought out and executed scenes in the past 20 or more years.    Hate on me all you want but I also like the openeing aereal shot in Mad Max Beyond Thunderdome.</body> 
 </post> 
</posts>