<?xml version="1.0" encoding="UTF-8"?> 
 <posts> 
<post id= "MS_286_1139721"> 
<user id ="MS_4167747"> 
	 <username>R 2 the J</username> 
	 <sex>M</sex> 
	 <age>16</age> 
	 <city>RICHARDSON</city> 
	 <province>TEXAS</province> 
	 <country>US</country> 
	 </user> 
<date>1108126500</date> 
 <body>If you go there...what do you think about it? Any sort of info is apperciated. thanks</body> 
 </post> 
<post id= "MS_286_1143759"> 
<user id ="MS_1244406"> 
	 <username>Austin</username> 
	 <sex>M</sex> 
	 <age>22</age> 
	 <city>REDONDO BEACH</city> 
	 <province>California</province> 
	 <country>US</country> 
	 </user> 
<date>1108150380</date> 
 <body>they have a kick-ass football team and its one of the largest student populated colleges in the country. you probably already knew that but my parents are alums so i try to follow everything that i can. oh yeah, A&M sucks monkey balls. k done now</body> 
 </post> 
<post id= "MS_286_1145456"> 
<user id ="MS_8375559"> 
	 <username>The Devin Wade Fan Club</username> 
	 <sex>M</sex> 
	 <age>24</age> 
	 <city>SAN MARCOS</city> 
	 <province>Texas</province> 
	 <country>US</country> 
	 </user> 
<date>1108170060</date> 
 <body>a&m sucks and they are imbred hicks....hook em horns</body> 
 </post> 
<post id= "MS_286_1146591"> 
<user id ="MS_4167747"> 
	 <username>R 2 the J</username> 
	 <sex>M</sex> 
	 <age>16</age> 
	 <city>RICHARDSON</city> 
	 <province>TEXAS</province> 
	 <country>US</country> 
	 </user> 
<date>1108198440</date> 
 <body>    Thanks...    Do you know anything about the school of Liberal Arts?</body> 
 </post> 
<post id= "MS_286_1158456"> 
<user id ="MS_8021260"> 
	 <username>Bethany</username> 
	 <sex>F</sex> 
	 <age>25</age> 
	 <city>HOUSTON</city> 
	 <province>Texas</province> 
	 <country>US</country> 
	 </user> 
<date>1108321440</date> 
 <body>my best friend goes to UT austin. i visit her a lot up there. she has some likes and dislikes about it. however, it all depends on what u want to study. some schools have better programs in different things than other schools...like u of houston (go coogs!) we have a really good psychology program and music program...and business...texas southern (right across from us) has a really good pharmacy program.</body> 
 </post> 
<post id= "MS_286_1185059"> 
<user id ="MS_8798189"> 
	 <username>Yvette</username> 
	 <sex>F</sex> 
	 <age>26</age> 
	 <city>SAN DIEGO</city> 
	 <province>California</province> 
	 <country>US</country> 
	 </user> 
<date>1108561560</date> 
 <body>UT is an awesome school. I miss the long walks to class & the bus rides. (I really do! haha) I had a great time while I was in Austin... coffee shops, live shows, football, & Leslie! I didn't enjoy it as much as I would've liked towards the end (b/c of work/studying), but I would definitely recommend it. I hope to move back to Austin in a couple years. Can't wait!</body> 
 </post> 
<post id= "MS_286_1187193"> 
<user id ="MS_3148978"> 
	 <username>nate</username> 
	 <sex>M</sex> 
	 <age>23</age> 
	 <city>rocky mountain high</city> 
	 <province>Colorado</province> 
	 <country>US</country> 
	 </user> 
<date>1108576980</date> 
 <body>UT is great, I never got to go there, but i lived in Austin for a while, and I have buddies that go there, If you like to party and get an education, check it out.  HOOK EM HORNS!</body> 
 </post> 
</posts>