<?xml version="1.0" encoding="UTF-8"?> 
 <posts> 
<post id= "MS_7792_115771"> 
<user id ="MS_1923449"> 
	 <username>ashley</username> 
	 <sex>F</sex> 
	 <age>24</age> 
	 <city>Washington DC</city> 
	 <province></province> 
	 <country>US</country> 
	 </user> 
<date>1090672140</date> 
 <body>Dickinson College  Big Dick, Drinkinson  Red Devils</body> 
 </post> 
<post id= "MS_7792_116455"> 
<user id ="MS_1502261"> 
	 <username>xphoenixazulx</username> 
	 <sex>F</sex> 
	 <age>23</age> 
	 <city>Scotland</city> 
	 <province></province> 
	 <country>UK</country> 
	 </user> 
<date>1090728000</date> 
 <body>Otterbein College- OC, O  Mascot- Cardinals (you'd think it would be more logical to have an otter)</body> 
 </post> 
<post id= "MS_7792_116781"> 
<user id ="MS_86388"> 
	 <username>Ryan Llora, Photographer</username> 
	 <sex>M</sex> 
	 <age>26</age> 
	 <city>San Diego</city> 
	 <province>California</province> 
	 <country>US</country> 
	 </user> 
<date>1090760160</date> 
 <body>university of nevada, las vegas = U'll Never Leave Vegas    mascot = rebels, his name is "hey reb"    </body> 
 </post> 
<post id= "MS_7792_116831"> 
<user id ="MS_1269160"> 
	 <username>â¦ the new Mrs. â¦</username> 
	 <sex>F</sex> 
	 <age>27</age> 
	 <city>Woonsocket</city> 
	 <province>RHODE ISLAND</province> 
	 <country>US</country> 
	 </user> 
<date>1090763640</date> 
 <body>University of Rhode Island = Rams or You Are High  Mascot = Rhody the Ram</body> 
 </post> 
<post id= "MS_7792_116859"> 
<user id ="MS_1380413"> 
	 <username>B(z)</username> 
	 <sex>F</sex> 
	 <age>22</age> 
	 <city>California</city> 
	 <province></province> 
	 <country>US</country> 
	 </user> 
<date>1090765200</date> 
 <body>CSU Sacramento= Sac State    Hornets</body> 
 </post> 
<post id= "MS_7792_117329"> 
<user id ="MS_757169"> 
	 <username>Toasted Brown Girl</username> 
	 <sex>F</sex> 
	 <age>27</age> 
	 <city>California</city> 
	 <province></province> 
	 <country>US</country> 
	 </user> 
<date>1090788780</date> 
 <body>USC Trojans    Mascot: The Traveler (white horse)   </body> 
 </post> 
<post id= "MS_7792_117340"> 
<user id ="MS_748451"> 
	 <username>No one on the corner has swagger like Chris</username> 
	 <sex>M</sex> 
	 <age>26</age> 
	 <city>Oakland (aka The Matrix)</city> 
	 <province>California</province> 
	 <country>US</country> 
	 </user> 
<date>1090789380</date> 
 <body> Thats are freakin mascot...The Banana Slug</body> 
 </post> 
<post id= "MS_7792_117654"> 
<user id ="MS_2643414"> 
	 <username>Davey DUck</username> 
	 <sex>M</sex> 
	 <age>24</age> 
	 <city>Chino</city> 
	 <province>California</province> 
	 <country>US</country> 
	 </user> 
<date>1090811040</date> 
 <body>San Diego State University Aztecs  Monty Montezuma</body> 
 </post> 
<post id= "MS_7792_119015"> 
<user id ="MS_2324982"> 
	 <username>* britny *</username> 
	 <sex>F</sex> 
	 <age>23</age> 
	 <city>INDIANAPOLIS</city> 
	 <province>INDIANA</province> 
	 <country>US</country> 
	 </user> 
<date>1090867560</date> 
 <body>Ball State University - BSU  Mascot - Cardinals</body> 
 </post> 
<post id= "MS_7792_123496"> 
<user id ="MS_1597302"> 
	 <username>Hanna</username> 
	 <sex>F</sex> 
	 <age>95</age> 
	 <city>Toronto, CAN / Aliso Viejo</city> 
	 <province>California</province> 
	 <country>US</country> 
	 </user> 
<date>1091087520</date> 
 <body>   Mascot: ugly freaking anteater    </body> 
 </post> 
</posts>