<?xml version="1.0" encoding="UTF-8"?> 
 <posts> 
<post id= "MS_7792_143839"> 
<user id ="MS_1983490"> 
	 <username>Ã¡ÆÂ¦Ã¢â¢Â¥MISSPLASTIKÃÂ®Ã¢âÂ¢ aka ShetbagÃÂ®Ã¢âÂ¢</username> 
	 <sex>F</sex> 
	 <age>88</age> 
	 <city>San Francisco, Salt Lake City</city> 
	 <province>New York</province> 
	 <country>US</country> 
	 </user> 
<date>1092005640</date> 
 <body>University of Utah Utes  We refer to the school as "the U" since it's all U's and we have like three colleges just in the city... and five more closely linked in concurrent enrollment and transfer within the 90 mile radius of us. Our mascot... an Eagle? I have no idea. Everytime I've been to a football game I went drunk so really I was in the stands to be loud, obnoxious, and crazy.</body> 
 </post> 
<post id= "MS_7792_201862"> 
<user id ="MS_2848381"> 
	 <username>Chris</username> 
	 <sex>M</sex> 
	 <age>25</age> 
	 <city>ESCONDIDO</city> 
	 <province>California</province> 
	 <country>US</country> 
	 </user> 
<date>1093862400</date> 
 <body>damn shitty internet... lol  USD reppin, ive heard lots...  University of San Diego=  University of Spoiled Dicks  University of Spoiled Daughters  University of Sex and Drugs    mascot= Toreros, whew spelled it right. bullfighters in spanish (hey, i didnt know it the whole time either) lata playaz</body> 
 </post> 
<post id= "MS_7792_202064"> 
<user id ="MS_2159658"> 
	 <username>LET MY PEOPLE GO!</username> 
	 <sex>F</sex> 
	 <age>30</age> 
	 <city>MINNEAPOLIS</city> 
	 <province>Minnesota</province> 
	 <country>US</country> 
	 </user> 
<date>1093864860</date> 
 <body>goldie the gopher. who isn't really a gopher. he is a 13 stripped ground squirel.</body> 
 </post> 
<post id= "MS_7792_202080"> 
<user id ="MS_2159658"> 
	 <username>LET MY PEOPLE GO!</username> 
	 <sex>F</sex> 
	 <age>30</age> 
	 <city>MINNEAPOLIS</city> 
	 <province>Minnesota</province> 
	 <country>US</country> 
	 </user> 
<date>1093864980</date> 
 <body>oh yeah, also, to all you wisconsin fans, we gots the ax. and i would rather be dead then red. :-p</body> 
 </post> 
<post id= "MS_7792_202193"> 
<user id ="MS_3282970"> 
	 <username>Evan Randall Scott</username> 
	 <sex>M</sex> 
	 <age>23</age> 
	 <city>Hollywood, Los Angeles</city> 
	 <province>California</province> 
	 <country>US</country> 
	 </user> 
<date>1093867260</date> 
 <body>Texas State    Nick: only one I've heard is "Sweaty State"    Mascot: Bobcats? Bearcats?</body> 
 </post> 
<post id= "MS_7792_202268"> 
<user id ="MS_2695464"> 
	 <username>Jason</username> 
	 <sex>M</sex> 
	 <age>27</age> 
	 <city>Alexandria</city> 
	 <province>Virginia</province> 
	 <country>US</country> 
	 </user> 
<date>1093868580</date> 
 <body>St. John Fisher College Cardinals......Because the Pope made St. John Fisher a Cardinal before he was beheaded...but the Mascot is of the big red bird variety, rather than a headless priest.</body> 
 </post> 
<post id= "MS_7792_207445"> 
<user id ="MS_1806548"> 
	 <username>Mrs. Barger</username> 
	 <sex>F</sex> 
	 <age>24</age> 
	 <city>Lakeland</city> 
	 <province>Florida</province> 
	 <country>US</country> 
	 </user> 
<date>1093969920</date> 
 <body>University of South Florida     yoU Stay Forever    Mascot - Rocky the bull</body> 
 </post> 
<post id= "MS_7792_208644"> 
<user id ="MS_3151876"> 
	 <username>Cap'n Cook</username> 
	 <sex>M</sex> 
	 <age>29</age> 
	 <city>Antarctica</city> 
	 <province>LOUISIANA</province> 
	 <country>US</country> 
	 </user> 
<date>1093988640</date> 
 <body>This has got to be the best ever--    University of Southern Mississippi--USM--UNIVERSITY OF SMOKING MARIJUANA!    Soooooo true!!!!</body> 
 </post> 
<post id= "MS_7792_209302"> 
<user id ="MS_2389686"> 
	 <username>Amanda</username> 
	 <sex>F</sex> 
	 <age>27</age> 
	 <city>CINCINNATI</city> 
	 <province>Ohio</province> 
	 <country>US</country> 
	 </user> 
<date>1094014620</date> 
 <body>University of Cincinnati Bearcats and you guessed it our mascot is a bearcat!!!!!</body> 
 </post> 
<post id= "MS_7792_372383"> 
<user id ="MS_4002910"> 
	 <username>Brandon</username> 
	 <sex>M</sex> 
	 <age>24</age> 
	 <city>Huntsville</city> 
	 <province>ALABAMA</province> 
	 <country>US</country> 
	 </user> 
<date>1097658720</date> 
 <body>Finger Lakes Community College=Lakers    Mascot=none (yet)</body> 
 </post> 
</posts>