<?xml version="1.0" encoding="UTF-8"?> 
 <posts> 
<post id= "MS_7792_119015"> 
<user id ="MS_2324982"> 
	 <username>* britny *</username> 
	 <sex>F</sex> 
	 <age>23</age> 
	 <city>INDIANAPOLIS</city> 
	 <province>INDIANA</province> 
	 <country>US</country> 
	 </user> 
<date>1090867560</date> 
 <body>Ball State University - BSU  Mascot - Cardinals</body> 
 </post> 
<post id= "MS_7792_123496"> 
<user id ="MS_1597302"> 
	 <username>Hanna</username> 
	 <sex>F</sex> 
	 <age>95</age> 
	 <city>Toronto, CAN / Aliso Viejo</city> 
	 <province>California</province> 
	 <country>US</country> 
	 </user> 
<date>1091087520</date> 
 <body>   Mascot: ugly freaking anteater    </body> 
 </post> 
<post id= "MS_7792_123715"> 
<user id ="MS_275575"> 
	 <username>Mychelle</username> 
	 <sex>F</sex> 
	 <age>24</age> 
	 <city>Marion</city> 
	 <province>Arkansas</province> 
	 <country>US</country> 
	 </user> 
<date>1091095440</date> 
 <body>nickname... no idea    mascot is tom(tigers of memphis) the tiger</body> 
 </post> 
<post id= "MS_7792_129883"> 
<user id ="MS_2367671"> 
	 <username>v</username> 
	 <sex>F</sex> 
	 <age>25</age> 
	 <city>San Francisco</city> 
	 <province>California</province> 
	 <country>US</country> 
	 </user> 
<date>1091396400</date> 
 <body>University of Nebraska  Lincoln, NE    Mascot: Cornhusker</body> 
 </post> 
<post id= "MS_7792_130774"> 
<user id ="MS_2445802"> 
	 <username>Ben</username> 
	 <sex>M</sex> 
	 <age>24</age> 
	 <city>LAS VEGAS</city> 
	 <province>Nevada</province> 
	 <country>US</country> 
	 </user> 
<date>1091442420</date> 
 <body>Someone already beat me to it but I go to UNLV as well</body> 
 </post> 
<post id= "MS_7792_130997"> 
<user id ="MS_2472596"> 
	 <username>SaboCatGirl</username> 
	 <sex>F</sex> 
	 <age>26</age> 
	 <city>Los Angeles</city> 
	 <province>California</province> 
	 <country>US</country> 
	 </user> 
<date>1091449320</date> 
 <body>BRUINS!    wooha</body> 
 </post> 
<post id= "MS_7792_130998"> 
<user id ="MS_2472596"> 
	 <username>SaboCatGirl</username> 
	 <sex>F</sex> 
	 <age>26</age> 
	 <city>Los Angeles</city> 
	 <province>California</province> 
	 <country>US</country> 
	 </user> 
<date>1091449380</date> 
 <body>oh yeah..our mascot is "Joe Bruin"</body> 
 </post> 
<post id= "MS_7792_133346"> 
<user id ="MS_1494590"> 
	 <username>Andy</username> 
	 <sex>M</sex> 
	 <age>25</age> 
	 <city>Waltham</city> 
	 <province>Massachusetts</province> 
	 <country>US</country> 
	 </user> 
<date>1091556780</date> 
 <body>I go to emerson college, a communications school in Boston (big theater program, no sports) and our mascot is the most feminine looking lion you've ever seen in your life. Limp paws and all.</body> 
 </post> 
<post id= "MS_7792_133709"> 
<user id ="MS_2667429"> 
	 <username>H-Bomb</username> 
	 <sex>F</sex> 
	 <age>25</age> 
	 <city>Tampa & Orlando</city> 
	 <province>Alabama</province> 
	 <country>US</country> 
	 </user> 
<date>1091570400</date> 
 <body>My friend goes to South Carolina School of the Arts (or it might be North, i can;t remember- sorry!), and their mascot is---- worse than the banana slug---->    the fighting PICKLES</body> 
 </post> 
<post id= "MS_7792_134300"> 
<user id ="MS_2701636"> 
	 <username>Ashley Smith</username> 
	 <sex>F</sex> 
	 <age>23</age> 
	 <city>Toronto</city> 
	 <province>Ontario</province> 
	 <country>CA</country> 
	 </user> 
<date>1091603280</date> 
 <body>Seneca College = Stings    mascot= a bee/wasp/hornett lol idk</body> 
 </post> 
</posts>