<?xml version="1.0" encoding="UTF-8"?> 
 <posts> 
<post id= "MS_7792_207445"> 
<user id ="MS_1806548"> 
	 <username>Mrs. Barger</username> 
	 <sex>F</sex> 
	 <age>24</age> 
	 <city>Lakeland</city> 
	 <province>Florida</province> 
	 <country>US</country> 
	 </user> 
<date>1093969920</date> 
 <body>University of South Florida     yoU Stay Forever    Mascot - Rocky the bull</body> 
 </post> 
<post id= "MS_7792_208644"> 
<user id ="MS_3151876"> 
	 <username>Cap'n Cook</username> 
	 <sex>M</sex> 
	 <age>29</age> 
	 <city>Antarctica</city> 
	 <province>LOUISIANA</province> 
	 <country>US</country> 
	 </user> 
<date>1093988640</date> 
 <body>This has got to be the best ever--    University of Southern Mississippi--USM--UNIVERSITY OF SMOKING MARIJUANA!    Soooooo true!!!!</body> 
 </post> 
<post id= "MS_7792_209302"> 
<user id ="MS_2389686"> 
	 <username>Amanda</username> 
	 <sex>F</sex> 
	 <age>27</age> 
	 <city>CINCINNATI</city> 
	 <province>Ohio</province> 
	 <country>US</country> 
	 </user> 
<date>1094014620</date> 
 <body>University of Cincinnati Bearcats and you guessed it our mascot is a bearcat!!!!!</body> 
 </post> 
<post id= "MS_7792_372383"> 
<user id ="MS_4002910"> 
	 <username>Brandon</username> 
	 <sex>M</sex> 
	 <age>24</age> 
	 <city>Huntsville</city> 
	 <province>ALABAMA</province> 
	 <country>US</country> 
	 </user> 
<date>1097658720</date> 
 <body>Finger Lakes Community College=Lakers    Mascot=none (yet)</body> 
 </post> 
<post id= "MS_7792_372701"> 
<user id ="MS_1337676"> 
	 <username>ohSOintricate</username> 
	 <sex>F</sex> 
	 <age>23</age> 
	 <city>New Jersey</city> 
	 <province></province> 
	 <country>US</country> 
	 </user> 
<date>1097662740</date> 
 <body>    My best friend goes there :)    I haven't heard any nicknames for Monmouth University...a couple of our dorm are referred to as "The Hood"    our mascot is the Night Hawk</body> 
 </post> 
<post id= "MS_7792_373159"> 
<user id ="MS_4241417"> 
	 <username>The Cleeze</username> 
	 <sex>M</sex> 
	 <age>26</age> 
	 <city>Alpena</city> 
	 <province>Michigan</province> 
	 <country>US</country> 
	 </user> 
<date>1097667720</date> 
 <body>ACC Lumberjacks...go community colleges. Technically we shoud be the ACC Underage Drunkards, because that's what idiot kids do here. Drink.</body> 
 </post> 
<post id= "MS_7792_373683"> 
<user id ="MS_3738711"> 
	 <username>Krystal</username> 
	 <sex>F</sex> 
	 <age>23</age> 
	 <city>Berkeley</city> 
	 <province>California</province> 
	 <country>US</country> 
	 </user> 
<date>1097674980</date> 
 <body>Buena Vista University  I don't know of any nicknames, but our mascot is a BEAVER.    Yeah, I know, a lot of opportunity for jokes of a sexual nature.</body> 
 </post> 
<post id= "MS_7792_373755"> 
<user id ="MS_2706836"> 
	 <username>Ã¢â¢Â¥Kasey ElizabethÃ¢â¢Â¥</username> 
	 <sex>F</sex> 
	 <age>22</age> 
	 <city>Lydia</city> 
	 <province>Louisiana</province> 
	 <country>US</country> 
	 </user> 
<date>1097676240</date> 
 <body>University of Lousiana at Lafayette  UL RAGIN CAJUNS!!!!    We are the Ragin' Cajuns but our freakin mascot is a Cayenne pepper. (It used to be a bulldog when we were USL.)</body> 
 </post> 
<post id= "MS_7792_376344"> 
<user id ="MS_4266862"> 
	 <username>dena</username> 
	 <sex>F</sex> 
	 <age>22</age> 
	 <city>New York</city> 
	 <province></province> 
	 <country>US</country> 
	 </user> 
<date>1097736120</date> 
 <body>I go to FIT... I dont think we have a mascot :/  I've heard a few nicknames but they're not very pleasant.</body> 
 </post> 
<post id= "MS_7792_377531"> 
<user id ="MS_752655"> 
	 <username>UC Santa Barbara</username> 
	 <sex>N</sex> 
	 <age></age> 
	 <city>Santa Barbara</city> 
	 <province>CALIFORNIA</province> 
	 <country>US</country> 
	 </user> 
<date>1097751480</date> 
 <body>Come join other UC Santa Barbara Gauchos here on Myspace!!!  <center>  UC Santa Barbara Gauchos (for current students & alumni)   UC Santa Barbara Gauchos Group (for EVERYBODY!!!!!!!)</center>   Mission Statement: This is a place where all current students and alumni of UC Santa Barbara can come together and share memories, pictures, advice, and information regarding upcoming parties, events on campus, the best professors/courses, and pretty much to discuss anything else that goes on at UCSB.  General Info: The campus of the University of California, Santa Barbara is located in the beautiful city of Santa Barbara. The campus stretches across 989 acres along the Pacific Ocean coastline overlooking the Santa Ynez Mountains. UCSB is the party school with an impressive academic reputation. The students know how to have a good time but also know how to take care of business in the classroom.</body> 
 </post> 
</posts>