<?xml version="1.0" encoding="UTF-8"?> 
 <posts> 
<post id= "MS_7792_133709"> 
<user id ="MS_2667429"> 
	 <username>H-Bomb</username> 
	 <sex>F</sex> 
	 <age>25</age> 
	 <city>Tampa & Orlando</city> 
	 <province>Alabama</province> 
	 <country>US</country> 
	 </user> 
<date>1091570400</date> 
 <body>My friend goes to South Carolina School of the Arts (or it might be North, i can;t remember- sorry!), and their mascot is---- worse than the banana slug---->    the fighting PICKLES</body> 
 </post> 
<post id= "MS_7792_134300"> 
<user id ="MS_2701636"> 
	 <username>Ashley Smith</username> 
	 <sex>F</sex> 
	 <age>23</age> 
	 <city>Toronto</city> 
	 <province>Ontario</province> 
	 <country>CA</country> 
	 </user> 
<date>1091603280</date> 
 <body>Seneca College = Stings    mascot= a bee/wasp/hornett lol idk</body> 
 </post> 
<post id= "MS_7792_134672"> 
<user id ="MS_2780227"> 
	 <username>Yessir</username> 
	 <sex>M</sex> 
	 <age>25</age> 
	 <city>Miami</city> 
	 <province>Florida</province> 
	 <country>US</country> 
	 </user> 
<date>1091612100</date> 
 <body>Florida State University - Noles  mascot - go figure, a Seminole    watch out for us in football this year!</body> 
 </post> 
<post id= "MS_7792_135332"> 
<user id ="MS_2591922"> 
	 <username>matt aka mr enka</username> 
	 <sex>M</sex> 
	 <age>24</age> 
	 <city>HENDERSONVILLE/FLAT ROCK</city> 
	 <province>North Carolina</province> 
	 <country>US</country> 
	 </user> 
<date>1091633700</date> 
 <body>Blue Ridge Communiy College - Be Red Cop Com ??????  Mascot-Bears</body> 
 </post> 
<post id= "MS_7792_136020"> 
<user id ="MS_2677354"> 
	 <username>~*Shawna*~</username> 
	 <sex>F</sex> 
	 <age>26</age> 
	 <city>Atlanta</city> 
	 <province>Georgia</province> 
	 <country>US</country> 
	 </user> 
<date>1091657880</date> 
 <body>University of Georgia bulldogs and the mascot a bulldog (UGA) go figure</body> 
 </post> 
<post id= "MS_7792_136252"> 
<user id ="MS_2837480"> 
	 <username>Natalie</username> 
	 <sex>F</sex> 
	 <age>22</age> 
	 <city>Hollywoody</city> 
	 <province>California</province> 
	 <country>US</country> 
	 </user> 
<date>1091686320</date> 
 <body>I go to Fredonia State University...aka Fredstate and we are the blue devils GO DEVILS!</body> 
 </post> 
<post id= "MS_7792_137270"> 
<user id ="MS_2473543"> 
	 <username>Ken</username> 
	 <sex>M</sex> 
	 <age>27</age> 
	 <city>RICHMOND</city> 
	 <province>Kentucky</province> 
	 <country>US</country> 
	 </user> 
<date>1091720400</date> 
 <body>Eastern Kentucky University, EKU, Eastern, Big E, Big Easy    a colonel, a big Robert E. Lee lookin dude wearin Maroon and white with a goatee and stuff.</body> 
 </post> 
<post id= "MS_7792_139256"> 
<user id ="MS_1502261"> 
	 <username>xphoenixazulx</username> 
	 <sex>F</sex> 
	 <age>23</age> 
	 <city>Scotland</city> 
	 <province></province> 
	 <country>UK</country> 
	 </user> 
<date>1091799360</date> 
 <body>I dunno, I think the banana slug is worse than the fighting pickles...at least those pickles are fighting. The slug is just...oozing.</body> 
 </post> 
<post id= "MS_7792_142983"> 
<user id ="MS_985412"> 
	 <username>Amber</username> 
	 <sex>F</sex> 
	 <age>27</age> 
	 <city>Rostock</city> 
	 <province>Mecklenburg-Vorpommern</province> 
	 <country>DE</country> 
	 </user> 
<date>1091975820</date> 
 <body>Virginia Commonwealth University, VCU, Slackass U, The school that accepts anybody, And murder ghetto U - considering Richmond use to be the 2nd murder capitol of the world    Mascot - Rodney the Ram, I think we have a female one too...</body> 
 </post> 
<post id= "MS_7792_143273"> 
<user id ="MS_2714753"> 
	 <username>Peter</username> 
	 <sex>M</sex> 
	 <age>23</age> 
	 <city>Walnut Creek</city> 
	 <province>CALIFORNIA</province> 
	 <country>US</country> 
	 </user> 
<date>1091987640</date> 
 <body>Humboldt State University. HSU. Hills and Stairs University. Huge Smoking University.    Mascot=Lumberjack (Jacks) or simply The J's</body> 
 </post> 
</posts>