<?xml version="1.0" encoding="UTF-8"?> 
 <posts> 
<post id= "MS_7792_136020"> 
<user id ="MS_2677354"> 
	 <username>~*Shawna*~</username> 
	 <sex>F</sex> 
	 <age>26</age> 
	 <city>Atlanta</city> 
	 <province>Georgia</province> 
	 <country>US</country> 
	 </user> 
<date>1091657880</date> 
 <body>University of Georgia bulldogs and the mascot a bulldog (UGA) go figure</body> 
 </post> 
<post id= "MS_7792_136252"> 
<user id ="MS_2837480"> 
	 <username>Natalie</username> 
	 <sex>F</sex> 
	 <age>22</age> 
	 <city>Hollywoody</city> 
	 <province>California</province> 
	 <country>US</country> 
	 </user> 
<date>1091686320</date> 
 <body>I go to Fredonia State University...aka Fredstate and we are the blue devils GO DEVILS!</body> 
 </post> 
<post id= "MS_7792_137270"> 
<user id ="MS_2473543"> 
	 <username>Ken</username> 
	 <sex>M</sex> 
	 <age>27</age> 
	 <city>RICHMOND</city> 
	 <province>Kentucky</province> 
	 <country>US</country> 
	 </user> 
<date>1091720400</date> 
 <body>Eastern Kentucky University, EKU, Eastern, Big E, Big Easy    a colonel, a big Robert E. Lee lookin dude wearin Maroon and white with a goatee and stuff.</body> 
 </post> 
<post id= "MS_7792_139256"> 
<user id ="MS_1502261"> 
	 <username>xphoenixazulx</username> 
	 <sex>F</sex> 
	 <age>23</age> 
	 <city>Scotland</city> 
	 <province></province> 
	 <country>UK</country> 
	 </user> 
<date>1091799360</date> 
 <body>I dunno, I think the banana slug is worse than the fighting pickles...at least those pickles are fighting. The slug is just...oozing.</body> 
 </post> 
<post id= "MS_7792_142983"> 
<user id ="MS_985412"> 
	 <username>Amber</username> 
	 <sex>F</sex> 
	 <age>27</age> 
	 <city>Rostock</city> 
	 <province>Mecklenburg-Vorpommern</province> 
	 <country>DE</country> 
	 </user> 
<date>1091975820</date> 
 <body>Virginia Commonwealth University, VCU, Slackass U, The school that accepts anybody, And murder ghetto U - considering Richmond use to be the 2nd murder capitol of the world    Mascot - Rodney the Ram, I think we have a female one too...</body> 
 </post> 
<post id= "MS_7792_143273"> 
<user id ="MS_2714753"> 
	 <username>Peter</username> 
	 <sex>M</sex> 
	 <age>23</age> 
	 <city>Walnut Creek</city> 
	 <province>CALIFORNIA</province> 
	 <country>US</country> 
	 </user> 
<date>1091987640</date> 
 <body>Humboldt State University. HSU. Hills and Stairs University. Huge Smoking University.    Mascot=Lumberjack (Jacks) or simply The J's</body> 
 </post> 
<post id= "MS_7792_143794"> 
<user id ="MS_2684487"> 
	 <username>Robert McLenin</username> 
	 <sex>M</sex> 
	 <age>28</age> 
	 <city>Norfolk</city> 
	 <province>Virginia</province> 
	 <country>US</country> 
	 </user> 
<date>1092003960</date> 
 <body>Wayne State University (Detroit, MI) Warriors</body> 
 </post> 
<post id= "MS_7792_143839"> 
<user id ="MS_1983490"> 
	 <username>Ã¡ÆÂ¦Ã¢â¢Â¥MISSPLASTIKÃÂ®Ã¢âÂ¢ aka ShetbagÃÂ®Ã¢âÂ¢</username> 
	 <sex>F</sex> 
	 <age>88</age> 
	 <city>San Francisco, Salt Lake City</city> 
	 <province>New York</province> 
	 <country>US</country> 
	 </user> 
<date>1092005640</date> 
 <body>University of Utah Utes  We refer to the school as "the U" since it's all U's and we have like three colleges just in the city... and five more closely linked in concurrent enrollment and transfer within the 90 mile radius of us. Our mascot... an Eagle? I have no idea. Everytime I've been to a football game I went drunk so really I was in the stands to be loud, obnoxious, and crazy.</body> 
 </post> 
<post id= "MS_7792_201862"> 
<user id ="MS_2848381"> 
	 <username>Chris</username> 
	 <sex>M</sex> 
	 <age>25</age> 
	 <city>ESCONDIDO</city> 
	 <province>California</province> 
	 <country>US</country> 
	 </user> 
<date>1093862400</date> 
 <body>damn shitty internet... lol  USD reppin, ive heard lots...  University of San Diego=  University of Spoiled Dicks  University of Spoiled Daughters  University of Sex and Drugs    mascot= Toreros, whew spelled it right. bullfighters in spanish (hey, i didnt know it the whole time either) lata playaz</body> 
 </post> 
<post id= "MS_7792_202064"> 
<user id ="MS_2159658"> 
	 <username>LET MY PEOPLE GO!</username> 
	 <sex>F</sex> 
	 <age>30</age> 
	 <city>MINNEAPOLIS</city> 
	 <province>Minnesota</province> 
	 <country>US</country> 
	 </user> 
<date>1093864860</date> 
 <body>goldie the gopher. who isn't really a gopher. he is a 13 stripped ground squirel.</body> 
 </post> 
</posts>