<?xml version="1.0" encoding="UTF-8"?> 
 <posts> 
<post id= "MS_7792_116831"> 
<user id ="MS_1269160"> 
	 <username>â¦ the new Mrs. â¦</username> 
	 <sex>F</sex> 
	 <age>27</age> 
	 <city>Woonsocket</city> 
	 <province>RHODE ISLAND</province> 
	 <country>US</country> 
	 </user> 
<date>1090763640</date> 
 <body>University of Rhode Island = Rams or You Are High  Mascot = Rhody the Ram</body> 
 </post> 
<post id= "MS_7792_116859"> 
<user id ="MS_1380413"> 
	 <username>B(z)</username> 
	 <sex>F</sex> 
	 <age>22</age> 
	 <city>California</city> 
	 <province></province> 
	 <country>US</country> 
	 </user> 
<date>1090765200</date> 
 <body>CSU Sacramento= Sac State    Hornets</body> 
 </post> 
<post id= "MS_7792_117329"> 
<user id ="MS_757169"> 
	 <username>Toasted Brown Girl</username> 
	 <sex>F</sex> 
	 <age>27</age> 
	 <city>California</city> 
	 <province></province> 
	 <country>US</country> 
	 </user> 
<date>1090788780</date> 
 <body>USC Trojans    Mascot: The Traveler (white horse)   </body> 
 </post> 
<post id= "MS_7792_117340"> 
<user id ="MS_748451"> 
	 <username>No one on the corner has swagger like Chris</username> 
	 <sex>M</sex> 
	 <age>26</age> 
	 <city>Oakland (aka The Matrix)</city> 
	 <province>California</province> 
	 <country>US</country> 
	 </user> 
<date>1090789380</date> 
 <body> Thats are freakin mascot...The Banana Slug</body> 
 </post> 
<post id= "MS_7792_117654"> 
<user id ="MS_2643414"> 
	 <username>Davey DUck</username> 
	 <sex>M</sex> 
	 <age>24</age> 
	 <city>Chino</city> 
	 <province>California</province> 
	 <country>US</country> 
	 </user> 
<date>1090811040</date> 
 <body>San Diego State University Aztecs  Monty Montezuma</body> 
 </post> 
<post id= "MS_7792_119015"> 
<user id ="MS_2324982"> 
	 <username>* britny *</username> 
	 <sex>F</sex> 
	 <age>23</age> 
	 <city>INDIANAPOLIS</city> 
	 <province>INDIANA</province> 
	 <country>US</country> 
	 </user> 
<date>1090867560</date> 
 <body>Ball State University - BSU  Mascot - Cardinals</body> 
 </post> 
<post id= "MS_7792_123496"> 
<user id ="MS_1597302"> 
	 <username>Hanna</username> 
	 <sex>F</sex> 
	 <age>95</age> 
	 <city>Toronto, CAN / Aliso Viejo</city> 
	 <province>California</province> 
	 <country>US</country> 
	 </user> 
<date>1091087520</date> 
 <body>   Mascot: ugly freaking anteater    </body> 
 </post> 
<post id= "MS_7792_123715"> 
<user id ="MS_275575"> 
	 <username>Mychelle</username> 
	 <sex>F</sex> 
	 <age>24</age> 
	 <city>Marion</city> 
	 <province>Arkansas</province> 
	 <country>US</country> 
	 </user> 
<date>1091095440</date> 
 <body>nickname... no idea    mascot is tom(tigers of memphis) the tiger</body> 
 </post> 
<post id= "MS_7792_129883"> 
<user id ="MS_2367671"> 
	 <username>v</username> 
	 <sex>F</sex> 
	 <age>25</age> 
	 <city>San Francisco</city> 
	 <province>California</province> 
	 <country>US</country> 
	 </user> 
<date>1091396400</date> 
 <body>University of Nebraska  Lincoln, NE    Mascot: Cornhusker</body> 
 </post> 
<post id= "MS_7792_130774"> 
<user id ="MS_2445802"> 
	 <username>Ben</username> 
	 <sex>M</sex> 
	 <age>24</age> 
	 <city>LAS VEGAS</city> 
	 <province>Nevada</province> 
	 <country>US</country> 
	 </user> 
<date>1091442420</date> 
 <body>Someone already beat me to it but I go to UNLV as well</body> 
 </post> 
</posts>