<?xml version="1.0" encoding="UTF-8"?> 
 <posts> 
<post id= "MS_7792_115166"> 
<user id ="MS_2152050"> 
	 <username>Disgruntled Biology Student</username> 
	 <sex>M</sex> 
	 <age>22</age> 
	 <city>CALIFORNIA</city> 
	 <province></province> 
	 <country>US</country> 
	 </user> 
<date>1090621140</date> 
 <body>Cal State Fullerton = Titans    Mascot = An Elephant</body> 
 </post> 
<post id= "MS_7792_115439"> 
<user id ="MS_1437212"> 
	 <username>radio free kevo</username> 
	 <sex>M</sex> 
	 <age>23</age> 
	 <city>480</city> 
	 <province>Arizona</province> 
	 <country>US</country> 
	 </user> 
<date>1090652460</date> 
 <body>University of Texas at El Paso=Miners    Mascot=Paydirt Pete=some old mining guy</body> 
 </post> 
<post id= "MS_7792_115444"> 
<user id ="MS_2577935"> 
	 <username>SJ</username> 
	 <sex>F</sex> 
	 <age>23</age> 
	 <city>Connecticut</city> 
	 <province></province> 
	 <country>US</country> 
	 </user> 
<date>1090652820</date> 
 <body>The Southern CT State University owls- mascot is an owl</body> 
 </post> 
<post id= "MS_7792_115700"> 
<user id ="MS_2459199"> 
	 <username>chaz.</username> 
	 <sex>M</sex> 
	 <age>23</age> 
	 <city>Marina</city> 
	 <province>California</province> 
	 <country>US</country> 
	 </user> 
<date>1090668060</date> 
 <body>monterey peninsula college (JC) lobos</body> 
 </post> 
<post id= "MS_7792_115746"> 
<user id ="MS_2667429"> 
	 <username>H-Bomb</username> 
	 <sex>F</sex> 
	 <age>25</age> 
	 <city>Tampa & Orlando</city> 
	 <province>Alabama</province> 
	 <country>US</country> 
	 </user> 
<date>1090670340</date> 
 <body>Vanderbilt University = the snobbish 'Vandy'  Mascot = the robber baron 'commodore' go Dores...</body> 
 </post> 
<post id= "MS_7792_115771"> 
<user id ="MS_1923449"> 
	 <username>ashley</username> 
	 <sex>F</sex> 
	 <age>24</age> 
	 <city>Washington DC</city> 
	 <province></province> 
	 <country>US</country> 
	 </user> 
<date>1090672140</date> 
 <body>Dickinson College  Big Dick, Drinkinson  Red Devils</body> 
 </post> 
<post id= "MS_7792_116455"> 
<user id ="MS_1502261"> 
	 <username>xphoenixazulx</username> 
	 <sex>F</sex> 
	 <age>23</age> 
	 <city>Scotland</city> 
	 <province></province> 
	 <country>UK</country> 
	 </user> 
<date>1090728000</date> 
 <body>Otterbein College- OC, O  Mascot- Cardinals (you'd think it would be more logical to have an otter)</body> 
 </post> 
<post id= "MS_7792_116781"> 
<user id ="MS_86388"> 
	 <username>Ryan Llora, Photographer</username> 
	 <sex>M</sex> 
	 <age>26</age> 
	 <city>San Diego</city> 
	 <province>California</province> 
	 <country>US</country> 
	 </user> 
<date>1090760160</date> 
 <body>university of nevada, las vegas = U'll Never Leave Vegas    mascot = rebels, his name is "hey reb"    </body> 
 </post> 
<post id= "MS_7792_116831"> 
<user id ="MS_1269160"> 
	 <username>â¦ the new Mrs. â¦</username> 
	 <sex>F</sex> 
	 <age>27</age> 
	 <city>Woonsocket</city> 
	 <province>RHODE ISLAND</province> 
	 <country>US</country> 
	 </user> 
<date>1090763640</date> 
 <body>University of Rhode Island = Rams or You Are High  Mascot = Rhody the Ram</body> 
 </post> 
<post id= "MS_7792_116859"> 
<user id ="MS_1380413"> 
	 <username>B(z)</username> 
	 <sex>F</sex> 
	 <age>22</age> 
	 <city>California</city> 
	 <province></province> 
	 <country>US</country> 
	 </user> 
<date>1090765200</date> 
 <body>CSU Sacramento= Sac State    Hornets</body> 
 </post> 
</posts>