<?xml version="1.0" encoding="UTF-8"?> 
 <posts> 
<post id= "MS_7924_2552285"> 
<user id ="MS_10262625"> 
	 <username>NillionairZ h3aven</username> 
	 <sex>F</sex> 
	 <age>23</age> 
	 <city>Riyadh</city> 
	 <province></province> 
	 <country>SA</country> 
	 </user> 
<date>1120433760</date> 
 <body>The right Major</body> 
 </post> 
<post id= "MS_7924_2563719"> 
<user id ="MS_3382799"> 
	 <username>Diana Banana</username> 
	 <sex>F</sex> 
	 <age>22</age> 
	 <city>Pennsylvania</city> 
	 <province></province> 
	 <country>US</country> 
	 </user> 
<date>1120508820</date> 
 <body>The right school. Most people don't even have a job that has to do with their major or degree..</body> 
 </post> 
<post id= "MS_7924_2582892"> 
<user id ="MS_19566274"> 
	 <username>Hendrina F.</username> 
	 <sex>F</sex> 
	 <age>25</age> 
	 <city>South Africa</city> 
	 <province></province> 
	 <country>ZA</country> 
	 </user> 
<date>1120627320</date> 
 <body>The right degree and the right university and good results...oh and good practical experience!!!</body> 
 </post> 
<post id= "MS_7924_2587122"> 
<user id ="MS_4037697"> 
	 <username>Samanth.</username> 
	 <sex>F</sex> 
	 <age>19</age> 
	 <city>Tempe</city> 
	 <province>Arizona</province> 
	 <country>US</country> 
	 </user> 
<date>1120650660</date> 
 <body>The right major... I don't care if you went to Harvard or ASU, if you major in Women's Studies you will never earn as much money as the person who got an M.D.</body> 
 </post> 
<post id= "MS_7924_2603226"> 
<user id ="MS_14547739"> 
	 <username>J.V.</username> 
	 <sex>M</sex> 
	 <age>22</age> 
	 <city>perris</city> 
	 <province>CALIFORNIA</province> 
	 <country>US</country> 
	 </user> 
<date>1120733640</date> 
 <body>depends on what career you want... if you want to be a doctor, the "harvard" looks good on a resume.</body> 
 </post> 
<post id= "MS_7924_2625800"> 
<user id ="MS_1609201"> 
	 <username>casey</username> 
	 <sex>F</sex> 
	 <age>28</age> 
	 <city>San Diego</city> 
	 <province>CALIFORNIA</province> 
	 <country>US</country> 
	 </user> 
<date>1120831680</date> 
 <body>its sooo totally both. dood...if you are a chem major...and want a good job, say in academics...you have to go to the right school. ....there are some advantages over which major one chooses to study for his or her entirety....but you all have super good points. i just know that in my field, if one has an objective, the school matters....i think its all a combination....as well as desire and drive...as someone previously stated....good luck...</body> 
 </post> 
<post id= "MS_7924_2642850"> 
<user id ="MS_4037697"> 
	 <username>Samanth.</username> 
	 <sex>F</sex> 
	 <age>19</age> 
	 <city>Tempe</city> 
	 <province>Arizona</province> 
	 <country>US</country> 
	 </user> 
<date>1120933200</date> 
 <body>But even a doctor who got a degree from a state school will STILL earn plenty of money. The only thing a degree from a great school like Harvard gives you is a boost early on in the game... later, when you're older and have all this work experience behind you, the name on the degree matters less and less.</body> 
 </post> 
<post id= "MS_7924_2672371"> 
<user id ="MS_18077377"> 
	 <username>Christian</username> 
	 <sex>M</sex> 
	 <age>25</age> 
	 <city>Hattiesburg</city> 
	 <province>Mississippi</province> 
	 <country>US</country> 
	 </user> 
<date>1121102100</date> 
 <body>I believe it's both what major and the school (just becaue of people's stereotypes). However, it's also how dedicated you are. You could have graduated from "podunk" (not a real school) but if you really put dedication into your job and show pride, you are likely to go far! People notice work ethic, mainly because so few of us have any. A little goes a long way! That's my opinion.</body> 
 </post> 
<post id= "MS_7924_2694513"> 
<user id ="MS_7141845"> 
	 <username>Bron-weiner</username> 
	 <sex>F</sex> 
	 <age>21</age> 
	 <city>Las Vegas/FBX</city> 
	 <province>Alaska</province> 
	 <country>US</country> 
	 </user> 
<date>1121210640</date> 
 <body>The right major most definately. A school isn't going to put you through life, it depends on what you do and how well you do it. (Aw man that sounds real anal, but whatever)</body> 
 </post> 
<post id= "MS_7924_2695054"> 
<user id ="MS_20053546"> 
	 <username>Donovan</username> 
	 <sex>M</sex> 
	 <age>21</age> 
	 <city>Berkeley</city> 
	 <province>California</province> 
	 <country>US</country> 
	 </user> 
<date>1121217240</date> 
 <body>UC Berkeley, Molecular and cell biology (MCB) major</body> 
 </post> 
</posts>