<?xml version="1.0" encoding="UTF-8"?> 
 <posts> 
<post id= "MS_10326_40803908"> 
<user id ="MS_19621168"> 
	 <username>Noodles</username> 
	 <sex>M</sex> 
	 <age>19</age> 
	 <city>Sonora.. Future Capitol of Penguana</city> 
	 <province>CALIFORNIA</province> 
	 <country>US</country> 
	 </user> 
<date>1207131780</date> 
 <body>  Cut taxes? what about that soring debt? or the massive military we have or the national infustructure? All of that shit costs money. Social programs would be a drop in the bucket if we let continue spending this much on an Army and this massive infustructure.</body> 
 </post> 
<post id= "MS_10326_40810772"> 
<user id ="MS_346883887"> 
	 <username>Bill (L-NY)</username> 
	 <sex>M</sex> 
	 <age>23</age> 
	 <city>Newburgh</city> 
	 <province>New York</province> 
	 <country>US</country> 
	 </user> 
<date>1207138560</date> 
 <body>bump</body> 
 </post> 
<post id= "MS_10326_40810850"> 
<user id ="MS_232205627"> 
	 <username>Blood Package</username> 
	 <sex>M</sex> 
	 <age>18</age> 
	 <city>VA BCH</city> 
	 <province>Virginia</province> 
	 <country>US</country> 
	 </user> 
<date>1207138680</date> 
 <body>When it comes to the economy the only thing you can really do is pray.</body> 
 </post> 
<post id= "MS_10326_40810964"> 
<user id ="MS_56806352"> 
	 <username>Matt -- Changes Names For Fun</username> 
	 <sex>M</sex> 
	 <age>24</age> 
	 <city>Shangrila</city> 
	 <province>Virginia</province> 
	 <country>US</country> 
	 </user> 
<date>1207138740</date> 
 <body>The first thing I do, when I'm low on cash?  Stop spending.  The second?  Raise my income (find a new job, or for the government, raise revenue).  I think this is a good general order.</body> 
 </post> 
<post id= "MS_10326_40811059"> 
<user id ="MS_45253101"> 
	 <username>Jasmine</username> 
	 <sex>F</sex> 
	 <age>32</age> 
	 <city>NEW MEXICO</city> 
	 <province></province> 
	 <country>US</country> 
	 </user> 
<date>1207138800</date> 
 <body> And spend those rebate checks on Chinese goods! Plasma tvs for everyone! Yippee!</body> 
 </post> 
<post id= "MS_10326_40811123"> 
<user id ="MS_232205627"> 
	 <username>Blood Package</username> 
	 <sex>M</sex> 
	 <age>18</age> 
	 <city>VA BCH</city> 
	 <province>Virginia</province> 
	 <country>US</country> 
	 </user> 
<date>1207138860</date> 
 <body> plasma? please. Everyone knows the market is shifting towards LCDs.</body> 
 </post> 
<post id= "MS_10326_40811449"> 
<user id ="MS_334716808"> 
	 <username>Our countrys foundrs cherishd liberty nt democracy</username> 
	 <sex>M</sex> 
	 <age>19</age> 
	 <city>NORTH LAS VEGAS</city> 
	 <province>Nevada</province> 
	 <country>US</country> 
	 </user> 
<date>1207139220</date> 
 <body>  Bring the troops home, that will save us trillions, and when i say bring the troops home i mean from 130 countries.</body> 
 </post> 
<post id= "MS_10326_40811752"> 
<user id ="MS_47511853"> 
	 <username>mark alexander</username> 
	 <sex>M</sex> 
	 <age>22</age> 
	 <city>Verdun,</city> 
	 <province>Quebec</province> 
	 <country>CA</country> 
	 </user> 
<date>1207139520</date> 
 <body>gotta do something.  lower corporate tax, make infrastructure improvements to make america's economy more competitive abroad first off.  also, ease visa restrictions on highly skilled technical labour.</body> 
 </post> 
<post id= "MS_10326_40821965"> 
<user id ="MS_31336319"> 
	 <username>Eric</username> 
	 <sex>M</sex> 
	 <age>35</age> 
	 <city>Camas</city> 
	 <province>WASHINGTON</province> 
	 <country>US</country> 
	 </user> 
<date>1207150620</date> 
 <body>It's a pretty simple prescription, really. Cut taxes, cut spending, and STOP INFLATING!  That should fly with politicians and the public about as well as recommendations for diet and exercise to improve their health. Why go to all that pain and effort, when there just HAS to be a magic pill that can fix it all?</body> 
 </post> 
<post id= "MS_10326_40830763"> 
<user id ="MS_334716808"> 
	 <username>Our countrys foundrs cherishd liberty nt democracy</username> 
	 <sex>M</sex> 
	 <age>19</age> 
	 <city>NORTH LAS VEGAS</city> 
	 <province>Nevada</province> 
	 <country>US</country> 
	 </user> 
<date>1207160460</date> 
 <body>Who said anything about being an isolationist? Its about being a non-interventionist and mind your own business but still trade and travel. Do you call other countries isolationist because they dont police the world?</body> 
 </post> 
</posts>