<?xml version="1.0" encoding="UTF-8"?> 
 <posts> 
<post id= "MS_10326_40831819"> 
<user id ="MS_49758487"> 
	 <username>SSG Alexander VanArsdall</username> 
	 <sex>M</sex> 
	 <age>31</age> 
	 <city>In the sand</city> 
	 <province></province> 
	 <country>IQ</country> 
	 </user> 
<date>1207161840</date> 
 <body>  Our troops being stationed in other countries such as Germany and Japan have more to do with international economical matters than anything else. Withdrawing our forces from peaceful overseas assignments will cripple several national economies worldwide and cause an international economic crisis.</body> 
 </post> 
<post id= "MS_10326_40832089"> 
<user id ="MS_334716808"> 
	 <username>Our countrys foundrs cherishd liberty nt democracy</username> 
	 <sex>M</sex> 
	 <age>19</age> 
	 <city>NORTH LAS VEGAS</city> 
	 <province>Nevada</province> 
	 <country>US</country> 
	 </user> 
<date>1207162080</date> 
 <body>  facts?</body> 
 </post> 
<post id= "MS_10326_40832565"> 
<user id ="MS_49758487"> 
	 <username>SSG Alexander VanArsdall</username> 
	 <sex>M</sex> 
	 <age>31</age> 
	 <city>In the sand</city> 
	 <province></province> 
	 <country>IQ</country> 
	 </user> 
<date>1207162680</date> 
 <body>   Take a world economics class, then delve into the finer points of the Defense Budget. For example, the U.S. doesn't own any of the land in the countries it has forces stationed (peacefully or otherwise). The land is rented. In Germany money is paid to the German Government every time a military vehicle is driving off of the installation. The German Government is paid a fee every time a hole is dug on the military installation itself, too. Same thing with the use of the rifle range. Let's not even get into the millions of dollars spent every year by the troops themselves within the country (the alcohol purchase alone would fund a couple of social programs here in the U.S.).  When we first set up the airbase in Hungary in support of the Operation Joint Endeavor in 1995 we almost tripled two-thirds of the country's Gross National Product.  South Korea actually only pays about 20% of their defense budget; we handle the rest in accordance of their treaty. If we were to just up and leave, they'd have to make up that last 80% in the face of North Korea's "million man army."  Need more examples?</body> 
 </post> 
<post id= "MS_10326_40832692"> 
<user id ="MS_334716808"> 
	 <username>Our countrys foundrs cherishd liberty nt democracy</username> 
	 <sex>M</sex> 
	 <age>19</age> 
	 <city>NORTH LAS VEGAS</city> 
	 <province>Nevada</province> 
	 <country>US</country> 
	 </user> 
<date>1207162800</date> 
 <body>  i would like some sources</body> 
 </post> 
<post id= "MS_10326_40832874"> 
<user id ="MS_12192386"> 
	 <username>EDDIE ...RIP PETER!</username> 
	 <sex>M</sex> 
	 <age>23</age> 
	 <city>LA MIRADA</city> 
	 <province>California</province> 
	 <country>US</country> 
	 </user> 
<date>1207163040</date> 
 <body>   That just sounds like one big bureaucracy to me. While foreign countries are profiting from the US bases; the National Debt goes up even further.  Do we really need that many bases overseas?</body> 
 </post> 
<post id= "MS_10326_40832927"> 
<user id ="MS_49758487"> 
	 <username>SSG Alexander VanArsdall</username> 
	 <sex>M</sex> 
	 <age>31</age> 
	 <city>In the sand</city> 
	 <province></province> 
	 <country>IQ</country> 
	 </user> 
<date>1207163100</date> 
 <body>   My information is based on my education as well as my experience. I have been personally involved in the above examples in some form or another, be it working with S-3/G-3 or dealing with the local bureaucracy.  As I stated, take some international economics classes and take a look at teh details of the Defense Budget.</body> 
 </post> 
<post id= "MS_10326_40833051"> 
<user id ="MS_49758487"> 
	 <username>SSG Alexander VanArsdall</username> 
	 <sex>M</sex> 
	 <age>31</age> 
	 <city>In the sand</city> 
	 <province></province> 
	 <country>IQ</country> 
	 </user> 
<date>1207163220</date> 
 <body>  We don't, no, not after the break-up of the Soviet Union, but those bases are such an integral part of the world economy at this point we wouldn't be able to shut them all down without causing serious amounts of economic damage.</body> 
 </post> 
<post id= "MS_10326_40833337"> 
<user id ="MS_49758487"> 
	 <username>SSG Alexander VanArsdall</username> 
	 <sex>M</sex> 
	 <age>31</age> 
	 <city>In the sand</city> 
	 <province></province> 
	 <country>IQ</country> 
	 </user> 
<date>1207163580</date> 
 <body>Believe me, guys, I'm very much a "take care of our own first" kinda guy. I firmly believe we should withdraw all forces from overseas, peaceful or otherwise. I don't see the need for 14 active Aircraft Carriers plus escorts, either. I also hate the fact that so much of our own economy is tied up in the world market, as well as the fact that we pay out billions in foreign aid when we've got people starving in the streets.  I'm a staunch isolationist; always have been.  However, what I like and don't like doesn't change the facts. I'm willing to make the sacrifices necessary to withdraw into our shells and take care of ourselves first, but I can't make that choice for the rest of the country (which is why I will never run for office). What's good for me isn't always good for everyone else.</body> 
 </post> 
<post id= "MS_10326_40834241"> 
<user id ="MS_334716808"> 
	 <username>Our countrys foundrs cherishd liberty nt democracy</username> 
	 <sex>M</sex> 
	 <age>19</age> 
	 <city>NORTH LAS VEGAS</city> 
	 <province>Nevada</province> 
	 <country>US</country> 
	 </user> 
<date>1207164600</date> 
 <body>  So what he says in this video isn't true?        </body> 
 </post> 
<post id= "MS_10326_40834459"> 
<user id ="MS_49758487"> 
	 <username>SSG Alexander VanArsdall</username> 
	 <sex>M</sex> 
	 <age>31</age> 
	 <city>In the sand</city> 
	 <province></province> 
	 <country>IQ</country> 
	 </user> 
<date>1207164780</date> 
 <body>   Next-Gen Nuke Subs and F-22s I'm okay with, although not nearly in the number we are building. We need to stay on top as far as conventional military technology is concerned, and I'm okay with a few wings of $130+ billion aircraft.</body> 
 </post> 
</posts>