<?xml version="1.0" encoding="UTF-8"?> 
 <posts> 
<post id= "MS_10326_40811123"> 
<user id ="MS_232205627"> 
	 <username>Blood Package</username> 
	 <sex>M</sex> 
	 <age>18</age> 
	 <city>VA BCH</city> 
	 <province>Virginia</province> 
	 <country>US</country> 
	 </user> 
<date>1207138860</date> 
 <body> plasma? please. Everyone knows the market is shifting towards LCDs.</body> 
 </post> 
<post id= "MS_10326_40811449"> 
<user id ="MS_334716808"> 
	 <username>Our countrys foundrs cherishd liberty nt democracy</username> 
	 <sex>M</sex> 
	 <age>19</age> 
	 <city>NORTH LAS VEGAS</city> 
	 <province>Nevada</province> 
	 <country>US</country> 
	 </user> 
<date>1207139220</date> 
 <body>  Bring the troops home, that will save us trillions, and when i say bring the troops home i mean from 130 countries.</body> 
 </post> 
<post id= "MS_10326_40811752"> 
<user id ="MS_47511853"> 
	 <username>mark alexander</username> 
	 <sex>M</sex> 
	 <age>22</age> 
	 <city>Verdun,</city> 
	 <province>Quebec</province> 
	 <country>CA</country> 
	 </user> 
<date>1207139520</date> 
 <body>gotta do something.  lower corporate tax, make infrastructure improvements to make america's economy more competitive abroad first off.  also, ease visa restrictions on highly skilled technical labour.</body> 
 </post> 
<post id= "MS_10326_40821965"> 
<user id ="MS_31336319"> 
	 <username>Eric</username> 
	 <sex>M</sex> 
	 <age>35</age> 
	 <city>Camas</city> 
	 <province>WASHINGTON</province> 
	 <country>US</country> 
	 </user> 
<date>1207150620</date> 
 <body>It's a pretty simple prescription, really. Cut taxes, cut spending, and STOP INFLATING!  That should fly with politicians and the public about as well as recommendations for diet and exercise to improve their health. Why go to all that pain and effort, when there just HAS to be a magic pill that can fix it all?</body> 
 </post> 
<post id= "MS_10326_40830763"> 
<user id ="MS_334716808"> 
	 <username>Our countrys foundrs cherishd liberty nt democracy</username> 
	 <sex>M</sex> 
	 <age>19</age> 
	 <city>NORTH LAS VEGAS</city> 
	 <province>Nevada</province> 
	 <country>US</country> 
	 </user> 
<date>1207160460</date> 
 <body>Who said anything about being an isolationist? Its about being a non-interventionist and mind your own business but still trade and travel. Do you call other countries isolationist because they dont police the world?</body> 
 </post> 
<post id= "MS_10326_40831819"> 
<user id ="MS_49758487"> 
	 <username>SSG Alexander VanArsdall</username> 
	 <sex>M</sex> 
	 <age>31</age> 
	 <city>In the sand</city> 
	 <province></province> 
	 <country>IQ</country> 
	 </user> 
<date>1207161840</date> 
 <body>  Our troops being stationed in other countries such as Germany and Japan have more to do with international economical matters than anything else. Withdrawing our forces from peaceful overseas assignments will cripple several national economies worldwide and cause an international economic crisis.</body> 
 </post> 
<post id= "MS_10326_40832089"> 
<user id ="MS_334716808"> 
	 <username>Our countrys foundrs cherishd liberty nt democracy</username> 
	 <sex>M</sex> 
	 <age>19</age> 
	 <city>NORTH LAS VEGAS</city> 
	 <province>Nevada</province> 
	 <country>US</country> 
	 </user> 
<date>1207162080</date> 
 <body>  facts?</body> 
 </post> 
<post id= "MS_10326_40832565"> 
<user id ="MS_49758487"> 
	 <username>SSG Alexander VanArsdall</username> 
	 <sex>M</sex> 
	 <age>31</age> 
	 <city>In the sand</city> 
	 <province></province> 
	 <country>IQ</country> 
	 </user> 
<date>1207162680</date> 
 <body>   Take a world economics class, then delve into the finer points of the Defense Budget. For example, the U.S. doesn't own any of the land in the countries it has forces stationed (peacefully or otherwise). The land is rented. In Germany money is paid to the German Government every time a military vehicle is driving off of the installation. The German Government is paid a fee every time a hole is dug on the military installation itself, too. Same thing with the use of the rifle range. Let's not even get into the millions of dollars spent every year by the troops themselves within the country (the alcohol purchase alone would fund a couple of social programs here in the U.S.).  When we first set up the airbase in Hungary in support of the Operation Joint Endeavor in 1995 we almost tripled two-thirds of the country's Gross National Product.  South Korea actually only pays about 20% of their defense budget; we handle the rest in accordance of their treaty. If we were to just up and leave, they'd have to make up that last 80% in the face of North Korea's "million man army."  Need more examples?</body> 
 </post> 
<post id= "MS_10326_40832692"> 
<user id ="MS_334716808"> 
	 <username>Our countrys foundrs cherishd liberty nt democracy</username> 
	 <sex>M</sex> 
	 <age>19</age> 
	 <city>NORTH LAS VEGAS</city> 
	 <province>Nevada</province> 
	 <country>US</country> 
	 </user> 
<date>1207162800</date> 
 <body>  i would like some sources</body> 
 </post> 
<post id= "MS_10326_40832874"> 
<user id ="MS_12192386"> 
	 <username>EDDIE ...RIP PETER!</username> 
	 <sex>M</sex> 
	 <age>23</age> 
	 <city>LA MIRADA</city> 
	 <province>California</province> 
	 <country>US</country> 
	 </user> 
<date>1207163040</date> 
 <body>   That just sounds like one big bureaucracy to me. While foreign countries are profiting from the US bases; the National Debt goes up even further.  Do we really need that many bases overseas?</body> 
 </post> 
</posts>