<?xml version="1.0" encoding="UTF-8"?> 
 <posts> 
<post id= "MS_8974_41257842"> 
<user id ="MS_134755863"> 
	 <username>mick</username> 
	 <sex>M</sex> 
	 <age>49</age> 
	 <city>NORWICH</city> 
	 <province>Vermont</province> 
	 <country>US</country> 
	 </user> 
<date>1207848300</date> 
 <body>  reagan was a demagogue.ÃÂ  I see that now.ÃÂ  But he did effectively enrapture the nation in patriotism, to a fault.ÃÂ  most didn't see the fractured thinking of reaganomics until the 90's when it was too late.ÃÂ  the reason that you're not hearing from reagan conservatives is because most have morph'd either into the army of "compassionate conservatives" or as myself have morph'd into independent voters who look a little more analytically at politics now.</body> 
 </post> 
<post id= "MS_8974_41257846"> 
<user id ="MS_9512096"> 
	 <username>ser Rhaegar*Bounded Destinies*</username> 
	 <sex>M</sex> 
	 <age>101</age> 
	 <city>Dragonstone</city> 
	 <province>WASHINGTON</province> 
	 <country>US</country> 
	 </user> 
<date>1207848300</date> 
 <body> You're delusional.</body> 
 </post> 
<post id= "MS_8974_41257924"> 
<user id ="MS_220905344"> 
	 <username>Capt.Yossarian</username> 
	 <sex>M</sex> 
	 <age>33</age> 
	 <city>Seattle</city> 
	 <province>Washington</province> 
	 <country>US</country> 
	 </user> 
<date>1207848360</date> 
 <body>  So you're a racist too then? Got ya.  I wouldn't have said that, no matter how close a friend he was to me. The fact is he's a racist, so is Lott, and Lott even went on a crying jag apologizing left and right for his remarks.  Even he thinks it was wrong.</body> 
 </post> 
<post id= "MS_8974_41257977"> 
<user id ="MS_346883887"> 
	 <username>Bill (L-NY)</username> 
	 <sex>M</sex> 
	 <age>23</age> 
	 <city>Newburgh</city> 
	 <province>New York</province> 
	 <country>US</country> 
	 </user> 
<date>1207848420</date> 
 <body>   This was addressed Ken Mellman did apologized for the use of the Southern Stragety but many hardcore conservatives like Hannity and Limbaugh said that its a waste of time.</body> 
 </post> 
<post id= "MS_8974_41258004"> 
<user id ="MS_220905344"> 
	 <username>Capt.Yossarian</username> 
	 <sex>M</sex> 
	 <age>33</age> 
	 <city>Seattle</city> 
	 <province>Washington</province> 
	 <country>US</country> 
	 </user> 
<date>1207848480</date> 
 <body>  A long time ago, where as the republican party is blatantly racist and within many of our lifetimes.</body> 
 </post> 
<post id= "MS_8974_41258032"> 
<user id ="MS_12051898"> 
	 <username>Nory</username> 
	 <sex>M</sex> 
	 <age>19</age> 
	 <city>U really wanna know?</city> 
	 <province>MARYLAND</province> 
	 <country>US</country> 
	 </user> 
<date>1207848480</date> 
 <body>  He was longtime good friends with James Brown, and actually pleaded on his behalf when Brown got locked up later in life. He changed his ways.</body> 
 </post> 
<post id= "MS_8974_41258065"> 
<user id ="MS_263311267"> 
	 <username>David Cory Jr.</username> 
	 <sex>M</sex> 
	 <age>25</age> 
	 <city>Kentucky</city> 
	 <province></province> 
	 <country>US</country> 
	 </user> 
<date>1207848540</date> 
 <body>  America itself has a history of racism, what is your point? The Democratic Party certainly has a long history of racism and race-baiting, hell they are still doing it today!</body> 
 </post> 
<post id= "MS_8974_41258085"> 
<user id ="MS_9512096"> 
	 <username>ser Rhaegar*Bounded Destinies*</username> 
	 <sex>M</sex> 
	 <age>101</age> 
	 <city>Dragonstone</city> 
	 <province>WASHINGTON</province> 
	 <country>US</country> 
	 </user> 
<date>1207848600</date> 
 <body> The Democrat party looks like the party of racism now.</body> 
 </post> 
<post id= "MS_8974_41258102"> 
<user id ="MS_220905344"> 
	 <username>Capt.Yossarian</username> 
	 <sex>M</sex> 
	 <age>33</age> 
	 <city>Seattle</city> 
	 <province>Washington</province> 
	 <country>US</country> 
	 </user> 
<date>1207848600</date> 
 <body>  Thankyou, excellent rebuttal. So would you say it's a mistake for these conservative radio show heads to continually refer to Reagan as the Great One?  It's almost as if they worship him like a god. That has to be a huge turn off to black voters.</body> 
 </post> 
<post id= "MS_8974_41258179"> 
<user id ="MS_220905344"> 
	 <username>Capt.Yossarian</username> 
	 <sex>M</sex> 
	 <age>33</age> 
	 <city>Seattle</city> 
	 <province>Washington</province> 
	 <country>US</country> 
	 </user> 
<date>1207848720</date> 
 <body>  Interesting to see some of the pundits tackling the issue head on, that can only be a good thing.</body> 
 </post> 
</posts>