<?xml version="1.0" encoding="UTF-8"?> 
 <posts> 
<post id= "MS_8974_41219768"> 
<user id ="MS_228207224"> 
	 <username>Rodney</username> 
	 <sex>M</sex> 
	 <age>40</age> 
	 <city>US</city> 
	 <province></province> 
	 <country></country> 
	 </user> 
<date>1207789980</date> 
 <body>Let's go with you racism comment. After slavery racism trapped African Americans in Poor neighborhoods and they couldn't get out. Today there is a flow of African Americans leaving the poor neighborhoods but not that many. The reason they are democrats is because the democrats support government handouts and the Republicans do not. African Americans that are stuck in poverty couldn't survive without this. Why would they vote Republican? But the successful African Americans, Middle and Upper class, I'll bet a good percentage of them vote Republican.</body> 
 </post> 
<post id= "MS_8974_41220852"> 
<user id ="MS_33870133"> 
	 <username>Gerudothief</username> 
	 <sex>F</sex> 
	 <age>28</age> 
	 <city>CHEHALIS</city> 
	 <province>Washington</province> 
	 <country>US</country> 
	 </user> 
<date>1207794660</date> 
 <body>I agree with Rodney.</body> 
 </post> 
<post id= "MS_8974_41221216"> 
<user id ="MS_8793106"> 
	 <username>JP</username> 
	 <sex>M</sex> 
	 <age>28</age> 
	 <city>Chicago</city> 
	 <province>Illinois</province> 
	 <country>US</country> 
	 </user> 
<date>1207796100</date> 
 <body>Yeah republicans are race baiters?  I think that is delusional.</body> 
 </post> 
<post id= "MS_8974_41236495"> 
<user id ="MS_220905344"> 
	 <username>Capt.Yossarian</username> 
	 <sex>M</sex> 
	 <age>33</age> 
	 <city>Seattle</city> 
	 <province>Washington</province> 
	 <country>US</country> 
	 </user> 
<date>1207821480</date> 
 <body>   So what you are really saying is that poor people favor democrats. But if that was the case, why aren't the majority of poor white amaericans also democrat? Statistically more white people rely on social services than blacks.</body> 
 </post> 
<post id= "MS_8974_41236584"> 
<user id ="MS_220905344"> 
	 <username>Capt.Yossarian</username> 
	 <sex>M</sex> 
	 <age>33</age> 
	 <city>Seattle</city> 
	 <province>Washington</province> 
	 <country>US</country> 
	 </user> 
<date>1207821600</date> 
 <body>   Please explian why Reagan would choose to deliver his first campaign speech in Mississippi, at the urging of Trent Lott no less, a known bigot and racist.  This is exactly the kind of denial that the article talks about.</body> 
 </post> 
<post id= "MS_8974_41236749"> 
<user id ="MS_238935762"> 
	 <username>The Ogre.</username> 
	 <sex>F</sex> 
	 <age>68</age> 
	 <city>GREEN BAY</city> 
	 <province>Wisconsin</province> 
	 <country>US</country> 
	 </user> 
<date>1207821780</date> 
 <body> Don't forget the nice image of the black welfare queen that reagan so lovingly implanted in so many brains.</body> 
 </post> 
<post id= "MS_8974_41236752"> 
<user id ="MS_13948944"> 
	 <username>Nadya the Mexifail</username> 
	 <sex>F</sex> 
	 <age>21</age> 
	 <city>So not heading to the hills...DENIED!</city> 
	 <province>Texas</province> 
	 <country>US</country> 
	 </user> 
<date>1207821780</date> 
 <body>  If I remember correctly, the freedmen became sharecroppers and then moved to the cities when industry took off. And then industry left, leaving blacks in ghettos with no job skills in service.  If I am wrong, correct me. I slept 4 hours last night.</body> 
 </post> 
<post id= "MS_8974_41241790"> 
<user id ="MS_220905344"> 
	 <username>Capt.Yossarian</username> 
	 <sex>M</sex> 
	 <age>33</age> 
	 <city>Seattle</city> 
	 <province>Washington</province> 
	 <country>US</country> 
	 </user> 
<date>1207827360</date> 
 <body>Trent Lott once said, "The country would have been better off had segregationist candidate Strom Thurmond been voted into office."</body> 
 </post> 
<post id= "MS_8974_41244967"> 
<user id ="MS_8793106"> 
	 <username>JP</username> 
	 <sex>M</sex> 
	 <age>28</age> 
	 <city>Chicago</city> 
	 <province>Illinois</province> 
	 <country>US</country> 
	 </user> 
<date>1207831380</date> 
 <body> Nah you said republicans as a blanket statement.  Black politicians take more advantage of their own race than anyone else. Jesse Jackson, Al Sharpton.</body> 
 </post> 
<post id= "MS_8974_41256313"> 
<user id ="MS_220905344"> 
	 <username>Capt.Yossarian</username> 
	 <sex>M</sex> 
	 <age>33</age> 
	 <city>Seattle</city> 
	 <province>Washington</province> 
	 <country>US</country> 
	 </user> 
<date>1207846560</date> 
 <body>  I didn't say all republicans are racist, what I said rather, was that the republican party has a history of racism. Also, the republican party is in denial about this and this is exactly why most blacks will not vote for a republican.  If you read the article, the author suggests that it is a good thing that Bush is reaching out to black voters finally, but it will not work until the republican party adresses it's racism in the past.  I've yet to hear a good reason for Reagan to deliver his initial campaign speech, repleat with overtones of states rights vs federal rights, in Philadelphia, MI, the exact town in which three civil rights workers were murdered in one of the 1960s' ugliest cases of racist violence. It was a ringing declaration of his support for "states' rights" â a code word for resistance to black advances clearly understood by white Southern voters.  If this wasn't race baiting, what was it? Please explain.</body> 
 </post> 
</posts>