<?xml version="1.0" encoding="UTF-8"?> 
 <posts> 
<post id= "MS_8974_41258065"> 
<user id ="MS_263311267"> 
	 <username>David Cory Jr.</username> 
	 <sex>M</sex> 
	 <age>25</age> 
	 <city>Kentucky</city> 
	 <province></province> 
	 <country>US</country> 
	 </user> 
<date>1207848540</date> 
 <body>  America itself has a history of racism, what is your point? The Democratic Party certainly has a long history of racism and race-baiting, hell they are still doing it today!</body> 
 </post> 
<post id= "MS_8974_41258085"> 
<user id ="MS_9512096"> 
	 <username>ser Rhaegar*Bounded Destinies*</username> 
	 <sex>M</sex> 
	 <age>101</age> 
	 <city>Dragonstone</city> 
	 <province>WASHINGTON</province> 
	 <country>US</country> 
	 </user> 
<date>1207848600</date> 
 <body> The Democrat party looks like the party of racism now.</body> 
 </post> 
<post id= "MS_8974_41258102"> 
<user id ="MS_220905344"> 
	 <username>Capt.Yossarian</username> 
	 <sex>M</sex> 
	 <age>33</age> 
	 <city>Seattle</city> 
	 <province>Washington</province> 
	 <country>US</country> 
	 </user> 
<date>1207848600</date> 
 <body>  Thankyou, excellent rebuttal. So would you say it's a mistake for these conservative radio show heads to continually refer to Reagan as the Great One?  It's almost as if they worship him like a god. That has to be a huge turn off to black voters.</body> 
 </post> 
<post id= "MS_8974_41258179"> 
<user id ="MS_220905344"> 
	 <username>Capt.Yossarian</username> 
	 <sex>M</sex> 
	 <age>33</age> 
	 <city>Seattle</city> 
	 <province>Washington</province> 
	 <country>US</country> 
	 </user> 
<date>1207848720</date> 
 <body>  Interesting to see some of the pundits tackling the issue head on, that can only be a good thing.</body> 
 </post> 
<post id= "MS_8974_41258266"> 
<user id ="MS_346883887"> 
	 <username>Bill (L-NY)</username> 
	 <sex>M</sex> 
	 <age>23</age> 
	 <city>Newburgh</city> 
	 <province>New York</province> 
	 <country>US</country> 
	 </user> 
<date>1207848780</date> 
 <body>   Melman isnt a pundit he was the RNC chairman awhile back.</body> 
 </post> 
<post id= "MS_8974_41258324"> 
<user id ="MS_220905344"> 
	 <username>Capt.Yossarian</username> 
	 <sex>M</sex> 
	 <age>33</age> 
	 <city>Seattle</city> 
	 <province>Washington</province> 
	 <country>US</country> 
	 </user> 
<date>1207848900</date> 
 <body>  Source? I will not accept your ass as a source.</body> 
 </post> 
<post id= "MS_8974_41258348"> 
<user id ="MS_57775192"> 
	 <username>Phillip</username> 
	 <sex>M</sex> 
	 <age>22</age> 
	 <city>HARRISON</city> 
	 <province>TENNESSEE</province> 
	 <country>US</country> 
	 </user> 
<date>1207848900</date> 
 <body>    Yeah, because having a person in office whose entire platform when he ran was maintain the Jim Crow laws is a great idea!</body> 
 </post> 
<post id= "MS_8974_41258397"> 
<user id ="MS_57775192"> 
	 <username>Phillip</username> 
	 <sex>M</sex> 
	 <age>22</age> 
	 <city>HARRISON</city> 
	 <province>TENNESSEE</province> 
	 <country>US</country> 
	 </user> 
<date>1207848960</date> 
 <body>    Funny, so does the Republicans.</body> 
 </post> 
<post id= "MS_8974_41258782"> 
<user id ="MS_134755863"> 
	 <username>mick</username> 
	 <sex>M</sex> 
	 <age>49</age> 
	 <city>NORWICH</city> 
	 <province>Vermont</province> 
	 <country>US</country> 
	 </user> 
<date>1207849440</date> 
 <body>  the legend is always greater than the facts.ÃÂ  guys like rush aren't looking at facts anyway; they're looking for spins for their personal agenda.ÃÂ  funny how they don't remember that about 1/2 of his second term he was in the first phase of alzeimers (which does explain a lot!)</body> 
 </post> 
<post id= "MS_8974_41261304"> 
<user id ="MS_16717874"> 
	 <username>Brandon TNT (Total Nonstop Tyler)</username> 
	 <sex>M</sex> 
	 <age>21</age> 
	 <city>NORWALK</city> 
	 <province>Connecticut</province> 
	 <country>US</country> 
	 </user> 
<date>1207852320</date> 
 <body>  yup, along with knowingly enabling the flow of coke into South Central L.A. and other black neighborhoods via the Contras.</body> 
 </post> 
</posts>