<?xml version="1.0" encoding="UTF-8"?> 
 <posts> 
<post id= "MS_10406_42996358"> 
<user id ="MS_134856905"> 
	 <username>So many faces on so many people, covered in stupid</username> 
	 <sex>M</sex> 
	 <age>30</age> 
	 <city>CHILLICOTHE</city> 
	 <province>Illinois</province> 
	 <country>US</country> 
	 </user> 
<date>1210759860</date> 
 <body> so mr knowledge, enlighten us to why the roman empire fell if it wasnt for financial collapse.</body> 
 </post> 
<post id= "MS_10406_42996417"> 
<user id ="MS_134856905"> 
	 <username>So many faces on so many people, covered in stupid</username> 
	 <sex>M</sex> 
	 <age>30</age> 
	 <city>CHILLICOTHE</city> 
	 <province>Illinois</province> 
	 <country>US</country> 
	 </user> 
<date>1210759980</date> 
 <body>because of free trade... um....  okay? and you accuse others of insanity?</body> 
 </post> 
<post id= "MS_10406_43114701"> 
<user id ="MS_334716808"> 
	 <username>Our countrys foundrs cherishd liberty nt democracy</username> 
	 <sex>M</sex> 
	 <age>19</age> 
	 <city>NORTH LAS VEGAS</city> 
	 <province>Nevada</province> 
	 <country>US</country> 
	 </user> 
<date>1210940100</date> 
 <body>Bump  Everyone should watch this video to see how the US is supposed to be.</body> 
 </post> 
<post id= "MS_10406_43116986"> 
<user id ="MS_14468747"> 
	 <username>The Wizard of Cause</username> 
	 <sex>M</sex> 
	 <age>25</age> 
	 <city>Manchvegas</city> 
	 <province>New Hampshire</province> 
	 <country>US</country> 
	 </user> 
<date>1210942560</date> 
 <body>The video is a rah rah rah for America...not much else. The breakdown is narrow sited and biased. The point that should be between the lines are the lines.  As to Rome, does anyone else give creedence to the theory that the lead in the aquaducts lead to a gradual dumbing down of the Roman population in general? Can't recall where I heard it, but it always struck me as an interesting thought.</body> 
 </post> 
<post id= "MS_10406_43118745"> 
<user id ="MS_71457963"> 
	 <username>Mister Nichols</username> 
	 <sex>M</sex> 
	 <age>28</age> 
	 <city>Panama City</city> 
	 <province>Florida</province> 
	 <country>US</country> 
	 </user> 
<date>1210944660</date> 
 <body>What does the Roman Empire have to do with the United States?  So what if they were a republic and they failed? That doesn't mean the US ever will. That's just a stupid argument. That's like saying . . . "oh, Tommy went to college and failed all of his classes, and since Tommy failed, you are doomed to failure too"! Dumb dumb dumb.</body> 
 </post> 
<post id= "MS_10406_43118907"> 
<user id ="MS_14468747"> 
	 <username>The Wizard of Cause</username> 
	 <sex>M</sex> 
	 <age>25</age> 
	 <city>Manchvegas</city> 
	 <province>New Hampshire</province> 
	 <country>US</country> 
	 </user> 
<date>1210944840</date> 
 <body> America won't be on top forever Nichols. It might not crash and burn, but it will fade into the background in time. Nothing lasts forever.  As far as Rome goes, its the first thing to jump out at alot of people when they hear the words "empire" or "republic." We could try comparisons to the Ottomans, but it wouldn't reach as broad an audience.</body> 
 </post> 
<post id= "MS_10406_43119972"> 
<user id ="MS_334716808"> 
	 <username>Our countrys foundrs cherishd liberty nt democracy</username> 
	 <sex>M</sex> 
	 <age>19</age> 
	 <city>NORTH LAS VEGAS</city> 
	 <province>Nevada</province> 
	 <country>US</country> 
	 </user> 
<date>1210946160</date> 
 <body>  The reason they compared it to the US is because the Romans had about the same system of government a Republic. Less government, less taxes, the people were free. Later on the Roman politicians started asking for more people and more government bigger government, more taxes, spreading their empire. This caused a collapse of their economy and the Empire broke down. This is what happened to the United States and it might come crashing down just like the Roman Empire.</body> 
 </post> 
<post id= "MS_10406_43127558"> 
<user id ="MS_71457963"> 
	 <username>Mister Nichols</username> 
	 <sex>M</sex> 
	 <age>28</age> 
	 <city>Panama City</city> 
	 <province>Florida</province> 
	 <country>US</country> 
	 </user> 
<date>1210956360</date> 
 <body> No, I know why they compared it, but my point was that just because one thing fails, doesn't mean the other will.</body> 
 </post> 
<post id= "MS_10406_43128208"> 
<user id ="MS_118433906"> 
	 <username>MINARCHISM</username> 
	 <sex>M</sex> 
	 <age>25</age> 
	 <city>Greater Boston</city> 
	 <province>Massachusetts</province> 
	 <country>US</country> 
	 </user> 
<date>1210957200</date> 
 <body>  "untrue".  It's a great video, very informative. I highly recommend it.</body> 
 </post> 
<post id= "MS_10406_43128282"> 
<user id ="MS_334716808"> 
	 <username>Our countrys foundrs cherishd liberty nt democracy</username> 
	 <sex>M</sex> 
	 <age>19</age> 
	 <city>NORTH LAS VEGAS</city> 
	 <province>Nevada</province> 
	 <country>US</country> 
	 </user> 
<date>1210957320</date> 
 <body>  Economically. It sure can. This is what we are facing today. We are $9.4 trillion in debt. If i'm not mistaken we are spending about $1trillion a year.</body> 
 </post> 
</posts>