<?xml version="1.0" encoding="UTF-8"?> 
 <posts> 
<post id= "MS_10406_42962538"> 
<user id ="MS_3420279"> 
	 <username>Not Even Awezzum</username> 
	 <sex>M</sex> 
	 <age>28</age> 
	 <city>COVENTRY</city> 
	 <province>Rhode Island</province> 
	 <country>US</country> 
	 </user> 
<date>1210698060</date> 
 <body>   why was his post insane?  Speak now I demand it!</body> 
 </post> 
<post id= "MS_10406_42962599"> 
<user id ="MS_315450854"> 
	 <username>Tyler</username> 
	 <sex>M</sex> 
	 <age>21</age> 
	 <city>LONGVIEW</city> 
	 <province>Washington</province> 
	 <country>US</country> 
	 </user> 
<date>1210698120</date> 
 <body>  Because Rome had one of the most significant (and earliest) examples of ancient free trade markets.</body> 
 </post> 
<post id= "MS_10406_42962764"> 
<user id ="MS_372913101"> 
	 <username>anti-authoritarian thug</username> 
	 <sex>M</sex> 
	 <age>22</age> 
	 <city>Arizona</city> 
	 <province></province> 
	 <country>US</country> 
	 </user> 
<date>1210698300</date> 
 <body>  Yeah, and there are a lot of problems associated with that. I pretty much know how to eliminate it, but people think that'll never work.</body> 
 </post> 
<post id= "MS_10406_42962871"> 
<user id ="MS_118433906"> 
	 <username>MINARCHISM</username> 
	 <sex>M</sex> 
	 <age>25</age> 
	 <city>Greater Boston</city> 
	 <province>Massachusetts</province> 
	 <country>US</country> 
	 </user> 
<date>1210698480</date> 
 <body>Okay... uhhh... I made no mention of free markets... I said their government moved more and mroe to the left... they instituted welfare programs, increased taxes, increased the size of the central government and so on. Productivity sank greatly... their economy suffered to an extreme extent... couple that with a military being spread so thin - and the barbarians had their way with them.  Oh and they debased the shit out of their currency.  Now how is everything I said ehre in any disagreement with what I said earlier?  Tyler, stop contributing your straw-man arguments to discussions in this forum - it's just annoying.</body> 
 </post> 
<post id= "MS_10406_42968166"> 
<user id ="MS_334716808"> 
	 <username>Our countrys foundrs cherishd liberty nt democracy</username> 
	 <sex>M</sex> 
	 <age>19</age> 
	 <city>NORTH LAS VEGAS</city> 
	 <province>Nevada</province> 
	 <country>US</country> 
	 </user> 
<date>1210705140</date> 
 <body>Like i said. Watch the video instead of assuming on what its about.</body> 
 </post> 
<post id= "MS_10406_42992948"> 
<user id ="MS_334716808"> 
	 <username>Our countrys foundrs cherishd liberty nt democracy</username> 
	 <sex>M</sex> 
	 <age>19</age> 
	 <city>NORTH LAS VEGAS</city> 
	 <province>Nevada</province> 
	 <country>US</country> 
	 </user> 
<date>1210755540</date> 
 <body>bump</body> 
 </post> 
<post id= "MS_10406_42994565"> 
<user id ="MS_343007336"> 
	 <username>Bill Moon</username> 
	 <sex>M</sex> 
	 <age>90</age> 
	 <city>NEWPORT</city> 
	 <province>RI</province> 
	 <country>US</country> 
	 </user> 
<date>1210757760</date> 
 <body> And very little immigration control vandals and goths and huns.oh my!</body> 
 </post> 
<post id= "MS_10406_42996358"> 
<user id ="MS_134856905"> 
	 <username>So many faces on so many people, covered in stupid</username> 
	 <sex>M</sex> 
	 <age>30</age> 
	 <city>CHILLICOTHE</city> 
	 <province>Illinois</province> 
	 <country>US</country> 
	 </user> 
<date>1210759860</date> 
 <body> so mr knowledge, enlighten us to why the roman empire fell if it wasnt for financial collapse.</body> 
 </post> 
<post id= "MS_10406_42996417"> 
<user id ="MS_134856905"> 
	 <username>So many faces on so many people, covered in stupid</username> 
	 <sex>M</sex> 
	 <age>30</age> 
	 <city>CHILLICOTHE</city> 
	 <province>Illinois</province> 
	 <country>US</country> 
	 </user> 
<date>1210759980</date> 
 <body>because of free trade... um....  okay? and you accuse others of insanity?</body> 
 </post> 
<post id= "MS_10406_43114701"> 
<user id ="MS_334716808"> 
	 <username>Our countrys foundrs cherishd liberty nt democracy</username> 
	 <sex>M</sex> 
	 <age>19</age> 
	 <city>NORTH LAS VEGAS</city> 
	 <province>Nevada</province> 
	 <country>US</country> 
	 </user> 
<date>1210940100</date> 
 <body>Bump  Everyone should watch this video to see how the US is supposed to be.</body> 
 </post> 
</posts>