<?xml version="1.0" encoding="UTF-8"?> 
 <posts> 
<post id= "MS_10406_42959088"> 
<user id ="MS_372913101"> 
	 <username>anti-authoritarian thug</username> 
	 <sex>M</sex> 
	 <age>22</age> 
	 <city>Arizona</city> 
	 <province></province> 
	 <country>US</country> 
	 </user> 
<date>1210693740</date> 
 <body>Newsflash, Rome failed too.</body> 
 </post> 
<post id= "MS_10406_42959160"> 
<user id ="MS_359692795"> 
	 <username>Stratus Blue</username> 
	 <sex>F</sex> 
	 <age>104</age> 
	 <city>KAILUA</city> 
	 <province>Hawaii</province> 
	 <country>US</country> 
	 </user> 
<date>1210693800</date> 
 <body>The rise and fall of nations. What goes up must come down.</body> 
 </post> 
<post id= "MS_10406_42959315"> 
<user id ="MS_334716808"> 
	 <username>Our countrys foundrs cherishd liberty nt democracy</username> 
	 <sex>M</sex> 
	 <age>19</age> 
	 <city>NORTH LAS VEGAS</city> 
	 <province>Nevada</province> 
	 <country>US</country> 
	 </user> 
<date>1210693980</date> 
 <body>  Watch the video, it explains why Rome fell.</body> 
 </post> 
<post id= "MS_10406_42959392"> 
<user id ="MS_32936154"> 
	 <username>bill</username> 
	 <sex>M</sex> 
	 <age>27</age> 
	 <city>Oregon</city> 
	 <province></province> 
	 <country>US</country> 
	 </user> 
<date>1210694040</date> 
 <body> Tisk Tisk...Rome didn't fail, it's still there, I've been there many times. The Roman Empire failed. ;)</body> 
 </post> 
<post id= "MS_10406_42959613"> 
<user id ="MS_369060867"> 
	 <username>Frequency 13</username> 
	 <sex>F</sex> 
	 <age>104</age> 
	 <city>ATLANTA</city> 
	 <province>Georgia</province> 
	 <country>US</country> 
	 </user> 
<date>1210694340</date> 
 <body>the government that governs best, governs not at all.</body> 
 </post> 
<post id= "MS_10406_42959928"> 
<user id ="MS_334716808"> 
	 <username>Our countrys foundrs cherishd liberty nt democracy</username> 
	 <sex>M</sex> 
	 <age>19</age> 
	 <city>NORTH LAS VEGAS</city> 
	 <province>Nevada</province> 
	 <country>US</country> 
	 </user> 
<date>1210694700</date> 
 <body>The video says that the Constitution is supposed to Govern the Government not the People.</body> 
 </post> 
<post id= "MS_10406_42960518"> 
<user id ="MS_3420279"> 
	 <username>Not Even Awezzum</username> 
	 <sex>M</sex> 
	 <age>28</age> 
	 <city>COVENTRY</city> 
	 <province>Rhode Island</province> 
	 <country>US</country> 
	 </user> 
<date>1210695480</date> 
 <body>  Rome went broke no?</body> 
 </post> 
<post id= "MS_10406_42960957"> 
<user id ="MS_334716808"> 
	 <username>Our countrys foundrs cherishd liberty nt democracy</username> 
	 <sex>M</sex> 
	 <age>19</age> 
	 <city>NORTH LAS VEGAS</city> 
	 <province>Nevada</province> 
	 <country>US</country> 
	 </user> 
<date>1210696020</date> 
 <body>Did anyone watch the video?  People are already making assumptions.  This is a great video on how this country is supposed to work.</body> 
 </post> 
<post id= "MS_10406_42961952"> 
<user id ="MS_118433906"> 
	 <username>MINARCHISM</username> 
	 <sex>M</sex> 
	 <age>25</age> 
	 <city>Greater Boston</city> 
	 <province>Massachusetts</province> 
	 <country>US</country> 
	 </user> 
<date>1210697340</date> 
 <body>Rome fell because it spread itself too thin militarily, and it's economy started to collapse due to moving more and more to the left (more and more / larger government)...  Sound familiar?  AMAZING video by the way. One everyone should watch.</body> 
 </post> 
<post id= "MS_10406_42962135"> 
<user id ="MS_3420279"> 
	 <username>Not Even Awezzum</username> 
	 <sex>M</sex> 
	 <age>28</age> 
	 <city>COVENTRY</city> 
	 <province>Rhode Island</province> 
	 <country>US</country> 
	 </user> 
<date>1210697580</date> 
 <body>  Exactly  It really didnt have to fail they just had shit policies</body> 
 </post> 
</posts>