<?xml version="1.0" encoding="UTF-8"?> 
 <posts> 
<post id= "MS_10406_43118907"> 
<user id ="MS_14468747"> 
	 <username>The Wizard of Cause</username> 
	 <sex>M</sex> 
	 <age>25</age> 
	 <city>Manchvegas</city> 
	 <province>New Hampshire</province> 
	 <country>US</country> 
	 </user> 
<date>1210944840</date> 
 <body> America won't be on top forever Nichols. It might not crash and burn, but it will fade into the background in time. Nothing lasts forever.  As far as Rome goes, its the first thing to jump out at alot of people when they hear the words "empire" or "republic." We could try comparisons to the Ottomans, but it wouldn't reach as broad an audience.</body> 
 </post> 
<post id= "MS_10406_43119972"> 
<user id ="MS_334716808"> 
	 <username>Our countrys foundrs cherishd liberty nt democracy</username> 
	 <sex>M</sex> 
	 <age>19</age> 
	 <city>NORTH LAS VEGAS</city> 
	 <province>Nevada</province> 
	 <country>US</country> 
	 </user> 
<date>1210946160</date> 
 <body>  The reason they compared it to the US is because the Romans had about the same system of government a Republic. Less government, less taxes, the people were free. Later on the Roman politicians started asking for more people and more government bigger government, more taxes, spreading their empire. This caused a collapse of their economy and the Empire broke down. This is what happened to the United States and it might come crashing down just like the Roman Empire.</body> 
 </post> 
<post id= "MS_10406_43127558"> 
<user id ="MS_71457963"> 
	 <username>Mister Nichols</username> 
	 <sex>M</sex> 
	 <age>28</age> 
	 <city>Panama City</city> 
	 <province>Florida</province> 
	 <country>US</country> 
	 </user> 
<date>1210956360</date> 
 <body> No, I know why they compared it, but my point was that just because one thing fails, doesn't mean the other will.</body> 
 </post> 
<post id= "MS_10406_43128208"> 
<user id ="MS_118433906"> 
	 <username>MINARCHISM</username> 
	 <sex>M</sex> 
	 <age>25</age> 
	 <city>Greater Boston</city> 
	 <province>Massachusetts</province> 
	 <country>US</country> 
	 </user> 
<date>1210957200</date> 
 <body>  "untrue".  It's a great video, very informative. I highly recommend it.</body> 
 </post> 
<post id= "MS_10406_43128282"> 
<user id ="MS_334716808"> 
	 <username>Our countrys foundrs cherishd liberty nt democracy</username> 
	 <sex>M</sex> 
	 <age>19</age> 
	 <city>NORTH LAS VEGAS</city> 
	 <province>Nevada</province> 
	 <country>US</country> 
	 </user> 
<date>1210957320</date> 
 <body>  Economically. It sure can. This is what we are facing today. We are $9.4 trillion in debt. If i'm not mistaken we are spending about $1trillion a year.</body> 
 </post> 
<post id= "MS_10406_43130120"> 
<user id ="MS_118433906"> 
	 <username>MINARCHISM</username> 
	 <sex>M</sex> 
	 <age>25</age> 
	 <city>Greater Boston</city> 
	 <province>Massachusetts</province> 
	 <country>US</country> 
	 </user> 
<date>1210959900</date> 
 <body>LoL... we have over 50 TRILLION in additional debt coming as well. Social security is fucked. There's nothing there. Right now, our social security payments are goign right to the retired. That's fucked up. If it's there at all, that's not how the system was designed to work, and now we are digging ourselves into deeper and deeper debt.  You think 9.4 trillion is bad??? HAHAHAHAH... we've seen NOTHING YET.  Thank the lefties for the "Unified Budget Act" for that one... leftist policies FTL.</body> 
 </post> 
<post id= "MS_10406_43130730"> 
<user id ="MS_71457963"> 
	 <username>Mister Nichols</username> 
	 <sex>M</sex> 
	 <age>28</age> 
	 <city>Panama City</city> 
	 <province>Florida</province> 
	 <country>US</country> 
	 </user> 
<date>1210960980</date> 
 <body> "Can" and "will" have two completely different meanings.</body> 
 </post> 
<post id= "MS_10406_43130775"> 
<user id ="MS_71457963"> 
	 <username>Mister Nichols</username> 
	 <sex>M</sex> 
	 <age>28</age> 
	 <city>Panama City</city> 
	 <province>Florida</province> 
	 <country>US</country> 
	 </user> 
<date>1210961040</date> 
 <body> Lol, it's odd to see a righty from Boston! Good for you, man, for not succumbing to the left wing!</body> 
 </post> 
<post id= "MS_10406_43131043"> 
<user id ="MS_334716808"> 
	 <username>Our countrys foundrs cherishd liberty nt democracy</username> 
	 <sex>M</sex> 
	 <age>19</age> 
	 <city>NORTH LAS VEGAS</city> 
	 <province>Nevada</province> 
	 <country>US</country> 
	 </user> 
<date>1210961580</date> 
 <body>  Did you see the "is"?</body> 
 </post> 
<post id= "MS_10406_43132110"> 
<user id ="MS_118433906"> 
	 <username>MINARCHISM</username> 
	 <sex>M</sex> 
	 <age>25</age> 
	 <city>Greater Boston</city> 
	 <province>Massachusetts</province> 
	 <country>US</country> 
	 </user> 
<date>1210963260</date> 
 <body>  Ugh, it's disgusting how far to the left this damned state is. You get taxed for spitting into the wind. This is why we call it "Taxachusetts". It's sooooo goddamned expensive to live here. I think there are so many lefties here because the vast majority of them are seriouslyÂ fiscally ignorant.  There has been SOME progress, though... literally within the last month they FINALLY enabled a free market system for car insurance. Before the whole system was absolutely HORRENDOUS. No lie, after Geico, Progressive, Allstate etc were allowed in, and government-regulated price fixing was abolished... I switched to Progressive and am saving (no lie) 1300 bucks a year.  Then again, Romney (a SUPPOSED conservative - BS if you ask me), uses leftist policies like FORCING everyone to get health insurance, otherwise you have to pay 200-900 dollars in additional state taxes when tax time comes around. He makes me sick. I always have health insurance, but that policy I find especially disgusting.</body> 
 </post> 
</posts>