<?xml version="1.0" encoding="UTF-8"?> 
 <posts> 
<post id= "MS_9696_43687134"> 
<user id ="MS_213619163"> 
	 <username>The Liberator</username> 
	 <sex>M</sex> 
	 <age>35</age> 
	 <city>Any where I wanna B.</city> 
	 <province>New Jersey</province> 
	 <country>US</country> 
	 </user> 
<date>1211883720</date> 
 <body>  Damn I'm glad that you don't get to vote here. He already has the Nomination.  Not to mention his name is next on the list to be President...</body> 
 </post> 
<post id= "MS_9696_43688325"> 
<user id ="MS_331775595"> 
	 <username>Y. Zass</username> 
	 <sex>M</sex> 
	 <age>36</age> 
	 <city>Right Behind You</city> 
	 <province>South Dakota</province> 
	 <country>US</country> 
	 </user> 
<date>1211885100</date> 
 <body>  Sure, thats what the MSM wants you to believe...</body> 
 </post> 
<post id= "MS_9696_43688477"> 
<user id ="MS_331775595"> 
	 <username>Y. Zass</username> 
	 <sex>M</sex> 
	 <age>36</age> 
	 <city>Right Behind You</city> 
	 <province>South Dakota</province> 
	 <country>US</country> 
	 </user> 
<date>1211885220</date> 
 <body>This thread has sparked much deep thought in me. Like:  1) The lobbyist - is she hot?  2) Maybe they can double date with Obama and his gay-male-crackwhore buddy.  3) The older I get, the more I despise the US Education system. If I had learned what politics was really like in social studies, I would have been a politician. Those guys get more ass than a toilet seat.</body> 
 </post> 
<post id= "MS_9696_43688699"> 
<user id ="MS_47339035"> 
	 <username>Agent Working Myspace</username> 
	 <sex>M</sex> 
	 <age>38</age> 
	 <city>Bananastan</city> 
	 <province>Georgia</province> 
	 <country>US</country> 
	 </user> 
<date>1211885460</date> 
 <body>  </body> 
 </post> 
<post id= "MS_9696_43688821"> 
<user id ="MS_247167077"> 
	 <username>Groucho's Creole Seamstress</username> 
	 <sex>F</sex> 
	 <age>24</age> 
	 <city>Massachusetts</city> 
	 <province></province> 
	 <country>US</country> 
	 </user> 
<date>1211885580</date> 
 <body> </body> 
 </post> 
<post id= "MS_9696_43688841"> 
<user id ="MS_213619163"> 
	 <username>The Liberator</username> 
	 <sex>M</sex> 
	 <age>35</age> 
	 <city>Any where I wanna B.</city> 
	 <province>New Jersey</province> 
	 <country>US</country> 
	 </user> 
<date>1211885580</date> 
 <body>  Excuse me for being ignorant to the facts, but what is "the MSM?"</body> 
 </post> 
<post id= "MS_9696_43688916"> 
<user id ="MS_247167077"> 
	 <username>Groucho's Creole Seamstress</username> 
	 <sex>F</sex> 
	 <age>24</age> 
	 <city>Massachusetts</city> 
	 <province></province> 
	 <country>US</country> 
	 </user> 
<date>1211885640</date> 
 <body>Really not all that different from his wife lol   </body> 
 </post> 
<post id= "MS_9696_43688920"> 
<user id ="MS_331775595"> 
	 <username>Y. Zass</username> 
	 <sex>M</sex> 
	 <age>36</age> 
	 <city>Right Behind You</city> 
	 <province>South Dakota</province> 
	 <country>US</country> 
	 </user> 
<date>1211885700</date> 
 <body>  (Main Stream Media)  that was sarcasm, BTW</body> 
 </post> 
<post id= "MS_9696_43688955"> 
<user id ="MS_331775595"> 
	 <username>Y. Zass</username> 
	 <sex>M</sex> 
	 <age>36</age> 
	 <city>Right Behind You</city> 
	 <province>South Dakota</province> 
	 <country>US</country> 
	 </user> 
<date>1211885700</date> 
 <body>  He just lost my vote.  dammit!</body> 
 </post> 
<post id= "MS_9696_43691884"> 
<user id ="MS_213619163"> 
	 <username>The Liberator</username> 
	 <sex>M</sex> 
	 <age>35</age> 
	 <city>Any where I wanna B.</city> 
	 <province>New Jersey</province> 
	 <country>US</country> 
	 </user> 
<date>1211889120</date> 
 <body>  Why? This is old news and has already been cleared up.  He did nothing wrong.</body> 
 </post> 
</posts>