<?xml version="1.0" encoding="UTF-8"?> 
 <posts> 
<post id= "MS_27216_43726064"> 
<user id ="MS_165864578"> 
	 <username>C. Allen Bell</username> 
	 <sex>M</sex> 
	 <age>108</age> 
	 <city>South philadelphia</city> 
	 <province>Pennsylvania</province> 
	 <country>US</country> 
	 </user> 
<date>1211948760</date> 
 <body>Not at all. He's totally expendable.</body> 
 </post> 
<post id= "MS_27216_43728804"> 
<user id ="MS_76815351"> 
	 <username>Shadow In The Shape of Wonder, Waves of Black</username> 
	 <sex>F</sex> 
	 <age>21</age> 
	 <city>PHILADELPHIA</city> 
	 <province>Pennsylvania</province> 
	 <country>US</country> 
	 </user> 
<date>1211953740</date> 
 <body>uhhh....Batman</body> 
 </post> 
<post id= "MS_27216_43750596"> 
<user id ="MS_205379997"> 
	 <username>Apollo</username> 
	 <sex>M</sex> 
	 <age>26</age> 
	 <city>US</city> 
	 <province></province> 
	 <country></country> 
	 </user> 
<date>1211980920</date> 
 <body>  Can I just hold on to the boat??</body> 
 </post> 
<post id= "MS_27216_43751210"> 
<user id ="MS_73024193"> 
	 <username>Robert</username> 
	 <sex>M</sex> 
	 <age>29</age> 
	 <city>LATONIA</city> 
	 <province>Kentucky</province> 
	 <country>US</country> 
	 </user> 
<date>1211981580</date> 
 <body> Yeah Tim Burton and Keaton's Batmans should be in a class of there own, and not be connected with Forever or Batman & robin, just as Batman Begins isn't</body> 
 </post> 
<post id= "MS_27216_43766031"> 
<user id ="MS_205379997"> 
	 <username>Apollo</username> 
	 <sex>M</sex> 
	 <age>26</age> 
	 <city>US</city> 
	 <province></province> 
	 <country></country> 
	 </user> 
<date>1211999580</date> 
 <body>   NO!</body> 
 </post> 
<post id= "MS_27216_43766205"> 
<user id ="MS_2278378"> 
	 <username>Surf</username> 
	 <sex>M</sex> 
	 <age>27</age> 
	 <city>Riverside (No Longer San Diego :(</city> 
	 <province>California</province> 
	 <country>US</country> 
	 </user> 
<date>1211999820</date> 
 <body>batman ftw</body> 
 </post> 
<post id= "MS_27216_43777824"> 
<user id ="MS_115019883"> 
	 <username>Evil Red Ninja</username> 
	 <sex>M</sex> 
	 <age>100</age> 
	 <city>Neon Trailer Park</city> 
	 <province>Georgia</province> 
	 <country>US</country> 
	 </user> 
<date>1212018540</date> 
 <body>     </body> 
 </post> 
<post id= "MS_27216_43782304"> 
<user id ="MS_354907463"> 
	 <username>EKFangoram</username> 
	 <sex>M</sex> 
	 <age>18</age> 
	 <city>Triste</city> 
	 <province>Pennsylvania</province> 
	 <country>US</country> 
	 </user> 
<date>1212032940</date> 
 <body>Iron man I like the fact that stark just admites he is Iron man to a crowd</body> 
 </post> 
<post id= "MS_27216_43782796"> 
<user id ="MS_117412665"> 
	 <username>The Ninja formerly known as James</username> 
	 <sex>M</sex> 
	 <age>32</age> 
	 <city>BELLEVUE</city> 
	 <province>NEBRASKA</province> 
	 <country>US</country> 
	 </user> 
<date>1212034020</date> 
 <body>  Dude, these vids are hilarious!  Poor Spidey....</body> 
 </post> 
<post id= "MS_27216_43785773"> 
<user id ="MS_165864578"> 
	 <username>C. Allen Bell</username> 
	 <sex>M</sex> 
	 <age>108</age> 
	 <city>South philadelphia</city> 
	 <province>Pennsylvania</province> 
	 <country>US</country> 
	 </user> 
<date>1212039960</date> 
 <body> if we get captured by pirate, you are the first to die.</body> 
 </post> 
</posts>