<?xml version="1.0" encoding="UTF-8"?> 
 <posts> 
<post id= "MS_27216_43725846"> 
<user id ="MS_165864578"> 
	 <username>C. Allen Bell</username> 
	 <sex>M</sex> 
	 <age>108</age> 
	 <city>South philadelphia</city> 
	 <province>Pennsylvania</province> 
	 <country>US</country> 
	 </user> 
<date>1211948280</date> 
 <body>Already ready your weapons. We're going to sail over there.</body> 
 </post> 
<post id= "MS_27216_43725889"> 
<user id ="MS_207188824"> 
	 <username>Robo-Pennies 2.0</username> 
	 <sex>M</sex> 
	 <age>26</age> 
	 <city>Texas</city> 
	 <province></province> 
	 <country>US</country> 
	 </user> 
<date>1211948340</date> 
 <body>that's a good idea. that way when we finally get there it'll be ready to open anyway.  we can use my ship.  </body> 
 </post> 
<post id= "MS_27216_43725951"> 
<user id ="MS_165864578"> 
	 <username>C. Allen Bell</username> 
	 <sex>M</sex> 
	 <age>108</age> 
	 <city>South philadelphia</city> 
	 <province>Pennsylvania</province> 
	 <country>US</country> 
	 </user> 
<date>1211948520</date> 
 <body>yea I figure then we wont actually have to hit nolan. Wait will all three of us fit in that? We may have to lighten the load.</body> 
 </post> 
<post id= "MS_27216_43725998"> 
<user id ="MS_207188824"> 
	 <username>Robo-Pennies 2.0</username> 
	 <sex>M</sex> 
	 <age>26</age> 
	 <city>Texas</city> 
	 <province></province> 
	 <country>US</country> 
	 </user> 
<date>1211948580</date> 
 <body>well, we're gonna need food. how attached are you to peter?</body> 
 </post> 
<post id= "MS_27216_43726013"> 
<user id ="MS_228013726"> 
	 <username>Jeff</username> 
	 <sex>M</sex> 
	 <age>26</age> 
	 <city>, Washington DC</city> 
	 <province></province> 
	 <country>US</country> 
	 </user> 
<date>1211948640</date> 
 <body>Batman Begins.</body> 
 </post> 
<post id= "MS_27216_43726064"> 
<user id ="MS_165864578"> 
	 <username>C. Allen Bell</username> 
	 <sex>M</sex> 
	 <age>108</age> 
	 <city>South philadelphia</city> 
	 <province>Pennsylvania</province> 
	 <country>US</country> 
	 </user> 
<date>1211948760</date> 
 <body>Not at all. He's totally expendable.</body> 
 </post> 
<post id= "MS_27216_43728804"> 
<user id ="MS_76815351"> 
	 <username>Shadow In The Shape of Wonder, Waves of Black</username> 
	 <sex>F</sex> 
	 <age>21</age> 
	 <city>PHILADELPHIA</city> 
	 <province>Pennsylvania</province> 
	 <country>US</country> 
	 </user> 
<date>1211953740</date> 
 <body>uhhh....Batman</body> 
 </post> 
<post id= "MS_27216_43750596"> 
<user id ="MS_205379997"> 
	 <username>Apollo</username> 
	 <sex>M</sex> 
	 <age>26</age> 
	 <city>US</city> 
	 <province></province> 
	 <country></country> 
	 </user> 
<date>1211980920</date> 
 <body>  Can I just hold on to the boat??</body> 
 </post> 
<post id= "MS_27216_43751210"> 
<user id ="MS_73024193"> 
	 <username>Robert</username> 
	 <sex>M</sex> 
	 <age>29</age> 
	 <city>LATONIA</city> 
	 <province>Kentucky</province> 
	 <country>US</country> 
	 </user> 
<date>1211981580</date> 
 <body> Yeah Tim Burton and Keaton's Batmans should be in a class of there own, and not be connected with Forever or Batman & robin, just as Batman Begins isn't</body> 
 </post> 
<post id= "MS_27216_43766031"> 
<user id ="MS_205379997"> 
	 <username>Apollo</username> 
	 <sex>M</sex> 
	 <age>26</age> 
	 <city>US</city> 
	 <province></province> 
	 <country></country> 
	 </user> 
<date>1211999580</date> 
 <body>   NO!</body> 
 </post> 
</posts>