<?xml version="1.0" encoding="UTF-8"?> 
 <posts> 
<post id= "MS_27216_43725209"> 
<user id ="MS_165864578"> 
	 <username>C. Allen Bell</username> 
	 <sex>M</sex> 
	 <age>108</age> 
	 <city>South philadelphia</city> 
	 <province>Pennsylvania</province> 
	 <country>US</country> 
	 </user> 
<date>1211946780</date> 
 <body>Batman begins far surpassed iron man on every level.</body> 
 </post> 
<post id= "MS_27216_43725441"> 
<user id ="MS_89520635"> 
	 <username>Peter Karby</username> 
	 <sex>M</sex> 
	 <age>32</age> 
	 <city>Oslo</city> 
	 <province></province> 
	 <country>NO</country> 
	 </user> 
<date>1211947440</date> 
 <body>  Agreed! I am hoping the same for the Dark Knight.. its my most anticipated movie for this year.. I love what bale, Nolan and the rest have done with the batman universe.</body> 
 </post> 
<post id= "MS_27216_43725667"> 
<user id ="MS_165864578"> 
	 <username>C. Allen Bell</username> 
	 <sex>M</sex> 
	 <age>108</age> 
	 <city>South philadelphia</city> 
	 <province>Pennsylvania</province> 
	 <country>US</country> 
	 </user> 
<date>1211947920</date> 
 <body>I can't imagine anything less than spectacular from them for this movie. i will be seeing it at midnight o the day it comes out and then in imax on the weekend.</body> 
 </post> 
<post id= "MS_27216_43725781"> 
<user id ="MS_207188824"> 
	 <username>Robo-Pennies 2.0</username> 
	 <sex>M</sex> 
	 <age>26</age> 
	 <city>Texas</city> 
	 <province></province> 
	 <country>US</country> 
	 </user> 
<date>1211948160</date> 
 <body>i think we should fly to nolan's house in england and make him show it to us now.</body> 
 </post> 
<post id= "MS_27216_43725793"> 
<user id ="MS_89520635"> 
	 <username>Peter Karby</username> 
	 <sex>M</sex> 
	 <age>32</age> 
	 <city>Oslo</city> 
	 <province></province> 
	 <country>NO</country> 
	 </user> 
<date>1211948160</date> 
 <body>me too man.. me too.. or anything that comes close to that strategy. Gotta see it as soon as possible .. and as much as possible..</body> 
 </post> 
<post id= "MS_27216_43725846"> 
<user id ="MS_165864578"> 
	 <username>C. Allen Bell</username> 
	 <sex>M</sex> 
	 <age>108</age> 
	 <city>South philadelphia</city> 
	 <province>Pennsylvania</province> 
	 <country>US</country> 
	 </user> 
<date>1211948280</date> 
 <body>Already ready your weapons. We're going to sail over there.</body> 
 </post> 
<post id= "MS_27216_43725889"> 
<user id ="MS_207188824"> 
	 <username>Robo-Pennies 2.0</username> 
	 <sex>M</sex> 
	 <age>26</age> 
	 <city>Texas</city> 
	 <province></province> 
	 <country>US</country> 
	 </user> 
<date>1211948340</date> 
 <body>that's a good idea. that way when we finally get there it'll be ready to open anyway.  we can use my ship.  </body> 
 </post> 
<post id= "MS_27216_43725951"> 
<user id ="MS_165864578"> 
	 <username>C. Allen Bell</username> 
	 <sex>M</sex> 
	 <age>108</age> 
	 <city>South philadelphia</city> 
	 <province>Pennsylvania</province> 
	 <country>US</country> 
	 </user> 
<date>1211948520</date> 
 <body>yea I figure then we wont actually have to hit nolan. Wait will all three of us fit in that? We may have to lighten the load.</body> 
 </post> 
<post id= "MS_27216_43725998"> 
<user id ="MS_207188824"> 
	 <username>Robo-Pennies 2.0</username> 
	 <sex>M</sex> 
	 <age>26</age> 
	 <city>Texas</city> 
	 <province></province> 
	 <country>US</country> 
	 </user> 
<date>1211948580</date> 
 <body>well, we're gonna need food. how attached are you to peter?</body> 
 </post> 
<post id= "MS_27216_43726013"> 
<user id ="MS_228013726"> 
	 <username>Jeff</username> 
	 <sex>M</sex> 
	 <age>26</age> 
	 <city>, Washington DC</city> 
	 <province></province> 
	 <country>US</country> 
	 </user> 
<date>1211948640</date> 
 <body>Batman Begins.</body> 
 </post> 
</posts>