<?xml version="1.0" encoding="UTF-8"?> 
 <posts> 
<post id= "MS_27216_43782304"> 
<user id ="MS_354907463"> 
	 <username>EKFangoram</username> 
	 <sex>M</sex> 
	 <age>18</age> 
	 <city>Triste</city> 
	 <province>Pennsylvania</province> 
	 <country>US</country> 
	 </user> 
<date>1212032940</date> 
 <body>Iron man I like the fact that stark just admites he is Iron man to a crowd</body> 
 </post> 
<post id= "MS_27216_43782796"> 
<user id ="MS_117412665"> 
	 <username>The Ninja formerly known as James</username> 
	 <sex>M</sex> 
	 <age>32</age> 
	 <city>BELLEVUE</city> 
	 <province>NEBRASKA</province> 
	 <country>US</country> 
	 </user> 
<date>1212034020</date> 
 <body>  Dude, these vids are hilarious!  Poor Spidey....</body> 
 </post> 
<post id= "MS_27216_43785773"> 
<user id ="MS_165864578"> 
	 <username>C. Allen Bell</username> 
	 <sex>M</sex> 
	 <age>108</age> 
	 <city>South philadelphia</city> 
	 <province>Pennsylvania</province> 
	 <country>US</country> 
	 </user> 
<date>1212039960</date> 
 <body> if we get captured by pirate, you are the first to die.</body> 
 </post> 
<post id= "MS_27216_43785943"> 
<user id ="MS_205379997"> 
	 <username>Apollo</username> 
	 <sex>M</sex> 
	 <age>26</age> 
	 <city>US</city> 
	 <province></province> 
	 <country></country> 
	 </user> 
<date>1212040200</date> 
 <body>   I'll go Rambo on their asses...</body> 
 </post> 
<post id= "MS_27216_43786692"> 
<user id ="MS_85537819"> 
	 <username>Space Jesus</username> 
	 <sex>M</sex> 
	 <age>19</age> 
	 <city>Space</city> 
	 <province>Michigan</province> 
	 <country>US</country> 
	 </user> 
<date>1212041520</date> 
 <body>Batman</body> 
 </post> 
<post id= "MS_27216_43809608"> 
<user id ="MS_82646421"> 
	 <username>CamShaft</username> 
	 <sex>F</sex> 
	 <age>19</age> 
	 <city>Chicago</city> 
	 <province>Illinois</province> 
	 <country>US</country> 
	 </user> 
<date>1212067800</date> 
 <body>Superman is the best super hero ever hands downs</body> 
 </post> 
<post id= "MS_27216_43810673"> 
<user id ="MS_307185433"> 
	 <username>kaYris</username> 
	 <sex>F</sex> 
	 <age>20</age> 
	 <city>A Ville of Gold</city> 
	 <province>California</province> 
	 <country>US</country> 
	 </user> 
<date>1212069000</date> 
 <body>Batman... no one better.</body> 
 </post> 
<post id= "MS_27216_43810954"> 
<user id ="MS_81009352"> 
	 <username>:-)~Randi~(-:</username> 
	 <sex>F</sex> 
	 <age>36</age> 
	 <city>On the coast of somewhere beautiful!</city> 
	 <province>Florida</province> 
	 <country>US</country> 
	 </user> 
<date>1212069360</date> 
 <body>Batman (as long as it's Michael Keaton)</body> 
 </post> 
<post id= "MS_27216_43811094"> 
<user id ="MS_205379997"> 
	 <username>Apollo</username> 
	 <sex>M</sex> 
	 <age>26</age> 
	 <city>US</city> 
	 <province></province> 
	 <country></country> 
	 </user> 
<date>1212069540</date> 
 <body>   WHAT he was lame and had no toughness behind his Batman...his Bruce was also shit</body> 
 </post> 
<post id= "MS_27216_43811218"> 
<user id ="MS_81009352"> 
	 <username>:-)~Randi~(-:</username> 
	 <sex>F</sex> 
	 <age>36</age> 
	 <city>On the coast of somewhere beautiful!</city> 
	 <province>Florida</province> 
	 <country>US</country> 
	 </user> 
<date>1212069660</date> 
 <body>I thought he did a lot better than Kilmer or Clooney.</body> 
 </post> 
</posts>