<?xml version="1.0" encoding="UTF-8"?> 
 <posts> 
<post id= "MS_27216_43811739"> 
<user id ="MS_98836823"> 
	 <username>Adam</username> 
	 <sex>M</sex> 
	 <age>33</age> 
	 <city>Dallas County</city> 
	 <province>Texas</province> 
	 <country>US</country> 
	 </user> 
<date>1212070320</date> 
 <body>   I like Superman movies to an extent, until they introduce comic relief. But going off what ERN said. They're real heros (Batman and Iron Man). Real human beings (not aliens from another world) that made themselves, their suits, their weapons, etc. etc. etc. That's pretty cool in a story sense. I found myself feeling like a kid again when I watched Iron Man as Tony Stark built his rocket flying ship (suit). "MAN THAT WOULD BE COOL TO FLY LIKE THAT!" :) is one thought I had :)</body> 
 </post> 
<post id= "MS_27216_43811801"> 
<user id ="MS_205379997"> 
	 <username>Apollo</username> 
	 <sex>M</sex> 
	 <age>26</age> 
	 <city>US</city> 
	 <province></province> 
	 <country></country> 
	 </user> 
<date>1212070380</date> 
 <body>   seeing the 2nd picture make me miss the gym...  I need to get back in shape</body> 
 </post> 
<post id= "MS_27216_43811942"> 
<user id ="MS_81009352"> 
	 <username>:-)~Randi~(-:</username> 
	 <sex>F</sex> 
	 <age>36</age> 
	 <city>On the coast of somewhere beautiful!</city> 
	 <province>Florida</province> 
	 <country>US</country> 
	 </user> 
<date>1212070620</date> 
 <body>While I don't disagree the pics are nice, being sexy isn't all about looks. It's the attitude of knowing who you are, knowing that you're worth being known, being confident without cockiness. The way you carry yourself. It's about having a sense of humor and being able to laugh at yourself. Taking things in stride as they come....add all those together and the over all package improves tremendously!!</body> 
 </post> 
<post id= "MS_27216_43812041"> 
<user id ="MS_103342454"> 
	 <username>Heidi</username> 
	 <sex>F</sex> 
	 <age>33</age> 
	 <city>Tampa</city> 
	 <province>Florida</province> 
	 <country>US</country> 
	 </user> 
<date>1212070740</date> 
 <body>  It's amazing the lengths he goes through to prepare for a role..  </body> 
 </post> 
<post id= "MS_27216_43812043"> 
<user id ="MS_205379997"> 
	 <username>Apollo</username> 
	 <sex>M</sex> 
	 <age>26</age> 
	 <city>US</city> 
	 <province></province> 
	 <country></country> 
	 </user> 
<date>1212070740</date> 
 <body>   you need to read some of his interviews...</body> 
 </post> 
<post id= "MS_27216_43812084"> 
<user id ="MS_205379997"> 
	 <username>Apollo</username> 
	 <sex>M</sex> 
	 <age>26</age> 
	 <city>US</city> 
	 <province></province> 
	 <country></country> 
	 </user> 
<date>1212070740</date> 
 <body>   yup and he gained like 60 pounds for Batman Begins wtf</body> 
 </post> 
<post id= "MS_27216_43812604"> 
<user id ="MS_81009352"> 
	 <username>:-)~Randi~(-:</username> 
	 <sex>F</sex> 
	 <age>36</age> 
	 <city>On the coast of somewhere beautiful!</city> 
	 <province>Florida</province> 
	 <country>US</country> 
	 </user> 
<date>1212071340</date> 
 <body>Too Funny!!!!</body> 
 </post> 
<post id= "MS_27216_43819731"> 
<user id ="MS_69942408"> 
	 <username>BAD KARMA</username> 
	 <sex>M</sex> 
	 <age>99</age> 
	 <city>Alaska</city> 
	 <province></province> 
	 <country>US</country> 
	 </user> 
<date>1212081120</date> 
 <body>Superman = sucked worth watching if you are dead bored... Hulk = Worst movie I ever seen Ironman was decent I liked it , perfect actor for the part Batman is alright I still liked Keaton the best. Spiderman has the perfect actor for the part X men decent  Now megan fox as Wonder woman may be decent.</body> 
 </post> 
<post id= "MS_27216_43820246"> 
<user id ="MS_372550098"> 
	 <username>nate</username> 
	 <sex>M</sex> 
	 <age>49</age> 
	 <city>GRANDVILLE</city> 
	 <province>Michigan</province> 
	 <country>US</country> 
	 </user> 
<date>1212081780</date> 
 <body>Ironman is a sweet rendition of the comic book heroe come to life without losing the flair of the character the second one will be totally off the charts : and stan lee is in heaven with the heffner cameo . bat man dark night is head to head they have finally found his best side and between the villans and his gadgets it is wild they were killing him before and it was so close to being like the tv version biff pow zapp crunch lol superman bit the dust dont see a comeback too bad too it was the 1st on the cutting edge too when it first came out</body> 
 </post> 
<post id= "MS_27216_43832785"> 
<user id ="MS_89520635"> 
	 <username>Peter Karby</username> 
	 <sex>M</sex> 
	 <age>32</age> 
	 <city>Oslo</city> 
	 <province></province> 
	 <country>NO</country> 
	 </user> 
<date>1212100260</date> 
 <body>  Aaw maan.. and here I thought we were cool.. oh well.. N</body> 
 </post> 
</posts>