<?xml version="1.0" encoding="UTF-8"?> 
 <posts> 
<post id= "MS_27216_43786692"> 
<user id ="MS_85537819"> 
	 <username>Space Jesus</username> 
	 <sex>M</sex> 
	 <age>19</age> 
	 <city>Space</city> 
	 <province>Michigan</province> 
	 <country>US</country> 
	 </user> 
<date>1212041520</date> 
 <body>Batman</body> 
 </post> 
<post id= "MS_27216_43809608"> 
<user id ="MS_82646421"> 
	 <username>CamShaft</username> 
	 <sex>F</sex> 
	 <age>19</age> 
	 <city>Chicago</city> 
	 <province>Illinois</province> 
	 <country>US</country> 
	 </user> 
<date>1212067800</date> 
 <body>Superman is the best super hero ever hands downs</body> 
 </post> 
<post id= "MS_27216_43810673"> 
<user id ="MS_307185433"> 
	 <username>kaYris</username> 
	 <sex>F</sex> 
	 <age>20</age> 
	 <city>A Ville of Gold</city> 
	 <province>California</province> 
	 <country>US</country> 
	 </user> 
<date>1212069000</date> 
 <body>Batman... no one better.</body> 
 </post> 
<post id= "MS_27216_43810954"> 
<user id ="MS_81009352"> 
	 <username>:-)~Randi~(-:</username> 
	 <sex>F</sex> 
	 <age>36</age> 
	 <city>On the coast of somewhere beautiful!</city> 
	 <province>Florida</province> 
	 <country>US</country> 
	 </user> 
<date>1212069360</date> 
 <body>Batman (as long as it's Michael Keaton)</body> 
 </post> 
<post id= "MS_27216_43811094"> 
<user id ="MS_205379997"> 
	 <username>Apollo</username> 
	 <sex>M</sex> 
	 <age>26</age> 
	 <city>US</city> 
	 <province></province> 
	 <country></country> 
	 </user> 
<date>1212069540</date> 
 <body>   WHAT he was lame and had no toughness behind his Batman...his Bruce was also shit</body> 
 </post> 
<post id= "MS_27216_43811218"> 
<user id ="MS_81009352"> 
	 <username>:-)~Randi~(-:</username> 
	 <sex>F</sex> 
	 <age>36</age> 
	 <city>On the coast of somewhere beautiful!</city> 
	 <province>Florida</province> 
	 <country>US</country> 
	 </user> 
<date>1212069660</date> 
 <body>I thought he did a lot better than Kilmer or Clooney.</body> 
 </post> 
<post id= "MS_27216_43811321"> 
<user id ="MS_205379997"> 
	 <username>Apollo</username> 
	 <sex>M</sex> 
	 <age>26</age> 
	 <city>US</city> 
	 <province></province> 
	 <country></country> 
	 </user> 
<date>1212069840</date> 
 <body>   he did but he still is not the best Batman...</body> 
 </post> 
<post id= "MS_27216_43811446"> 
<user id ="MS_81009352"> 
	 <username>:-)~Randi~(-:</username> 
	 <sex>F</sex> 
	 <age>36</age> 
	 <city>On the coast of somewhere beautiful!</city> 
	 <province>Florida</province> 
	 <country>US</country> 
	 </user> 
<date>1212069960</date> 
 <body>Maybe not, but he was sexier than the others ;-) LOL!</body> 
 </post> 
<post id= "MS_27216_43811627"> 
<user id ="MS_205379997"> 
	 <username>Apollo</username> 
	 <sex>M</sex> 
	 <age>26</age> 
	 <city>US</city> 
	 <province></province> 
	 <country></country> 
	 </user> 
<date>1212070200</date> 
 <body>   How can a skinny almost bald can be sexier then this:    </body> 
 </post> 
<post id= "MS_27216_43811733"> 
<user id ="MS_103342454"> 
	 <username>Heidi</username> 
	 <sex>F</sex> 
	 <age>33</age> 
	 <city>Tampa</city> 
	 <province>Florida</province> 
	 <country>US</country> 
	 </user> 
<date>1212070320</date> 
 <body>   Mamma mia! sop me up with a biscuit!</body> 
 </post> 
</posts>