<?xml version="1.0" encoding="UTF-8"?> 
 <posts> 
<post id= "MS_11432_44069078"> 
<user id ="MS_35280508"> 
	 <username>LuCidiTy</username> 
	 <sex>F</sex> 
	 <age>46</age> 
	 <city>Alpha Centauri</city> 
	 <province></province> 
	 <country>UM</country> 
	 </user> 
<date>1212506820</date> 
 <body>  coming from the republicans. this would not be at all surprising.</body> 
 </post> 
<post id= "MS_11432_44071526"> 
<user id ="MS_295474903"> 
	 <username>gavdaddy</username> 
	 <sex>M</sex> 
	 <age>19</age> 
	 <city>PARKER</city> 
	 <province>Colorado</province> 
	 <country>US</country> 
	 </user> 
<date>1212509760</date> 
 <body>fuck that nigger america is fucked with all of the canidates that are running but we still have one hope MCAIN!!!!!</body> 
 </post> 
<post id= "MS_11432_44071635"> 
<user id ="MS_35280508"> 
	 <username>LuCidiTy</username> 
	 <sex>F</sex> 
	 <age>46</age> 
	 <city>Alpha Centauri</city> 
	 <province></province> 
	 <country>UM</country> 
	 </user> 
<date>1212509880</date> 
 <body>lol both hillary and obama speaking at aipac tomorrow and she wants to have a private sitdown meeting with him. haha...per andrea mitchell.</body> 
 </post> 
<post id= "MS_11432_44071929"> 
<user id ="MS_3784914"> 
	 <username>Luke (NLD-MN)</username> 
	 <sex>M</sex> 
	 <age>19</age> 
	 <city>Genocide is our Business</city> 
	 <province>Minnesota</province> 
	 <country>US</country> 
	 </user> 
<date>1212510300</date> 
 <body>  x2... but I really think you cant count out McCain just yet.</body> 
 </post> 
<post id= "MS_11432_44072004"> 
<user id ="MS_35280508"> 
	 <username>LuCidiTy</username> 
	 <sex>F</sex> 
	 <age>46</age> 
	 <city>Alpha Centauri</city> 
	 <province></province> 
	 <country>UM</country> 
	 </user> 
<date>1212510360</date> 
 <body>  this is inappropriate.</body> 
 </post> 
<post id= "MS_11432_44073731"> 
<user id ="MS_347006598"> 
	 <username>Cold Steal II</username> 
	 <sex>F</sex> 
	 <age>104</age> 
	 <city>CHICO</city> 
	 <province>California</province> 
	 <country>US</country> 
	 </user> 
<date>1212512400</date> 
 <body>no we are fucked because he is antiamerican has nothing to do with his races</body> 
 </post> 
<post id= "MS_11432_44074152"> 
<user id ="MS_20144754"> 
	 <username>Foreverish</username> 
	 <sex>M</sex> 
	 <age>23</age> 
	 <city>GLENDALE</city> 
	 <province>Arizona</province> 
	 <country>US</country> 
	 </user> 
<date>1212512880</date> 
 <body>Yea, he's anti-American. Okay. That is just as ignorant as the racist comment.</body> 
 </post> 
<post id= "MS_11432_44074244"> 
<user id ="MS_5694274"> 
	 <username>Aharon</username> 
	 <sex>M</sex> 
	 <age>24</age> 
	 <city>Holland</city> 
	 <province>Michigan</province> 
	 <country>US</country> 
	 </user> 
<date>1212513000</date> 
 <body>  Because Clinton, Edwards, and Obama where all supposed to do that. Than Clinton "changed her mind".</body> 
 </post> 
<post id= "MS_11432_44075907"> 
<user id ="MS_295474903"> 
	 <username>gavdaddy</username> 
	 <sex>M</sex> 
	 <age>19</age> 
	 <city>PARKER</city> 
	 <province>Colorado</province> 
	 <country>US</country> 
	 </user> 
<date>1212514860</date> 
 <body>you cant count out mcain cause all of hilarys voters are going to vote for him just so it is not obama think about it....</body> 
 </post> 
<post id= "MS_11432_44075909"> 
<user id ="MS_35280508"> 
	 <username>LuCidiTy</username> 
	 <sex>F</sex> 
	 <age>46</age> 
	 <city>Alpha Centauri</city> 
	 <province></province> 
	 <country>UM</country> 
	 </user> 
<date>1212514860</date> 
 <body>mrs obama does look a bit nervous. and he's looking a little disturbed. fwiw</body> 
 </post> 
</posts>