<?xml version="1.0" encoding="UTF-8"?> 
 <posts> 
<post id= "MS_11432_44063735"> 
<user id ="MS_248540846"> 
	 <username>Say No To Microchip Implants</username> 
	 <sex>M</sex> 
	 <age>36</age> 
	 <city>US</city> 
	 <province></province> 
	 <country></country> 
	 </user> 
<date>1212498960</date> 
 <body>So it looks like Hillary will have to rely on Obama being assassinated in order to become president.</body> 
 </post> 
<post id= "MS_11432_44063743"> 
<user id ="MS_20144754"> 
	 <username>Foreverish</username> 
	 <sex>M</sex> 
	 <age>23</age> 
	 <city>GLENDALE</city> 
	 <province>Arizona</province> 
	 <country>US</country> 
	 </user> 
<date>1212499020</date> 
 <body>YES!</body> 
 </post> 
<post id= "MS_11432_44063855"> 
<user id ="MS_284948619"> 
	 <username>Lil Artist</username> 
	 <sex>M</sex> 
	 <age>19</age> 
	 <city>G-ville</city> 
	 <province>South Carolina</province> 
	 <country>US</country> 
	 </user> 
<date>1212499140</date> 
 <body>Which is why she shouldn't be on the ticket. Finally it's over.</body> 
 </post> 
<post id= "MS_11432_44064040"> 
<user id ="MS_20144754"> 
	 <username>Foreverish</username> 
	 <sex>M</sex> 
	 <age>23</age> 
	 <city>GLENDALE</city> 
	 <province>Arizona</province> 
	 <country>US</country> 
	 </user> 
<date>1212499440</date> 
 <body>I'm just glad that the Democrates actaully have a nominee now. And I'm glad it's Obama. Now the next thing that needs to happen is for him to become President. We don't need McCain. He is the biggest joke ever.</body> 
 </post> 
<post id= "MS_11432_44064202"> 
<user id ="MS_3449431"> 
	 <username>Pre$ton</username> 
	 <sex>M</sex> 
	 <age>36</age> 
	 <city>Bel Air</city> 
	 <province>California</province> 
	 <country>US</country> 
	 </user> 
<date>1212499680</date> 
 <body>Amazing! Wow!  We're just months away from having a black president, never thought I'd see it in my lifetime!</body> 
 </post> 
<post id= "MS_11432_44064394"> 
<user id ="MS_15168821"> 
	 <username>Dani-Girl</username> 
	 <sex>F</sex> 
	 <age>34</age> 
	 <city>El Segundo</city> 
	 <province>California</province> 
	 <country>US</country> 
	 </user> 
<date>1212499920</date> 
 <body>really sad that the delegates chose the wrong democrat.  sad day indeed.</body> 
 </post> 
<post id= "MS_11432_44064668"> 
<user id ="MS_369489172"> 
	 <username>Mike</username> 
	 <sex>M</sex> 
	 <age>58</age> 
	 <city>VA</city> 
	 <province></province> 
	 <country></country> 
	 </user> 
<date>1212500340</date> 
 <body>  The American people chose Obama. And don't come here giving me that "Hillary had the popular vote" bullshit. The only reason she had slightly more popular votes then Obama was because his name wasn't on the ballot in Michigan when hers was. lol@Clinton and her dumb supporters wanting those votes to count.</body> 
 </post> 
<post id= "MS_11432_44064759"> 
<user id ="MS_15168821"> 
	 <username>Dani-Girl</username> 
	 <sex>F</sex> 
	 <age>34</age> 
	 <city>El Segundo</city> 
	 <province>California</province> 
	 <country>US</country> 
	 </user> 
<date>1212500460</date> 
 <body>Actually, It was Obama who pulled his name from the Michigan ballot, so that's his problem for not getting the count in that state. Michigan just did what he asked. Its his fault for pulling his name.  This is why election reform needs to be done. do what the republicans do, just get the votes and be done with it. none of this "delegates" and "super delegates" bull.</body> 
 </post> 
<post id= "MS_11432_44064890"> 
<user id ="MS_15168821"> 
	 <username>Dani-Girl</username> 
	 <sex>F</sex> 
	 <age>34</age> 
	 <city>El Segundo</city> 
	 <province>California</province> 
	 <country>US</country> 
	 </user> 
<date>1212500640</date> 
 <body>Also to add, if Clinton does vie for the VP position, then that will be a better choice for the Democrats; Obama needs to stop being a pussy when it comes to illegal immigration.</body> 
 </post> 
<post id= "MS_11432_44064894"> 
<user id ="MS_20144754"> 
	 <username>Foreverish</username> 
	 <sex>M</sex> 
	 <age>23</age> 
	 <city>GLENDALE</city> 
	 <province>Arizona</province> 
	 <country>US</country> 
	 </user> 
<date>1212500640</date> 
 <body>It's time for a change. Plus it's not like Obama is going to be a bad President, I would have been fine with Clinton. It's McCain we have to worry about. If he become President we are in a world of shit. Obama is going to be a great President. Time will prove that.</body> 
 </post> 
</posts>