<?xml version="1.0" encoding="UTF-8"?> 
 <posts> 
<post id= "MS_11432_44066914"> 
<user id ="MS_15168821"> 
	 <username>Dani-Girl</username> 
	 <sex>F</sex> 
	 <age>34</age> 
	 <city>El Segundo</city> 
	 <province>California</province> 
	 <country>US</country> 
	 </user> 
<date>1212503820</date> 
 <body>   so what? its still a primary; where the people of that state had a voice and the option to vote. Again, please point out why its Michigan's fault for not putting Obama's name on the ballot, when HE asked them to take his name off?  sorry, but its Obama's fault for pulling his name. An election is an election, no matter if the votes for the DELEGATE count matters or not.  Again, if the democrats would abolish this stupid "delegate" system, you wouldn't be using this poor excuse.</body> 
 </post> 
<post id= "MS_11432_44066957"> 
<user id ="MS_15168821"> 
	 <username>Dani-Girl</username> 
	 <sex>F</sex> 
	 <age>34</age> 
	 <city>El Segundo</city> 
	 <province>California</province> 
	 <country>US</country> 
	 </user> 
<date>1212503880</date> 
 <body>   Has to do with some video of Michelle Obama speaking somewhere. The republicans want to use it as a "nail" in Obama's campaign to discredit him.</body> 
 </post> 
<post id= "MS_11432_44068112"> 
<user id ="MS_172826565"> 
	 <username>evan</username> 
	 <sex>M</sex> 
	 <age>25</age> 
	 <city>winter park</city> 
	 <province>Florida</province> 
	 <country>US</country> 
	 </user> 
<date>1212505680</date> 
 <body>America just died more. =( I'm not voting now.</body> 
 </post> 
<post id= "MS_11432_44068732"> 
<user id ="MS_20144754"> 
	 <username>Foreverish</username> 
	 <sex>M</sex> 
	 <age>23</age> 
	 <city>GLENDALE</city> 
	 <province>Arizona</province> 
	 <country>US</country> 
	 </user> 
<date>1212506460</date> 
 <body>Just as you don't vote for McCain, we should be fine.</body> 
 </post> 
<post id= "MS_11432_44068742"> 
<user id ="MS_35280508"> 
	 <username>LuCidiTy</username> 
	 <sex>F</sex> 
	 <age>46</age> 
	 <city>Alpha Centauri</city> 
	 <province></province> 
	 <country>UM</country> 
	 </user> 
<date>1212506460</date> 
 <body>there's still a chance clinton will take it to the convention.</body> 
 </post> 
<post id= "MS_11432_44069021"> 
<user id ="MS_20144754"> 
	 <username>Foreverish</username> 
	 <sex>M</sex> 
	 <age>23</age> 
	 <city>GLENDALE</city> 
	 <province>Arizona</province> 
	 <country>US</country> 
	 </user> 
<date>1212506760</date> 
 <body>Call my opinion sexist if you will, I just don't feel a woman would be able to get repect from some countries. I like Clinton's views. But I don't think it will work.  And this is where everyone starts to hate me....</body> 
 </post> 
<post id= "MS_11432_44069078"> 
<user id ="MS_35280508"> 
	 <username>LuCidiTy</username> 
	 <sex>F</sex> 
	 <age>46</age> 
	 <city>Alpha Centauri</city> 
	 <province></province> 
	 <country>UM</country> 
	 </user> 
<date>1212506820</date> 
 <body>  coming from the republicans. this would not be at all surprising.</body> 
 </post> 
<post id= "MS_11432_44071526"> 
<user id ="MS_295474903"> 
	 <username>gavdaddy</username> 
	 <sex>M</sex> 
	 <age>19</age> 
	 <city>PARKER</city> 
	 <province>Colorado</province> 
	 <country>US</country> 
	 </user> 
<date>1212509760</date> 
 <body>fuck that nigger america is fucked with all of the canidates that are running but we still have one hope MCAIN!!!!!</body> 
 </post> 
<post id= "MS_11432_44071635"> 
<user id ="MS_35280508"> 
	 <username>LuCidiTy</username> 
	 <sex>F</sex> 
	 <age>46</age> 
	 <city>Alpha Centauri</city> 
	 <province></province> 
	 <country>UM</country> 
	 </user> 
<date>1212509880</date> 
 <body>lol both hillary and obama speaking at aipac tomorrow and she wants to have a private sitdown meeting with him. haha...per andrea mitchell.</body> 
 </post> 
<post id= "MS_11432_44071929"> 
<user id ="MS_3784914"> 
	 <username>Luke (NLD-MN)</username> 
	 <sex>M</sex> 
	 <age>19</age> 
	 <city>Genocide is our Business</city> 
	 <province>Minnesota</province> 
	 <country>US</country> 
	 </user> 
<date>1212510300</date> 
 <body>  x2... but I really think you cant count out McCain just yet.</body> 
 </post> 
</posts>