<?xml version="1.0" encoding="UTF-8"?> 
 <posts> 
<post id= "MS_11432_44064394"> 
<user id ="MS_15168821"> 
	 <username>Dani-Girl</username> 
	 <sex>F</sex> 
	 <age>34</age> 
	 <city>El Segundo</city> 
	 <province>California</province> 
	 <country>US</country> 
	 </user> 
<date>1212499920</date> 
 <body>really sad that the delegates chose the wrong democrat.  sad day indeed.</body> 
 </post> 
<post id= "MS_11432_44064668"> 
<user id ="MS_369489172"> 
	 <username>Mike</username> 
	 <sex>M</sex> 
	 <age>58</age> 
	 <city>VA</city> 
	 <province></province> 
	 <country></country> 
	 </user> 
<date>1212500340</date> 
 <body>  The American people chose Obama. And don't come here giving me that "Hillary had the popular vote" bullshit. The only reason she had slightly more popular votes then Obama was because his name wasn't on the ballot in Michigan when hers was. lol@Clinton and her dumb supporters wanting those votes to count.</body> 
 </post> 
<post id= "MS_11432_44064759"> 
<user id ="MS_15168821"> 
	 <username>Dani-Girl</username> 
	 <sex>F</sex> 
	 <age>34</age> 
	 <city>El Segundo</city> 
	 <province>California</province> 
	 <country>US</country> 
	 </user> 
<date>1212500460</date> 
 <body>Actually, It was Obama who pulled his name from the Michigan ballot, so that's his problem for not getting the count in that state. Michigan just did what he asked. Its his fault for pulling his name.  This is why election reform needs to be done. do what the republicans do, just get the votes and be done with it. none of this "delegates" and "super delegates" bull.</body> 
 </post> 
<post id= "MS_11432_44064890"> 
<user id ="MS_15168821"> 
	 <username>Dani-Girl</username> 
	 <sex>F</sex> 
	 <age>34</age> 
	 <city>El Segundo</city> 
	 <province>California</province> 
	 <country>US</country> 
	 </user> 
<date>1212500640</date> 
 <body>Also to add, if Clinton does vie for the VP position, then that will be a better choice for the Democrats; Obama needs to stop being a pussy when it comes to illegal immigration.</body> 
 </post> 
<post id= "MS_11432_44064894"> 
<user id ="MS_20144754"> 
	 <username>Foreverish</username> 
	 <sex>M</sex> 
	 <age>23</age> 
	 <city>GLENDALE</city> 
	 <province>Arizona</province> 
	 <country>US</country> 
	 </user> 
<date>1212500640</date> 
 <body>It's time for a change. Plus it's not like Obama is going to be a bad President, I would have been fine with Clinton. It's McCain we have to worry about. If he become President we are in a world of shit. Obama is going to be a great President. Time will prove that.</body> 
 </post> 
<post id= "MS_11432_44065188"> 
<user id ="MS_369489172"> 
	 <username>Mike</username> 
	 <sex>M</sex> 
	 <age>58</age> 
	 <city>VA</city> 
	 <province></province> 
	 <country></country> 
	 </user> 
<date>1212501120</date> 
 <body>   There was no point to leave the names on the ballots since the states were stripped of all its delegates to the national convention for breaking party rules by moving its primary to before February 5. All candidates abided by an agreement not to campaign in Florida, and all major candidates except for Hillary Clinton had removed their names from the Michigan ballot.</body> 
 </post> 
<post id= "MS_11432_44065270"> 
<user id ="MS_369489172"> 
	 <username>Mike</username> 
	 <sex>M</sex> 
	 <age>58</age> 
	 <city>VA</city> 
	 <province></province> 
	 <country></country> 
	 </user> 
<date>1212501240</date> 
 <body>  What do you think is gonna happen with the immigration issue? Do you think 12-15 million illegals are gonna be deported? There's no way thats gonna happen. Mass deportations are out of the picture so its time to look at comprehensive immigration reform.</body> 
 </post> 
<post id= "MS_11432_44065293"> 
<user id ="MS_35280508"> 
	 <username>LuCidiTy</username> 
	 <sex>F</sex> 
	 <age>46</age> 
	 <city>Alpha Centauri</city> 
	 <province></province> 
	 <country>UM</country> 
	 </user> 
<date>1212501240</date> 
 <body>MSNBC is still reporting he needs 11 delegates?</body> 
 </post> 
<post id= "MS_11432_44065492"> 
<user id ="MS_369489172"> 
	 <username>Mike</username> 
	 <sex>M</sex> 
	 <age>58</age> 
	 <city>VA</city> 
	 <province></province> 
	 <country></country> 
	 </user> 
<date>1212501540</date> 
 <body>  Different news sources have different counts. The "AP" is the one reporting it officially for Obama.</body> 
 </post> 
<post id= "MS_11432_44065596"> 
<user id ="MS_35280508"> 
	 <username>LuCidiTy</username> 
	 <sex>F</sex> 
	 <age>46</age> 
	 <city>Alpha Centauri</city> 
	 <province></province> 
	 <country>UM</country> 
	 </user> 
<date>1212501720</date> 
 <body>  okay. thanks.</body> 
 </post> 
</posts>