<?xml version="1.0" encoding="UTF-8"?> 
 <posts> 
<post id= "MS_11432_44071929"> 
<user id ="MS_3784914"> 
	 <username>Luke (NLD-MN)</username> 
	 <sex>M</sex> 
	 <age>19</age> 
	 <city>Genocide is our Business</city> 
	 <province>Minnesota</province> 
	 <country>US</country> 
	 </user> 
<date>1212510300</date> 
 <body>  x2... but I really think you cant count out McCain just yet.</body> 
 </post> 
<post id= "MS_11432_44072004"> 
<user id ="MS_35280508"> 
	 <username>LuCidiTy</username> 
	 <sex>F</sex> 
	 <age>46</age> 
	 <city>Alpha Centauri</city> 
	 <province></province> 
	 <country>UM</country> 
	 </user> 
<date>1212510360</date> 
 <body>  this is inappropriate.</body> 
 </post> 
<post id= "MS_11432_44073731"> 
<user id ="MS_347006598"> 
	 <username>Cold Steal II</username> 
	 <sex>F</sex> 
	 <age>104</age> 
	 <city>CHICO</city> 
	 <province>California</province> 
	 <country>US</country> 
	 </user> 
<date>1212512400</date> 
 <body>no we are fucked because he is antiamerican has nothing to do with his races</body> 
 </post> 
<post id= "MS_11432_44074152"> 
<user id ="MS_20144754"> 
	 <username>Foreverish</username> 
	 <sex>M</sex> 
	 <age>23</age> 
	 <city>GLENDALE</city> 
	 <province>Arizona</province> 
	 <country>US</country> 
	 </user> 
<date>1212512880</date> 
 <body>Yea, he's anti-American. Okay. That is just as ignorant as the racist comment.</body> 
 </post> 
<post id= "MS_11432_44074244"> 
<user id ="MS_5694274"> 
	 <username>Aharon</username> 
	 <sex>M</sex> 
	 <age>24</age> 
	 <city>Holland</city> 
	 <province>Michigan</province> 
	 <country>US</country> 
	 </user> 
<date>1212513000</date> 
 <body>  Because Clinton, Edwards, and Obama where all supposed to do that. Than Clinton "changed her mind".</body> 
 </post> 
<post id= "MS_11432_44075907"> 
<user id ="MS_295474903"> 
	 <username>gavdaddy</username> 
	 <sex>M</sex> 
	 <age>19</age> 
	 <city>PARKER</city> 
	 <province>Colorado</province> 
	 <country>US</country> 
	 </user> 
<date>1212514860</date> 
 <body>you cant count out mcain cause all of hilarys voters are going to vote for him just so it is not obama think about it....</body> 
 </post> 
<post id= "MS_11432_44075909"> 
<user id ="MS_35280508"> 
	 <username>LuCidiTy</username> 
	 <sex>F</sex> 
	 <age>46</age> 
	 <city>Alpha Centauri</city> 
	 <province></province> 
	 <country>UM</country> 
	 </user> 
<date>1212514860</date> 
 <body>mrs obama does look a bit nervous. and he's looking a little disturbed. fwiw</body> 
 </post> 
<post id= "MS_11432_44080158"> 
<user id ="MS_4753489"> 
	 <username>Mac Giolla Chomhaill</username> 
	 <sex>F</sex> 
	 <age>25</age> 
	 <city>MISSOURI CITY</city> 
	 <province>Texas</province> 
	 <country>US</country> 
	 </user> 
<date>1212519420</date> 
 <body>Well, then it looks like McCain will definitely win then. And for the comment about how some countries wouldn't respect Hilary as being our president, what sheesha have you been smoking? There are third world countries that are more culturally ahead of us in respecting a woman leader. A woman president would actually help US ratings than a black president.</body> 
 </post> 
<post id= "MS_11432_44083517"> 
<user id ="MS_384183684"> 
	 <username>Brian</username> 
	 <sex>M</sex> 
	 <age>35</age> 
	 <city>Houston</city> 
	 <province>Texas</province> 
	 <country>US</country> 
	 </user> 
<date>1212523080</date> 
 <body>The racist negroes have a president nominee. I hope they are friggen happy now.</body> 
 </post> 
<post id= "MS_11432_44084561"> 
<user id ="MS_347006598"> 
	 <username>Cold Steal II</username> 
	 <sex>F</sex> 
	 <age>104</age> 
	 <city>CHICO</city> 
	 <province>California</province> 
	 <country>US</country> 
	 </user> 
<date>1212524280</date> 
 <body>he will never be voted in with his past</body> 
 </post> 
</posts>