<?xml version="1.0" encoding="UTF-8"?> 
 <posts> 
<post id= "MS_8865_44432669"> 
<user id ="MS_378678777"> 
	 <username>2000man</username> 
	 <sex>M</sex> 
	 <age>52</age> 
	 <city>Tucker</city> 
	 <province>Georgia</province> 
	 <country>US</country> 
	 </user> 
<date>1213082460</date> 
 <body>  I know.....Check Points. Don't people even realize that comes from Nazi Germany? What does that say about America? Anyway I heard they are going to be doing drug check points around these summer concerts that come up every year starting this summer. Man! They might find some serious convicts like a guy who smokes mariajuana!</body> 
 </post> 
<post id= "MS_8865_44433399"> 
<user id ="MS_153486816"> 
	 <username>"IF IT AINT PIT, IT AINT SH*T"</username> 
	 <sex>M</sex> 
	 <age>70</age> 
	 <city>California</city> 
	 <province></province> 
	 <country>US</country> 
	 </user> 
<date>1213083420</date> 
 <body></body> 
 </post> 
<post id= "MS_8865_44434964"> 
<user id ="MS_378678777"> 
	 <username>2000man</username> 
	 <sex>M</sex> 
	 <age>52</age> 
	 <city>Tucker</city> 
	 <province>Georgia</province> 
	 <country>US</country> 
	 </user> 
<date>1213085400</date> 
 <body>I think it goes....  Those who would sacrifice Liberty for Security deserve neither.</body> 
 </post> 
<post id= "MS_8865_44436183"> 
<user id ="MS_153486816"> 
	 <username>"IF IT AINT PIT, IT AINT SH*T"</username> 
	 <sex>M</sex> 
	 <age>70</age> 
	 <city>California</city> 
	 <province></province> 
	 <country>US</country> 
	 </user> 
<date>1213086900</date> 
 <body></body> 
 </post> 
<post id= "MS_8865_44450567"> 
<user id ="MS_378678777"> 
	 <username>2000man</username> 
	 <sex>M</sex> 
	 <age>52</age> 
	 <city>Tucker</city> 
	 <province>Georgia</province> 
	 <country>US</country> 
	 </user> 
<date>1213101840</date> 
 <body>  I think it's great!ÃÂ ÃÂ  And true.....oh so true.</body> 
 </post> 
<post id= "MS_8865_44454782"> 
<user id ="MS_381973172"> 
	 <username>AnArtistFormerlyCalled</username> 
	 <sex>M</sex> 
	 <age>98</age> 
	 <city>BERKELEY</city> 
	 <province>California</province> 
	 <country>US</country> 
	 </user> 
<date>1213106760</date> 
 <body> Well, maybe they'll pick YOU next time, Elmer Fudd... If you look too much like an Iraqi or they see some other minor coincidence that "alerts" them to perceive you as a threat. Of course, once they abduct you, you'll never get a trial or have any way to prove your innocence.  With an attitude like yours, you'd deserve it.</body> 
 </post> 
<post id= "MS_8865_44460873"> 
<user id ="MS_262684198"> 
	 <username>Peg</username> 
	 <sex>F</sex> 
	 <age>50</age> 
	 <city>Roanoke</city> 
	 <province>Virginia</province> 
	 <country>US</country> 
	 </user> 
<date>1213114620</date> 
 <body>  1 Thou shalt have no other gods before me.-- so which God is that, maybe I believe there's many Gods, and they all deserve the same amount of honor?  2 Thou shalt not make unto thee any graven image, or any likeness of any thing that is in heaven above, or that is in the earth beneath, or that is in the water under the earth:  oh....there's goes art classes in school...what about all those nice little nicknacks you see being sold in the store.  4 Remember the sabbath day, to keep it holy. so, which day shall we keep holy, Saturday or Sunday...since we all won't be agreeing on this one, can we make them all holy and just forget about working.  6 Thou shalt not kill. have fun explaining war to the little tikes.  by the way, no one took God out of the schools....Christ lives in the hearts of his believers, the chirstian kids do take their hearts to school with them, don't they? God is in the schools, he speaks to the non-believers everyday in the school, not through words spoken, but through actions taken in kindness, gentleness, hopefullness, and all the other fruits of the spirit.</body> 
 </post> 
<post id= "MS_8865_44471610"> 
<user id ="MS_191785243"> 
	 <username>whooyaa</username> 
	 <sex>M</sex> 
	 <age>48</age> 
	 <city>Montclair</city> 
	 <province>California</province> 
	 <country>US</country> 
	 </user> 
<date>1213127040</date> 
 <body>  Your an ass. You think they just randomly picked some dude off the street cause he didn't shave or take a bath. You think they don't have a paper trail or some other evidence on him. You think there going to interrogate him and find he has no useful info and keep him. Look at the tens of 1000's of "suspected terrorists" that have been detained and released. Those ones don't count though do they.  Ever thought that maybe those detainees HAVE given useful info and are being held for there own safety from those that have about as much respect for there fellow man as we do mashing a cockroach. You know the ones who, without giving it a second thought would strap 10 pounds of C-4 to there body and blow up a marketplace. Who hack off the heads of there enemys then yell "Allah is Great".  Or maybe there some of the ones that would blow up a marketplace. You don't know the reason there being held. Yet your so quick to come to there defense. To the defense of a group of people that our government believes is a threat  You sound like your living some burned out hippie dream from the '60's. Those people we are fighting over there, given the chance, would cut out your heart quicker than you can say "peace and love". and it's spreading worldwide and has been for decades.  Have you conveinently forgotten when all those hijackings that took place in the '70s & 80's. or the killings they did in Africa or the bombs the've detonated all over the world. There the same people linked to the same twisted ideology they call religion and it's hundreds of years old. It's called Terrorism.  But then again your safe here arn't you. Chances of you or some loved one getting blown up at albertsons or your head chopped off are pretty remote isn't it. Your so wound up with the human rights issue, that your actually come to the support of the ones that are the cruelist abusers of it  WHY????</body> 
 </post> 
<post id= "MS_8865_44472427"> 
<user id ="MS_257928201"> 
	 <username>Liberals Suck!!</username> 
	 <sex>M</sex> 
	 <age>100</age> 
	 <city>Tigard, Or.</city> 
	 <province>California</province> 
	 <country>US</country> 
	 </user> 
<date>1213128000</date> 
 <body>humans rights? the UN is a joke and there counsels are a laugh riot. China and N. Korea along with Iran and the Sudan telling us how to treat people. Because we are bad and they are the example of what is truly good in the world.</body> 
 </post> 
<post id= "MS_8865_44637050"> 
<user id ="MS_386888650"> 
	 <username>The Lovedoctor</username> 
	 <sex>M</sex> 
	 <age>24</age> 
	 <city>Northeast</city> 
	 <province></province> 
	 <country>UK</country> 
	 </user> 
<date>1213369560</date> 
 <body>I dont think it is morally right for America to encourage Globalisation,when the fact is that they are the richest country in the world,and regularly interefering in other peoples business,(the War in Afghanistan is not Englands business)and then decide to boycott human rights.surely human rights are everybody's concern,and that kind of committment is unjustified.</body> 
 </post> 
</posts>