<?xml version="1.0" encoding="UTF-8"?> 
 <posts> 
<post id= "MS_8865_44410181"> 
<user id ="MS_20526400"> 
	 <username>Alfred B...With no regard for human life!</username> 
	 <sex>M</sex> 
	 <age>29</age> 
	 <city>SJC-Central Ghetto/La Porte</city> 
	 <province>Texas</province> 
	 <country>US</country> 
	 </user> 
<date>1213037580</date> 
 <body>China, Pakistan, and Saudi Arabia are in the Human Wrongs Council.  That tells me nothing right there.</body> 
 </post> 
<post id= "MS_8865_44412796"> 
<user id ="MS_352015575"> 
	 <username>Patrick</username> 
	 <sex>M</sex> 
	 <age>46</age> 
	 <city>Federal Way</city> 
	 <province>Washington</province> 
	 <country>US</country> 
	 </user> 
<date>1213041000</date> 
 <body> Except that there should be a sitcom about it.</body> 
 </post> 
<post id= "MS_8865_44417805"> 
<user id ="MS_381973172"> 
	 <username>AnArtistFormerlyCalled</username> 
	 <sex>M</sex> 
	 <age>98</age> 
	 <city>BERKELEY</city> 
	 <province>California</province> 
	 <country>US</country> 
	 </user> 
<date>1213048200</date> 
 <body>the US is illegally holding thousands of "suspected terrorists" in secret foreign prisons and in the holds of about 15 to 17 US military sea vessels. Bush and Cheney are war criminals. They came into office with the idea of conquering the middle east and handing over all the oil rights to multinational oil corporations and destroy anyone who'd get in their way. The US right now is the biggest threat in the world to human rights.</body> 
 </post> 
<post id= "MS_8865_44422710"> 
<user id ="MS_262684198"> 
	 <username>Peg</username> 
	 <sex>F</sex> 
	 <age>50</age> 
	 <city>Roanoke</city> 
	 <province>Virginia</province> 
	 <country>US</country> 
	 </user> 
<date>1213060140</date> 
 <body>  better to be just war criminals than to be war criminals and hypocrits also??  they did the right thing...if they don't plan on honoring all these past treaties and such, they need to just pull out of them... hopefully an administration in the future will work to restore all the damage this administration has done.</body> 
 </post> 
<post id= "MS_8865_44426848"> 
<user id ="MS_378678777"> 
	 <username>2000man</username> 
	 <sex>M</sex> 
	 <age>52</age> 
	 <city>Tucker</city> 
	 <province>Georgia</province> 
	 <country>US</country> 
	 </user> 
<date>1213072740</date> 
 <body>  It's called common decency. No need to attach "We are the world" to it. But is something we do not possess anymore.</body> 
 </post> 
<post id= "MS_8865_44429375"> 
<user id ="MS_191785243"> 
	 <username>whooyaa</username> 
	 <sex>M</sex> 
	 <age>48</age> 
	 <city>Montclair</city> 
	 <province>California</province> 
	 <country>US</country> 
	 </user> 
<date>1213077480</date> 
 <body>Thats what your taught in berkeley huh. Maybe one day you will get your wish and those poor "suspected terrorists" will be allowed to freely walk the streets of America. After all it would be the just thing to do after "illegally" holding them against there will. Maybe we can give them a nice big house and a million dollars too. Perhaps a wall, like the Vietnam Memorial, where we can put the names of those terrorists who died "fighting the biggest threat in the world to human rights"</body> 
 </post> 
<post id= "MS_8865_44431200"> 
<user id ="MS_153486816"> 
	 <username>"IF IT AINT PIT, IT AINT SH*T"</username> 
	 <sex>M</sex> 
	 <age>70</age> 
	 <city>California</city> 
	 <province></province> 
	 <country>US</country> 
	 </user> 
<date>1213080540</date> 
 <body>Its not just terrorists we are talking about here, we have lost all sense of morality. We have lost our value for life and common decency, just look at our city streets. The nation's capital is setting checkpoints to curb crime, "patriots" suggest we shoot illegals on site, our law enforcement is just as corrupt as it is in Mexico, a 78 yr old man gets hit by a car and people just stand around and look, no one runs to help..etc etc. We have become worse then the terrorists we are supposedly fighting in the middle east.</body> 
 </post> 
<post id= "MS_8865_44432669"> 
<user id ="MS_378678777"> 
	 <username>2000man</username> 
	 <sex>M</sex> 
	 <age>52</age> 
	 <city>Tucker</city> 
	 <province>Georgia</province> 
	 <country>US</country> 
	 </user> 
<date>1213082460</date> 
 <body>  I know.....Check Points. Don't people even realize that comes from Nazi Germany? What does that say about America? Anyway I heard they are going to be doing drug check points around these summer concerts that come up every year starting this summer. Man! They might find some serious convicts like a guy who smokes mariajuana!</body> 
 </post> 
<post id= "MS_8865_44433399"> 
<user id ="MS_153486816"> 
	 <username>"IF IT AINT PIT, IT AINT SH*T"</username> 
	 <sex>M</sex> 
	 <age>70</age> 
	 <city>California</city> 
	 <province></province> 
	 <country>US</country> 
	 </user> 
<date>1213083420</date> 
 <body></body> 
 </post> 
<post id= "MS_8865_44434964"> 
<user id ="MS_378678777"> 
	 <username>2000man</username> 
	 <sex>M</sex> 
	 <age>52</age> 
	 <city>Tucker</city> 
	 <province>Georgia</province> 
	 <country>US</country> 
	 </user> 
<date>1213085400</date> 
 <body>I think it goes....  Those who would sacrifice Liberty for Security deserve neither.</body> 
 </post> 
</posts>