<?xml version="1.0" encoding="UTF-8"?> 
 <posts> 
<post id= "MS_8865_44426848"> 
<user id ="MS_378678777"> 
	 <username>2000man</username> 
	 <sex>M</sex> 
	 <age>52</age> 
	 <city>Tucker</city> 
	 <province>Georgia</province> 
	 <country>US</country> 
	 </user> 
<date>1213072740</date> 
 <body>  It's called common decency. No need to attach "We are the world" to it. But is something we do not possess anymore.</body> 
 </post> 
<post id= "MS_8865_44429375"> 
<user id ="MS_191785243"> 
	 <username>whooyaa</username> 
	 <sex>M</sex> 
	 <age>48</age> 
	 <city>Montclair</city> 
	 <province>California</province> 
	 <country>US</country> 
	 </user> 
<date>1213077480</date> 
 <body>Thats what your taught in berkeley huh. Maybe one day you will get your wish and those poor "suspected terrorists" will be allowed to freely walk the streets of America. After all it would be the just thing to do after "illegally" holding them against there will. Maybe we can give them a nice big house and a million dollars too. Perhaps a wall, like the Vietnam Memorial, where we can put the names of those terrorists who died "fighting the biggest threat in the world to human rights"</body> 
 </post> 
<post id= "MS_8865_44431200"> 
<user id ="MS_153486816"> 
	 <username>"IF IT AINT PIT, IT AINT SH*T"</username> 
	 <sex>M</sex> 
	 <age>70</age> 
	 <city>California</city> 
	 <province></province> 
	 <country>US</country> 
	 </user> 
<date>1213080540</date> 
 <body>Its not just terrorists we are talking about here, we have lost all sense of morality. We have lost our value for life and common decency, just look at our city streets. The nation's capital is setting checkpoints to curb crime, "patriots" suggest we shoot illegals on site, our law enforcement is just as corrupt as it is in Mexico, a 78 yr old man gets hit by a car and people just stand around and look, no one runs to help..etc etc. We have become worse then the terrorists we are supposedly fighting in the middle east.</body> 
 </post> 
<post id= "MS_8865_44432669"> 
<user id ="MS_378678777"> 
	 <username>2000man</username> 
	 <sex>M</sex> 
	 <age>52</age> 
	 <city>Tucker</city> 
	 <province>Georgia</province> 
	 <country>US</country> 
	 </user> 
<date>1213082460</date> 
 <body>  I know.....Check Points. Don't people even realize that comes from Nazi Germany? What does that say about America? Anyway I heard they are going to be doing drug check points around these summer concerts that come up every year starting this summer. Man! They might find some serious convicts like a guy who smokes mariajuana!</body> 
 </post> 
<post id= "MS_8865_44433399"> 
<user id ="MS_153486816"> 
	 <username>"IF IT AINT PIT, IT AINT SH*T"</username> 
	 <sex>M</sex> 
	 <age>70</age> 
	 <city>California</city> 
	 <province></province> 
	 <country>US</country> 
	 </user> 
<date>1213083420</date> 
 <body></body> 
 </post> 
<post id= "MS_8865_44434964"> 
<user id ="MS_378678777"> 
	 <username>2000man</username> 
	 <sex>M</sex> 
	 <age>52</age> 
	 <city>Tucker</city> 
	 <province>Georgia</province> 
	 <country>US</country> 
	 </user> 
<date>1213085400</date> 
 <body>I think it goes....  Those who would sacrifice Liberty for Security deserve neither.</body> 
 </post> 
<post id= "MS_8865_44436183"> 
<user id ="MS_153486816"> 
	 <username>"IF IT AINT PIT, IT AINT SH*T"</username> 
	 <sex>M</sex> 
	 <age>70</age> 
	 <city>California</city> 
	 <province></province> 
	 <country>US</country> 
	 </user> 
<date>1213086900</date> 
 <body></body> 
 </post> 
<post id= "MS_8865_44450567"> 
<user id ="MS_378678777"> 
	 <username>2000man</username> 
	 <sex>M</sex> 
	 <age>52</age> 
	 <city>Tucker</city> 
	 <province>Georgia</province> 
	 <country>US</country> 
	 </user> 
<date>1213101840</date> 
 <body>  I think it's great!ÃÂ ÃÂ  And true.....oh so true.</body> 
 </post> 
<post id= "MS_8865_44454782"> 
<user id ="MS_381973172"> 
	 <username>AnArtistFormerlyCalled</username> 
	 <sex>M</sex> 
	 <age>98</age> 
	 <city>BERKELEY</city> 
	 <province>California</province> 
	 <country>US</country> 
	 </user> 
<date>1213106760</date> 
 <body> Well, maybe they'll pick YOU next time, Elmer Fudd... If you look too much like an Iraqi or they see some other minor coincidence that "alerts" them to perceive you as a threat. Of course, once they abduct you, you'll never get a trial or have any way to prove your innocence.  With an attitude like yours, you'd deserve it.</body> 
 </post> 
<post id= "MS_8865_44460873"> 
<user id ="MS_262684198"> 
	 <username>Peg</username> 
	 <sex>F</sex> 
	 <age>50</age> 
	 <city>Roanoke</city> 
	 <province>Virginia</province> 
	 <country>US</country> 
	 </user> 
<date>1213114620</date> 
 <body>  1 Thou shalt have no other gods before me.-- so which God is that, maybe I believe there's many Gods, and they all deserve the same amount of honor?  2 Thou shalt not make unto thee any graven image, or any likeness of any thing that is in heaven above, or that is in the earth beneath, or that is in the water under the earth:  oh....there's goes art classes in school...what about all those nice little nicknacks you see being sold in the store.  4 Remember the sabbath day, to keep it holy. so, which day shall we keep holy, Saturday or Sunday...since we all won't be agreeing on this one, can we make them all holy and just forget about working.  6 Thou shalt not kill. have fun explaining war to the little tikes.  by the way, no one took God out of the schools....Christ lives in the hearts of his believers, the chirstian kids do take their hearts to school with them, don't they? God is in the schools, he speaks to the non-believers everyday in the school, not through words spoken, but through actions taken in kindness, gentleness, hopefullness, and all the other fruits of the spirit.</body> 
 </post> 
</posts>