<?xml version="1.0" encoding="UTF-8"?> 
 <posts> 
<post id= "MS_8865_44391843"> 
<user id ="MS_378678777"> 
	 <username>2000man</username> 
	 <sex>M</sex> 
	 <age>52</age> 
	 <city>Tucker</city> 
	 <province>Georgia</province> 
	 <country>US</country> 
	 </user> 
<date>1213015440</date> 
 <body>  Ineffective? ...maybe. Symbolic....yes indeed. Now we have made the declaration that we could give a damn about you or your wife & kids. Action & words....We mean business!</body> 
 </post> 
<post id= "MS_8865_44393371"> 
<user id ="MS_195642716"> 
	 <username>Ãon</username> 
	 <sex>F</sex> 
	 <age>26</age> 
	 <city>ÎÎ¦ÎÎÎÎÎ¾Ï</city> 
	 <province>Omniverse</province> 
	 <country>VA</country> 
	 </user> 
<date>1213017240</date> 
 <body>I'll have to agree, my use of the term "useless" was a very poor choice of words.Â  In the final analysis, as politically "ineffective" as they are, at least "AI" and "HRW" represent what appears to be as the last vestige of a united world-wide morality.</body> 
 </post> 
<post id= "MS_8865_44402098"> 
<user id ="MS_352015575"> 
	 <username>Patrick</username> 
	 <sex>M</sex> 
	 <age>46</age> 
	 <city>Federal Way</city> 
	 <province>Washington</province> 
	 <country>US</country> 
	 </user> 
<date>1213028340</date> 
 <body>It probably means that as a sovereign nation, the US doesn't have to submit to someone elses new world order; especially when it sets itself against the interests of this sovereign nation.  After all, these organizations are cheap and shoddy, and lacking gravitas.  You know, kind of like the U.N. only worse.</body> 
 </post> 
<post id= "MS_8865_44403535"> 
<user id ="MS_5132310"> 
	 <username>Jason</username> 
	 <sex>M</sex> 
	 <age>33</age> 
	 <city>DALLAS</city> 
	 <province>Texas</province> 
	 <country>US</country> 
	 </user> 
<date>1213030080</date> 
 <body>Good to hear this. The Human Rights Council is a sham. They can't seem to decide if the situation in Darfur is genocide, but they are certainly quick to condemn Denmark for thought-crime violations for the Muhammed cartoons.</body> 
 </post> 
<post id= "MS_8865_44408749"> 
<user id ="MS_352015575"> 
	 <username>Patrick</username> 
	 <sex>M</sex> 
	 <age>46</age> 
	 <city>Federal Way</city> 
	 <province>Washington</province> 
	 <country>US</country> 
	 </user> 
<date>1213036080</date> 
 <body> That's why the Bush administration decided to "go it alone" in Iraq, instead of sitting around with the lazy asses aka the UN "Security" Council.  If those guys had brains, they'd take em' out and play with em'.</body> 
 </post> 
<post id= "MS_8865_44410181"> 
<user id ="MS_20526400"> 
	 <username>Alfred B...With no regard for human life!</username> 
	 <sex>M</sex> 
	 <age>29</age> 
	 <city>SJC-Central Ghetto/La Porte</city> 
	 <province>Texas</province> 
	 <country>US</country> 
	 </user> 
<date>1213037580</date> 
 <body>China, Pakistan, and Saudi Arabia are in the Human Wrongs Council.  That tells me nothing right there.</body> 
 </post> 
<post id= "MS_8865_44412796"> 
<user id ="MS_352015575"> 
	 <username>Patrick</username> 
	 <sex>M</sex> 
	 <age>46</age> 
	 <city>Federal Way</city> 
	 <province>Washington</province> 
	 <country>US</country> 
	 </user> 
<date>1213041000</date> 
 <body> Except that there should be a sitcom about it.</body> 
 </post> 
<post id= "MS_8865_44417805"> 
<user id ="MS_381973172"> 
	 <username>AnArtistFormerlyCalled</username> 
	 <sex>M</sex> 
	 <age>98</age> 
	 <city>BERKELEY</city> 
	 <province>California</province> 
	 <country>US</country> 
	 </user> 
<date>1213048200</date> 
 <body>the US is illegally holding thousands of "suspected terrorists" in secret foreign prisons and in the holds of about 15 to 17 US military sea vessels. Bush and Cheney are war criminals. They came into office with the idea of conquering the middle east and handing over all the oil rights to multinational oil corporations and destroy anyone who'd get in their way. The US right now is the biggest threat in the world to human rights.</body> 
 </post> 
<post id= "MS_8865_44422710"> 
<user id ="MS_262684198"> 
	 <username>Peg</username> 
	 <sex>F</sex> 
	 <age>50</age> 
	 <city>Roanoke</city> 
	 <province>Virginia</province> 
	 <country>US</country> 
	 </user> 
<date>1213060140</date> 
 <body>  better to be just war criminals than to be war criminals and hypocrits also??  they did the right thing...if they don't plan on honoring all these past treaties and such, they need to just pull out of them... hopefully an administration in the future will work to restore all the damage this administration has done.</body> 
 </post> 
<post id= "MS_8865_44426848"> 
<user id ="MS_378678777"> 
	 <username>2000man</username> 
	 <sex>M</sex> 
	 <age>52</age> 
	 <city>Tucker</city> 
	 <province>Georgia</province> 
	 <country>US</country> 
	 </user> 
<date>1213072740</date> 
 <body>  It's called common decency. No need to attach "We are the world" to it. But is something we do not possess anymore.</body> 
 </post> 
</posts>