<?xml version="1.0" encoding="UTF-8"?> 
 <posts> 
<post id= "MS_28354_44761080"> 
<user id ="MS_284857110"> 
	 <username>dep</username> 
	 <sex>M</sex> 
	 <age>99</age> 
	 <city>Where the Horny Girls Aren't.</city> 
	 <province>Florida</province> 
	 <country>US</country> 
	 </user> 
<date>1213586040</date> 
 <body>  If she had a few more pounds on her, she would be something.  No ass = serious loss of points!   </body> 
 </post> 
<post id= "MS_28354_44763519"> 
<user id ="MS_98732888"> 
	 <username>Cynthia</username> 
	 <sex>F</sex> 
	 <age>33</age> 
	 <city>CASSADAGA</city> 
	 <province>NEW YORK</province> 
	 <country>US</country> 
	 </user> 
<date>1213591620</date> 
 <body>Megan Fox is sooo hot!! She's been named the most beautiful woman alive by FHM. Megan hired a personal trainer that comes to her three times a week. An article at  Project Weight Loss says she's lazy and hates to workout.</body> 
 </post> 
<post id= "MS_28354_44786933"> 
<user id ="MS_147109427"> 
	 <username>merLin The Magnificent</username> 
	 <sex>M</sex> 
	 <age>31</age> 
	 <city>the land of make believe</city> 
	 <province>California</province> 
	 <country>US</country> 
	 </user> 
<date>1213620420</date> 
 <body>  uh-oh, you know what that means...give her 10 yrs. and...</body> 
 </post> 
<post id= "MS_28354_44842256"> 
<user id ="MS_116809562"> 
	 <username>Kattty</username> 
	 <sex>F</sex> 
	 <age>99</age> 
	 <city>Mounty County</city> 
	 <province>New South Wales</province> 
	 <country>AU</country> 
	 </user> 
<date>1213716540</date> 
 <body>I hear she has a foot for a hand.</body> 
 </post> 
<post id= "MS_28354_44851239"> 
<user id ="MS_197555714"> 
	 <username>electro-fornicated noizeToaster</username> 
	 <sex>M</sex> 
	 <age>108</age> 
	 <city>The Valley of Doll Meat</city> 
	 <province>New York</province> 
	 <country>US</country> 
	 </user> 
<date>1213727580</date> 
 <body></body> 
 </post> 
<post id= "MS_28354_44851360"> 
<user id ="MS_197555714"> 
	 <username>electro-fornicated noizeToaster</username> 
	 <sex>M</sex> 
	 <age>108</age> 
	 <city>The Valley of Doll Meat</city> 
	 <province>New York</province> 
	 <country>US</country> 
	 </user> 
<date>1213727700</date> 
 <body></body> 
 </post> 
<post id= "MS_28354_44854682"> 
<user id ="MS_360562801"> 
	 <username>asmo</username> 
	 <sex>F</sex> 
	 <age>16</age> 
	 <city>Santa Destroy</city> 
	 <province>California</province> 
	 <country>US</country> 
	 </user> 
<date>1213731180</date> 
 <body>  Not enough, you gotta bring something else to the table besides looking good.</body> 
 </post> 
<post id= "MS_28354_44854852"> 
<user id ="MS_265130341"> 
	 <username>Jigsaws Apprentice</username> 
	 <sex>M</sex> 
	 <age>18</age> 
	 <city>Michigan</city> 
	 <province></province> 
	 <country>US</country> 
	 </user> 
<date>1213731360</date> 
 <body>shes talented and is a good actress</body> 
 </post> 
<post id= "MS_28354_44856458"> 
<user id ="MS_156885605"> 
	 <username>Kel</username> 
	 <sex>F</sex> 
	 <age>28</age> 
	 <city>Tennessee</city> 
	 <province></province> 
	 <country>US</country> 
	 </user> 
<date>1213733040</date> 
 <body>If I weren't straight, she'd be the girl I wrote songs about. If I were a lesbian. And if I wrote songs.</body> 
 </post> 
<post id= "MS_28354_44868233"> 
<user id ="MS_147109427"> 
	 <username>merLin The Magnificent</username> 
	 <sex>M</sex> 
	 <age>31</age> 
	 <city>the land of make believe</city> 
	 <province>California</province> 
	 <country>US</country> 
	 </user> 
<date>1213753140</date> 
 <body>  you're not saying that because she's one of the few people that can play soccer and not get called penalties for using her hands, right?</body> 
 </post> 
</posts>