<?xml version="1.0" encoding="UTF-8"?> 
 <posts> 
<post id= "MS_28354_44683767"> 
<user id ="MS_281376640"> 
	 <username>Chris</username> 
	 <sex>M</sex> 
	 <age>24</age> 
	 <city>New Hampshire</city> 
	 <province></province> 
	 <country>US</country> 
	 </user> 
<date>1213454640</date> 
 <body>Great. Thanks a lot, guys. Now I'm going to have to jerk off before I can even begin to concentrate on anything constructive.</body> 
 </post> 
<post id= "MS_28354_44713048"> 
<user id ="MS_147109427"> 
	 <username>merLin The Magnificent</username> 
	 <sex>M</sex> 
	 <age>31</age> 
	 <city>the land of make believe</city> 
	 <province>California</province> 
	 <country>US</country> 
	 </user> 
<date>1213508700</date> 
 <body>she doesn't do it for me on a count that she has toes for thumbs.</body> 
 </post> 
<post id= "MS_28354_44713379"> 
<user id ="MS_53070853"> 
	 <username>Larry</username> 
	 <sex>M</sex> 
	 <age>34</age> 
	 <city>COCOA</city> 
	 <province>Florida</province> 
	 <country>US</country> 
	 </user> 
<date>1213509360</date> 
 <body>Can you believe they had Lohan a top 10, and Megan only like 16, on their top 100 sexiest women's list this year??!!  That's a bunch of BS there.  Maximum magazine.</body> 
 </post> 
<post id= "MS_28354_44713427"> 
<user id ="MS_53070853"> 
	 <username>Larry</username> 
	 <sex>M</sex> 
	 <age>34</age> 
	 <city>COCOA</city> 
	 <province>Florida</province> 
	 <country>US</country> 
	 </user> 
<date>1213509480</date> 
 <body>Last year's winner was Scarlet Johanson. I forgot who this year's was.  I picked Megan to be #1 this year, hands down.</body> 
 </post> 
<post id= "MS_28354_44713688"> 
<user id ="MS_147109427"> 
	 <username>merLin The Magnificent</username> 
	 <sex>M</sex> 
	 <age>31</age> 
	 <city>the land of make believe</city> 
	 <province>California</province> 
	 <country>US</country> 
	 </user> 
<date>1213510080</date> 
 <body>  i bet it was because of her thumbs.</body> 
 </post> 
<post id= "MS_28354_44734794"> 
<user id ="MS_281376640"> 
	 <username>Chris</username> 
	 <sex>M</sex> 
	 <age>24</age> 
	 <city>New Hampshire</city> 
	 <province></province> 
	 <country>US</country> 
	 </user> 
<date>1213539900</date> 
 <body> Why the hell are you looking at her thumbs? I didn't even notice she had thumbs!</body> 
 </post> 
<post id= "MS_28354_44735129"> 
<user id ="MS_5604765"> 
	 <username>asmo</username> 
	 <sex>M</sex> 
	 <age>104</age> 
	 <city>CALIFORNIA</city> 
	 <province></province> 
	 <country>US</country> 
	 </user> 
<date>1213540380</date> 
 <body>Does she do anything cool or is she just something to look at?   Takes a lot to impress me these days</body> 
 </post> 
<post id= "MS_28354_44740445"> 
<user id ="MS_103342454"> 
	 <username>Heidi</username> 
	 <sex>F</sex> 
	 <age>33</age> 
	 <city>Tampa</city> 
	 <province>Florida</province> 
	 <country>US</country> 
	 </user> 
<date>1213547580</date> 
 <body>  No, not really.. She's just stunningly beautiful.</body> 
 </post> 
<post id= "MS_28354_44756931"> 
<user id ="MS_147109427"> 
	 <username>merLin The Magnificent</username> 
	 <sex>M</sex> 
	 <age>31</age> 
	 <city>the land of make believe</city> 
	 <province>California</province> 
	 <country>US</country> 
	 </user> 
<date>1213572900</date> 
 <body>   sorry but nowadays, when i look at a girl i usually look past the head, she doesn't have much of an ass either; it's a bit flat if you ask me. i look at a girl from head to toe, but i guess in her case i would have to stop at her hands. (rim shot)</body> 
 </post> 
<post id= "MS_28354_44758349"> 
<user id ="MS_127060745"> 
	 <username>DeeJaybambam</username> 
	 <sex>M</sex> 
	 <age>26</age> 
	 <city>las vegas</city> 
	 <province>NEVADA</province> 
	 <country>US</country> 
	 </user> 
<date>1213577040</date> 
 <body>Overrated put some meat on her. Plus she's got tatto's of her mans name on her not to smart either...</body> 
 </post> 
</posts>