<?xml version="1.0" encoding="UTF-8"?> 
 <posts> 
<post id= "MS_28354_44672192"> 
<user id ="MS_43445330"> 
	 <username>ç¸ç¶ è©²æ­» RANDOM</username> 
	 <sex>M</sex> 
	 <age>26</age> 
	 <city>FORT WORTH</city> 
	 <province>Texas</province> 
	 <country>US</country> 
	 </user> 
<date>1213438980</date> 
 <body></body> 
 </post> 
<post id= "MS_28354_44672567"> 
<user id ="MS_117412665"> 
	 <username>The Ninja formerly known as James</username> 
	 <sex>M</sex> 
	 <age>32</age> 
	 <city>BELLEVUE</city> 
	 <province>NEBRASKA</province> 
	 <country>US</country> 
	 </user> 
<date>1213439520</date> 
 <body></body> 
 </post> 
<post id= "MS_28354_44672648"> 
<user id ="MS_43445330"> 
	 <username>ç¸ç¶ è©²æ­» RANDOM</username> 
	 <sex>M</sex> 
	 <age>26</age> 
	 <city>FORT WORTH</city> 
	 <province>Texas</province> 
	 <country>US</country> 
	 </user> 
<date>1213439640</date> 
 <body></body> 
 </post> 
<post id= "MS_28354_44672943"> 
<user id ="MS_2278378"> 
	 <username>Surf</username> 
	 <sex>M</sex> 
	 <age>27</age> 
	 <city>Riverside (No Longer San Diego :(</city> 
	 <province>California</province> 
	 <country>US</country> 
	 </user> 
<date>1213440060</date> 
 <body> </body> 
 </post> 
<post id= "MS_28354_44673025"> 
<user id ="MS_43445330"> 
	 <username>ç¸ç¶ è©²æ­» RANDOM</username> 
	 <sex>M</sex> 
	 <age>26</age> 
	 <city>FORT WORTH</city> 
	 <province>Texas</province> 
	 <country>US</country> 
	 </user> 
<date>1213440120</date> 
 <body></body> 
 </post> 
<post id= "MS_28354_44673151"> 
<user id ="MS_2278378"> 
	 <username>Surf</username> 
	 <sex>M</sex> 
	 <age>27</age> 
	 <city>Riverside (No Longer San Diego :(</city> 
	 <province>California</province> 
	 <country>US</country> 
	 </user> 
<date>1213440300</date> 
 <body>Running out of good ones...She hasn't done a lot of stuff.</body> 
 </post> 
<post id= "MS_28354_44673172"> 
<user id ="MS_15274787"> 
	 <username>McGinty</username> 
	 <sex>M</sex> 
	 <age>40</age> 
	 <city>Queens</city> 
	 <province>NEW YORK</province> 
	 <country>US</country> 
	 </user> 
<date>1213440360</date> 
 <body>OK, I get it, she looks like a porn star...  but can she act?</body> 
 </post> 
<post id= "MS_28354_44673289"> 
<user id ="MS_2278378"> 
	 <username>Surf</username> 
	 <sex>M</sex> 
	 <age>27</age> 
	 <city>Riverside (No Longer San Diego :(</city> 
	 <province>California</province> 
	 <country>US</country> 
	 </user> 
<date>1213440540</date> 
 <body>  NOPE!</body> 
 </post> 
<post id= "MS_28354_44673354"> 
<user id ="MS_43445330"> 
	 <username>ç¸ç¶ è©²æ­» RANDOM</username> 
	 <sex>M</sex> 
	 <age>26</age> 
	 <city>FORT WORTH</city> 
	 <province>Texas</province> 
	 <country>US</country> 
	 </user> 
<date>1213440600</date> 
 <body>  Who cares, she's great eye candy.</body> 
 </post> 
<post id= "MS_28354_44673431"> 
<user id ="MS_15274787"> 
	 <username>McGinty</username> 
	 <sex>M</sex> 
	 <age>40</age> 
	 <city>Queens</city> 
	 <province>NEW YORK</province> 
	 <country>US</country> 
	 </user> 
<date>1213440720</date> 
 <body>I understand....just like Jessica Alba.</body> 
 </post> 
</posts>