<?xml version="1.0" encoding="UTF-8"?> 
 <posts> 
<post id= "MS_28354_44672943"> 
<user id ="MS_2278378"> 
	 <username>Surf</username> 
	 <sex>M</sex> 
	 <age>27</age> 
	 <city>Riverside (No Longer San Diego :(</city> 
	 <province>California</province> 
	 <country>US</country> 
	 </user> 
<date>1213440060</date> 
 <body> </body> 
 </post> 
<post id= "MS_28354_44673025"> 
<user id ="MS_43445330"> 
	 <username>ç¸ç¶ è©²æ­» RANDOM</username> 
	 <sex>M</sex> 
	 <age>26</age> 
	 <city>FORT WORTH</city> 
	 <province>Texas</province> 
	 <country>US</country> 
	 </user> 
<date>1213440120</date> 
 <body></body> 
 </post> 
<post id= "MS_28354_44673151"> 
<user id ="MS_2278378"> 
	 <username>Surf</username> 
	 <sex>M</sex> 
	 <age>27</age> 
	 <city>Riverside (No Longer San Diego :(</city> 
	 <province>California</province> 
	 <country>US</country> 
	 </user> 
<date>1213440300</date> 
 <body>Running out of good ones...She hasn't done a lot of stuff.</body> 
 </post> 
<post id= "MS_28354_44673172"> 
<user id ="MS_15274787"> 
	 <username>McGinty</username> 
	 <sex>M</sex> 
	 <age>40</age> 
	 <city>Queens</city> 
	 <province>NEW YORK</province> 
	 <country>US</country> 
	 </user> 
<date>1213440360</date> 
 <body>OK, I get it, she looks like a porn star...  but can she act?</body> 
 </post> 
<post id= "MS_28354_44673289"> 
<user id ="MS_2278378"> 
	 <username>Surf</username> 
	 <sex>M</sex> 
	 <age>27</age> 
	 <city>Riverside (No Longer San Diego :(</city> 
	 <province>California</province> 
	 <country>US</country> 
	 </user> 
<date>1213440540</date> 
 <body>  NOPE!</body> 
 </post> 
<post id= "MS_28354_44673354"> 
<user id ="MS_43445330"> 
	 <username>ç¸ç¶ è©²æ­» RANDOM</username> 
	 <sex>M</sex> 
	 <age>26</age> 
	 <city>FORT WORTH</city> 
	 <province>Texas</province> 
	 <country>US</country> 
	 </user> 
<date>1213440600</date> 
 <body>  Who cares, she's great eye candy.</body> 
 </post> 
<post id= "MS_28354_44673431"> 
<user id ="MS_15274787"> 
	 <username>McGinty</username> 
	 <sex>M</sex> 
	 <age>40</age> 
	 <city>Queens</city> 
	 <province>NEW YORK</province> 
	 <country>US</country> 
	 </user> 
<date>1213440720</date> 
 <body>I understand....just like Jessica Alba.</body> 
 </post> 
<post id= "MS_28354_44673464"> 
<user id ="MS_2278378"> 
	 <username>Surf</username> 
	 <sex>M</sex> 
	 <age>27</age> 
	 <city>Riverside (No Longer San Diego :(</city> 
	 <province>California</province> 
	 <country>US</country> 
	 </user> 
<date>1213440720</date> 
 <body>  Exactly.</body> 
 </post> 
<post id= "MS_28354_44673523"> 
<user id ="MS_43445330"> 
	 <username>ç¸ç¶ è©²æ­» RANDOM</username> 
	 <sex>M</sex> 
	 <age>26</age> 
	 <city>FORT WORTH</city> 
	 <province>Texas</province> 
	 <country>US</country> 
	 </user> 
<date>1213440840</date> 
 <body>  Exactly, she would've of been great in the silent films era.</body> 
 </post> 
<post id= "MS_28354_44683767"> 
<user id ="MS_281376640"> 
	 <username>Chris</username> 
	 <sex>M</sex> 
	 <age>24</age> 
	 <city>New Hampshire</city> 
	 <province></province> 
	 <country>US</country> 
	 </user> 
<date>1213454640</date> 
 <body>Great. Thanks a lot, guys. Now I'm going to have to jerk off before I can even begin to concentrate on anything constructive.</body> 
 </post> 
</posts>