<?xml version="1.0" encoding="UTF-8"?> 
 <posts> 
<post id= "MS_28354_44673431"> 
<user id ="MS_15274787"> 
	 <username>McGinty</username> 
	 <sex>M</sex> 
	 <age>40</age> 
	 <city>Queens</city> 
	 <province>NEW YORK</province> 
	 <country>US</country> 
	 </user> 
<date>1213440720</date> 
 <body>I understand....just like Jessica Alba.</body> 
 </post> 
<post id= "MS_28354_44673464"> 
<user id ="MS_2278378"> 
	 <username>Surf</username> 
	 <sex>M</sex> 
	 <age>27</age> 
	 <city>Riverside (No Longer San Diego :(</city> 
	 <province>California</province> 
	 <country>US</country> 
	 </user> 
<date>1213440720</date> 
 <body>  Exactly.</body> 
 </post> 
<post id= "MS_28354_44673523"> 
<user id ="MS_43445330"> 
	 <username>ç¸ç¶ è©²æ­» RANDOM</username> 
	 <sex>M</sex> 
	 <age>26</age> 
	 <city>FORT WORTH</city> 
	 <province>Texas</province> 
	 <country>US</country> 
	 </user> 
<date>1213440840</date> 
 <body>  Exactly, she would've of been great in the silent films era.</body> 
 </post> 
<post id= "MS_28354_44683767"> 
<user id ="MS_281376640"> 
	 <username>Chris</username> 
	 <sex>M</sex> 
	 <age>24</age> 
	 <city>New Hampshire</city> 
	 <province></province> 
	 <country>US</country> 
	 </user> 
<date>1213454640</date> 
 <body>Great. Thanks a lot, guys. Now I'm going to have to jerk off before I can even begin to concentrate on anything constructive.</body> 
 </post> 
<post id= "MS_28354_44713048"> 
<user id ="MS_147109427"> 
	 <username>merLin The Magnificent</username> 
	 <sex>M</sex> 
	 <age>31</age> 
	 <city>the land of make believe</city> 
	 <province>California</province> 
	 <country>US</country> 
	 </user> 
<date>1213508700</date> 
 <body>she doesn't do it for me on a count that she has toes for thumbs.</body> 
 </post> 
<post id= "MS_28354_44713379"> 
<user id ="MS_53070853"> 
	 <username>Larry</username> 
	 <sex>M</sex> 
	 <age>34</age> 
	 <city>COCOA</city> 
	 <province>Florida</province> 
	 <country>US</country> 
	 </user> 
<date>1213509360</date> 
 <body>Can you believe they had Lohan a top 10, and Megan only like 16, on their top 100 sexiest women's list this year??!!  That's a bunch of BS there.  Maximum magazine.</body> 
 </post> 
<post id= "MS_28354_44713427"> 
<user id ="MS_53070853"> 
	 <username>Larry</username> 
	 <sex>M</sex> 
	 <age>34</age> 
	 <city>COCOA</city> 
	 <province>Florida</province> 
	 <country>US</country> 
	 </user> 
<date>1213509480</date> 
 <body>Last year's winner was Scarlet Johanson. I forgot who this year's was.  I picked Megan to be #1 this year, hands down.</body> 
 </post> 
<post id= "MS_28354_44713688"> 
<user id ="MS_147109427"> 
	 <username>merLin The Magnificent</username> 
	 <sex>M</sex> 
	 <age>31</age> 
	 <city>the land of make believe</city> 
	 <province>California</province> 
	 <country>US</country> 
	 </user> 
<date>1213510080</date> 
 <body>  i bet it was because of her thumbs.</body> 
 </post> 
<post id= "MS_28354_44734794"> 
<user id ="MS_281376640"> 
	 <username>Chris</username> 
	 <sex>M</sex> 
	 <age>24</age> 
	 <city>New Hampshire</city> 
	 <province></province> 
	 <country>US</country> 
	 </user> 
<date>1213539900</date> 
 <body> Why the hell are you looking at her thumbs? I didn't even notice she had thumbs!</body> 
 </post> 
<post id= "MS_28354_44735129"> 
<user id ="MS_5604765"> 
	 <username>asmo</username> 
	 <sex>M</sex> 
	 <age>104</age> 
	 <city>CALIFORNIA</city> 
	 <province></province> 
	 <country>US</country> 
	 </user> 
<date>1213540380</date> 
 <body>Does she do anything cool or is she just something to look at?   Takes a lot to impress me these days</body> 
 </post> 
</posts>