<?xml version="1.0" encoding="UTF-8"?> 
 <posts> 
<post id= "MS_13019_41062552"> 
<user id ="MS_124878143"> 
	 <username>Joe©</username> 
	 <sex>M</sex> 
	 <age>34</age> 
	 <city>MOUNT PLEASANT</city> 
	 <province>Michigan</province> 
	 <country>US</country> 
	 </user> 
<date>1207549680</date> 
 <body>  That doesn't surprise me.</body> 
 </post> 
<post id= "MS_13019_41063109"> 
<user id ="MS_270322919"> 
	 <username>*Wendy*</username> 
	 <sex>F</sex> 
	 <age>35</age> 
	 <city>TUCSON</city> 
	 <province>Arizona</province> 
	 <country>US</country> 
	 </user> 
<date>1207550640</date> 
 <body> Crap! That's scary!  Tens of Thousands Affected In 1996, Aslin requested his files (to which he was entitled under the Public Information Act) and learned for the first time how the authorities had justified the forced sterilizations. "They termed us feeble-minded idiots, and wrote that our children would be like us or even worse," he declares. He was so infuriated at the insult that he filed suit against the state of Michigan, seeking compensation. His claim was turned down last March because the statute of limitations had expired. But Aslin intends to fight on. If a higher court accepts his appeal, the consequences could be far-reaching. For Fred Aslin and his siblings were not an isolated case.  From 1907 onward, at least 60,000 Americans were sterilized against their will. The legal basis for these forced sterilizations was provided by so-called eugenics laws. Most compulsory sterilizations occurred in the 1930s and '40s, but some states, such as Virginia, continued the practice until the late 1970s. Most of the victims were poor and members of minorities, and none of them received compensation, according to Paul Lombardo, professor of law and bioethics at the University of Virginia. A Strong Eugenics Movement in the USA It is not widely known that there was a strong eugenics movement not only in Germany, but in the USA as well. The doctrine, hatched in the second half of the 19th century, combined elements of social Darwinism with the Mendelian theory of heredity. Its advocates pushed for perfecting the human "gene pool" by influencing the reproductive process. Their ongoing attempts at achieving a "perfect" society included aggressive - and in the case of the Nazis, murderous - actions against marginal groups and minorities.  American scientists played a vanguard role in the eugenics movement, which also had its supporters in Scandinavia, Latin America and Japan. U.S. biologists like Charles B. Davenport and Harry H. Laughlin advocated keeping the "Anglo-American race" pure. Their premise was that most ailments, as well as such social problems as poverty and criminality, were hereditary in nature. Therefore persons with a "good genetic makeup" should be encouraged to have families, while "inferior" people of allegedly poor genetic stock should be prevented from reproducing. Among those people regarded as inferior were epileptics, manic-depressives, prostitutes, alcoholics, the homeless and criminals. Under the eugenics laws, people who came to the negative attention of the social authorities could be branded as "feeble-minded" by court order and legally forced to undergo steriliziation. A Model for the Nazis By the early 1930s, some 30 American states had adopted eugenics laws. Most of them were modeled after the law which Harry H. Laughlin had drafted for the state of Virginia in 1924. That legislation found emulators outside the United States too. For example, it served Germany's National Socialists as a model for their 1933 "Law for Protection Against Genetically Defective Offspring," on the basis of which at least 400,000 men and women were forcibly sterilized. More than 200,000 handicapped or allegedly handicapped people were also murdered by the Nazis. The University of Heidelberg was apparently so grateful to eugenicist Laughlin that it awarded him an honorary doctorate in 1936 for his "services on behalf of racial hygiene."  In 1927, the U.S. Supreme Court affirmed the constitutionality of Virginia's sterilization law. This was followed by a swift rise in the number of forced sterilizations in the United States. American eugenicists also pushed for anti-immigration measures and stricter laws to prevent racially mixed marriages. In a speech to the U.S. Congress, Laughlin had argued that "morally and intellectually inferior" immigrants from eastern and southern Europe were polluting America's genetic potential. The 1924 Immigration Restriction Act reduced by two thirds the immigration quotas for people from those parts of Europe. In signing the new law, President Calvin Coolidge said: "America must remain American." Pseudo-Science at Universities For a time, the doctrine of eugenics exerted considerable influence on American society. Based largely on political and social prejudices, the pseudo-science was taught at schools and universities. Leading institutions, such as Harvard, Cornell and Columbia, offered courses in eugenics. Prominent industrialists like cornflakes magnate J. H. Kellogg supported the creation of eugenics groups and organizations. So-called fitter family contests were held at country fairs, with citizens parading their "good genes." Movies like "The Black Stork" propagated eugenic sterilization.  During the 1940s, however, the theory of eugenics came under increasing criticism because of its racial prejudices and its lack of scientific foundation. Most American sterilization laws were abandoned during the 1950s. In 1980, former psychiatric patients who had been forced into sterilization banded together for a class-action suit, demanding compensation from the state of Virginia. But a federal judge rejected their suit on the grounds that the U.S. Supreme Court had affirmed the constitutionality of sterilization back in 1927. That Supreme Court ruling was never fought, even in subsequent years. As a result, future damage claims have little prospect of success. And the victims of eugenic forced sterilization have no lobbying power to achieve out-of-court settlements.  Two current exhibits are attempting to shed light on this repressed chapter of American history. The Jewish Federation of Los Angeles, in cooperation with the Goethe Institute, is showing an exhibition of photographs and documents titled "Polluting the Pure." And the Cold Springs Harbor Laboratory, a genetics research institute in the state of New York, is featuring an online exhibit on the history of the American eugenics movement.* Between 1910 and 1940, the venerable Cold Springs Harbor Laboratory on Long Island housed the Eugenics Record Office, the central research facility of the American eugenics movement. Most of the exhibit's 1,200 documents come from its archives.  * http://vector.cshl.org/eugenics/</body> 
 </post> 
<post id= "MS_13019_41063643"> 
<user id ="MS_270322919"> 
	 <username>*Wendy*</username> 
	 <sex>F</sex> 
	 <age>35</age> 
	 <city>TUCSON</city> 
	 <province>Arizona</province> 
	 <country>US</country> 
	 </user> 
<date>1207551480</date> 
 <body> I'm all for forcing people who have kids and can't take care of them or their pregancy to be sterilized. Or for people who use abortion as a BC method. In theory I'm all for it, in reality, how often is there 7 or 8 kids? At what point do we take away that choice? 2 kids, 3 kids.</body> 
 </post> 
<post id= "MS_13019_41064095"> 
<user id ="MS_241778562"> 
	 <username>Terrance</username> 
	 <sex>M</sex> 
	 <age>29</age> 
	 <city>SLC</city> 
	 <province>Utah</province> 
	 <country>US</country> 
	 </user> 
<date>1207552140</date> 
 <body>No. Eighth Amendment. Anything that involves forcibly altering someone's body against their will is, by my definition, cruel punishment.</body> 
 </post> 
<post id= "MS_13019_41064106"> 
<user id ="MS_93458445"> 
	 <username>Indy11</username> 
	 <sex>M</sex> 
	 <age>84</age> 
	 <city>Gotham</city> 
	 <province>New York</province> 
	 <country>US</country> 
	 </user> 
<date>1207552200</date> 
 <body>  Yeah.  It used to be done for mentally challenged who were not deemed capable of achieving adult level mental competence to be able to care for kids ... and to prevent more of the same from being born.</body> 
 </post> 
<post id= "MS_13019_41064612"> 
<user id ="MS_270322919"> 
	 <username>*Wendy*</username> 
	 <sex>F</sex> 
	 <age>35</age> 
	 <city>TUCSON</city> 
	 <province>Arizona</province> 
	 <country>US</country> 
	 </user> 
<date>1207552920</date> 
 <body>  I'm sure there's way more people do this than I'm aware. My sister had 5 kids. Cripes.  They tell you not to get preagant for at least a year after giving birth because it takes that long to replenish the nutrients you lost.  So say the woman turns her life around and has a stable home and husband, she's SOL?</body> 
 </post> 
<post id= "MS_13019_41064947"> 
<user id ="MS_184908051"> 
	 <username>pxichick69</username> 
	 <sex>F</sex> 
	 <age>50</age> 
	 <city>US</city> 
	 <province></province> 
	 <country></country> 
	 </user> 
<date>1207553400</date> 
 <body>  as maddening as some situations maybe do we really want to follow China's example or Hitler's?</body> 
 </post> 
<post id= "MS_13019_41065738"> 
<user id ="MS_184908051"> 
	 <username>pxichick69</username> 
	 <sex>F</sex> 
	 <age>50</age> 
	 <city>US</city> 
	 <province></province> 
	 <country></country> 
	 </user> 
<date>1207554720</date> 
 <body>  mandatory IUDs would be better and would cost less and aren't permanente.</body> 
 </post> 
<post id= "MS_13019_41066035"> 
<user id ="MS_3972554"> 
	 <username>~Rafeeqah BrokeBack~ Big-n-Chunky</username> 
	 <sex>F</sex> 
	 <age>38</age> 
	 <city>Depends on the day</city> 
	 <province>Florida</province> 
	 <country>US</country> 
	 </user> 
<date>1207555140</date> 
 <body>Absolutely not.</body> 
 </post> 
<post id= "MS_13019_41066228"> 
<user id ="MS_184908051"> 
	 <username>pxichick69</username> 
	 <sex>F</sex> 
	 <age>50</age> 
	 <city>US</city> 
	 <province></province> 
	 <country></country> 
	 </user> 
<date>1207555440</date> 
 <body>  Hi Raf :)  while I agree stupid ideas that go against our Constitution and Bill of Rights seems to be the order of the day.</body> 
 </post> 
</posts>