<?xml version="1.0" encoding="UTF-8"?> 
 <posts> 
<post id= "MS_13019_41064095"> 
<user id ="MS_241778562"> 
	 <username>Terrance</username> 
	 <sex>M</sex> 
	 <age>29</age> 
	 <city>SLC</city> 
	 <province>Utah</province> 
	 <country>US</country> 
	 </user> 
<date>1207552140</date> 
 <body>No. Eighth Amendment. Anything that involves forcibly altering someone's body against their will is, by my definition, cruel punishment.</body> 
 </post> 
<post id= "MS_13019_41064106"> 
<user id ="MS_93458445"> 
	 <username>Indy11</username> 
	 <sex>M</sex> 
	 <age>84</age> 
	 <city>Gotham</city> 
	 <province>New York</province> 
	 <country>US</country> 
	 </user> 
<date>1207552200</date> 
 <body>  Yeah.  It used to be done for mentally challenged who were not deemed capable of achieving adult level mental competence to be able to care for kids ... and to prevent more of the same from being born.</body> 
 </post> 
<post id= "MS_13019_41064612"> 
<user id ="MS_270322919"> 
	 <username>*Wendy*</username> 
	 <sex>F</sex> 
	 <age>35</age> 
	 <city>TUCSON</city> 
	 <province>Arizona</province> 
	 <country>US</country> 
	 </user> 
<date>1207552920</date> 
 <body>  I'm sure there's way more people do this than I'm aware. My sister had 5 kids. Cripes.  They tell you not to get preagant for at least a year after giving birth because it takes that long to replenish the nutrients you lost.  So say the woman turns her life around and has a stable home and husband, she's SOL?</body> 
 </post> 
<post id= "MS_13019_41064947"> 
<user id ="MS_184908051"> 
	 <username>pxichick69</username> 
	 <sex>F</sex> 
	 <age>50</age> 
	 <city>US</city> 
	 <province></province> 
	 <country></country> 
	 </user> 
<date>1207553400</date> 
 <body>  as maddening as some situations maybe do we really want to follow China's example or Hitler's?</body> 
 </post> 
<post id= "MS_13019_41065738"> 
<user id ="MS_184908051"> 
	 <username>pxichick69</username> 
	 <sex>F</sex> 
	 <age>50</age> 
	 <city>US</city> 
	 <province></province> 
	 <country></country> 
	 </user> 
<date>1207554720</date> 
 <body>  mandatory IUDs would be better and would cost less and aren't permanente.</body> 
 </post> 
<post id= "MS_13019_41066035"> 
<user id ="MS_3972554"> 
	 <username>~Rafeeqah BrokeBack~ Big-n-Chunky</username> 
	 <sex>F</sex> 
	 <age>38</age> 
	 <city>Depends on the day</city> 
	 <province>Florida</province> 
	 <country>US</country> 
	 </user> 
<date>1207555140</date> 
 <body>Absolutely not.</body> 
 </post> 
<post id= "MS_13019_41066228"> 
<user id ="MS_184908051"> 
	 <username>pxichick69</username> 
	 <sex>F</sex> 
	 <age>50</age> 
	 <city>US</city> 
	 <province></province> 
	 <country></country> 
	 </user> 
<date>1207555440</date> 
 <body>  Hi Raf :)  while I agree stupid ideas that go against our Constitution and Bill of Rights seems to be the order of the day.</body> 
 </post> 
<post id= "MS_13019_41067462"> 
<user id ="MS_13948944"> 
	 <username>Nadya the Mexifail</username> 
	 <sex>F</sex> 
	 <age>21</age> 
	 <city>So not heading to the hills...DENIED!</city> 
	 <province>Texas</province> 
	 <country>US</country> 
	 </user> 
<date>1207557300</date> 
 <body>Didn't the American government sterilize Native Americans as late as the 1970s?</body> 
 </post> 
<post id= "MS_13019_41067491"> 
<user id ="MS_184908051"> 
	 <username>pxichick69</username> 
	 <sex>F</sex> 
	 <age>50</age> 
	 <city>US</city> 
	 <province></province> 
	 <country></country> 
	 </user> 
<date>1207557360</date> 
 <body>  Intrauterine device (IUD)</body> 
 </post> 
<post id= "MS_13019_41067520"> 
<user id ="MS_184908051"> 
	 <username>pxichick69</username> 
	 <sex>F</sex> 
	 <age>50</age> 
	 <city>US</city> 
	 <province></province> 
	 <country></country> 
	 </user> 
<date>1207557420</date> 
 <body>  yes and removed children from their families.</body> 
 </post> 
</posts>