<?xml version="1.0" encoding="UTF-8"?> 
 <posts> 
<post id= "MS_9057_41527888"> 
<user id ="MS_141326081"> 
	 <username>mattie is for Ron Paul 2012</username> 
	 <sex>M</sex> 
	 <age>24</age> 
	 <city>New York</city> 
	 <province></province> 
	 <country>US</country> 
	 </user> 
<date>1208332200</date> 
 <body>   I couldnt access your link, my computer warned of 'spy site blocking'  wtf?</body> 
 </post> 
<post id= "MS_9057_41528025"> 
<user id ="MS_228999724"> 
	 <username>Green Bean</username> 
	 <sex>M</sex> 
	 <age>94</age> 
	 <city>Cultural Wasteland v. 2.0</city> 
	 <province>Missouri</province> 
	 <country>US</country> 
	 </user> 
<date>1208332380</date> 
 <body> http://forums.myspace.com/t/3892030.aspx?fuseaction=forums.viewt hread try copy and paste...</body> 
 </post> 
<post id= "MS_9057_41528385"> 
<user id ="MS_211067056"> 
	 <username>Patriot Girl/All American Woman</username> 
	 <sex>F</sex> 
	 <age>44</age> 
	 <city>Texas</city> 
	 <province></province> 
	 <country>US</country> 
	 </user> 
<date>1208332860</date> 
 <body>  I agree. This victim mentality is rampant. The govt. should not have to bail out the citizens who make irresponsible decisions.</body> 
 </post> 
<post id= "MS_9057_41528515"> 
<user id ="MS_98359826"> 
	 <username>Laureen</username> 
	 <sex>F</sex> 
	 <age>44</age> 
	 <city>Pennsylvania</city> 
	 <province></province> 
	 <country>US</country> 
	 </user> 
<date>1208333040</date> 
 <body>Me too! Its just a big scare tactic by the dems to sell their platform. Notice how they never give you the percentages of those that are in foreclosure? Thats because the last report that came out I think was at 5%!!! So 95% of people are current and paying their mortgages!</body> 
 </post> 
<post id= "MS_9057_41529181"> 
<user id ="MS_269811651"> 
	 <username>Johnny</username> 
	 <sex>M</sex> 
	 <age>54</age> 
	 <city>CHICKAMAUGA</city> 
	 <province>Georgia</province> 
	 <country>US</country> 
	 </user> 
<date>1208333820</date> 
 <body>I have one; and yes I was virtually "tricked" into it. The bank held off finallizing it until there wasn't time to protest the arrangements; and since I am always on the road I had to take what they offered. They also put a penalty for early payoff into it.  (I had taken time off to get it all done.) Hopefully I can get it all paid in 3 years, if the idiots in government don't screw things up even worse.</body> 
 </post> 
<post id= "MS_9057_41529764"> 
<user id ="MS_296912025"> 
	 <username>Mark....Back To The Doldrum Days.</username> 
	 <sex>M</sex> 
	 <age>20</age> 
	 <city>EAST MILLSBORO</city> 
	 <province>Pennsylvania</province> 
	 <country>US</country> 
	 </user> 
<date>1208334480</date> 
 <body>  Then...apparently you also disagree with McCain's position on the mortgage crisis, which makes this a moot point.</body> 
 </post> 
<post id= "MS_9057_41530701"> 
<user id ="MS_211067056"> 
	 <username>Patriot Girl/All American Woman</username> 
	 <sex>F</sex> 
	 <age>44</age> 
	 <city>Texas</city> 
	 <province></province> 
	 <country>US</country> 
	 </user> 
<date>1208335620</date> 
 <body>  Good luck with that, makes it hard for you to refinance doesn't it?</body> 
 </post> 
<post id= "MS_9057_41535264"> 
<user id ="MS_335313387"> 
	 <username>Ryan</username> 
	 <sex>M</sex> 
	 <age>23</age> 
	 <city>EUGENE</city> 
	 <province>Oregon</province> 
	 <country>US</country> 
	 </user> 
<date>1208340960</date> 
 <body>People making the loans should take a hit in the form of defaults and bankruptcies, aka non-repayments for making bad loans, and not having decent underwriting and actuary work done. People taking the loans should lose their houses, plain and simple.</body> 
 </post> 
<post id= "MS_9057_41535445"> 
<user id ="MS_335313387"> 
	 <username>Ryan</username> 
	 <sex>M</sex> 
	 <age>23</age> 
	 <city>EUGENE</city> 
	 <province>Oregon</province> 
	 <country>US</country> 
	 </user> 
<date>1208341200</date> 
 <body>  5% on current reports, which is no small number. Plus, you have credit cards up, which suggests some might be financing their mortgages with credit cards, which is going to be another credit bubble. I wouldn't be in huzzah! mode just yet, we are barely out of the first quarter yet, and things could get worse.</body> 
 </post> 
<post id= "MS_9057_41537884"> 
<user id ="MS_140886931"> 
	 <username>Ted</username> 
	 <sex>M</sex> 
	 <age>61</age> 
	 <city>Johnstown area</city> 
	 <province>PENNSYLVANIA</province> 
	 <country>US</country> 
	 </user> 
<date>1208343960</date> 
 <body> . I don't know about your case, but it takes a LONG time to finally get all the papers in order. How about other people in here who have bought a house in the last three or so years. How many times did they keep comming back and asking for MORE and MORE documentation? And how fast did your paperwork go thru? I have good credit and it still took them a LONG time to get the paperwork done. You DID have a Lawyer, (working for you) right?</body> 
 </post> 
</posts>