<?xml version="1.0" encoding="UTF-8"?> 
 <posts> 
<post id= "MS_11165_42925494"> 
<user id ="MS_164473103"> 
	 <username>Ð¨Ð°Ð³Ð¾ÑÐ¾Ð´!</username> 
	 <sex>M</sex> 
	 <age>22</age> 
	 <city>Liberty City</city> 
	 <province>New York</province> 
	 <country>US</country> 
	 </user> 
<date>1210611540</date> 
 <body>  Wait, the Iraqis (most of them) want the US to leave.  And most US troops think Iraq is a lost cause.  But you want more death.  Wow, youre pretty damn hateful.</body> 
 </post> 
<post id= "MS_11165_42925663"> 
<user id ="MS_164473103"> 
	 <username>Ð¨Ð°Ð³Ð¾ÑÐ¾Ð´!</username> 
	 <sex>M</sex> 
	 <age>22</age> 
	 <city>Liberty City</city> 
	 <province>New York</province> 
	 <country>US</country> 
	 </user> 
<date>1210611840</date> 
 <body>  And I'm sure al-Sadr loves to bathe in the blood of the slain!  Seriously, it would be in everyone's best interest if the Iraqis were just left to their own devices.</body> 
 </post> 
<post id= "MS_11165_42925789"> 
<user id ="MS_113446481"> 
	 <username>Lisa :</username> 
	 <sex>F</sex> 
	 <age>18</age> 
	 <city>Hadera (finally)</city> 
	 <province></province> 
	 <country>IL</country> 
	 </user> 
<date>1210612080</date> 
 <body>  Yes to some Iraqis, we may be terrorists and to some Iraqis we may not be. Who are you to decide that all Iraqis don't want us there? There must be some who are glad we got rid of Sadam . *This is not my personal oppinion, just common sense*  And you really don't need to swear. You keep on blabbing how you report people for saying the word "idiot" when you clearly say the F word. Twice. So I guess I should just report you for your dirty language. Hmm??  Nobody asked you to give a "s..." about us Americans. We don't need your "give a s." We have eachother, our pride, stability, and optimism. Who cares what in the world you think?  All our current government cares for is oil. All our future government will care about is God willing, Americans.  And also, those places are "s" holes to you, you probley have not visited them, thus you have no basis to call them "s" holes because you have no grounds to do so.  Andddd our country is not "f" up. Thats just what you think. And I'm sure most people could care less about wht you think when all you think is dirty words.</body> 
 </post> 
<post id= "MS_11165_42925820"> 
<user id ="MS_164473103"> 
	 <username>Ð¨Ð°Ð³Ð¾ÑÐ¾Ð´!</username> 
	 <sex>M</sex> 
	 <age>22</age> 
	 <city>Liberty City</city> 
	 <province>New York</province> 
	 <country>US</country> 
	 </user> 
<date>1210612140</date> 
 <body>Alright, I won't quote you anymore.  It doesn't seem like you have anything better to say other than insults anyway.</body> 
 </post> 
<post id= "MS_11165_42926131"> 
<user id ="MS_113446481"> 
	 <username>Lisa :</username> 
	 <sex>F</sex> 
	 <age>18</age> 
	 <city>Hadera (finally)</city> 
	 <province></province> 
	 <country>IL</country> 
	 </user> 
<date>1210612620</date> 
 <body>  My claims? You, you Y-O-U.ÃÂ  are the one who has claimed all this stuff,  "America is "f" up. "America is a terrorist" "All America cares for is Israel and KSA" (+ all the swearing included) "Iraqis dislike Americans" ( I said some, you said who am I to judge, which can be inferred as you think all)  I'm just countering what you say. SoÃÂ whatever. I'll just leave to you spew more swear words.</body> 
 </post> 
<post id= "MS_11165_42926167"> 
<user id ="MS_164473103"> 
	 <username>Ð¨Ð°Ð³Ð¾ÑÐ¾Ð´!</username> 
	 <sex>M</sex> 
	 <age>22</age> 
	 <city>Liberty City</city> 
	 <province>New York</province> 
	 <country>US</country> 
	 </user> 
<date>1210612680</date> 
 <body>Quote my bullshit then.  "Enlighten Me"</body> 
 </post> 
<post id= "MS_11165_42927355"> 
<user id ="MS_297467096"> 
	 <username>JDUB</username> 
	 <sex>M</sex> 
	 <age>28</age> 
	 <city>OKLAHOMA CITY</city> 
	 <province>Oklahoma</province> 
	 <country>US</country> 
	 </user> 
<date>1210614780</date> 
 <body> Israel has the right to defend herself...</body> 
 </post> 
<post id= "MS_11165_42935100"> 
<user id ="MS_138019879"> 
	 <username>Ehud</username> 
	 <sex>M</sex> 
	 <age>27</age> 
	 <city>Kibbutz Naan</city> 
	 <province>Central Israel</province> 
	 <country>IL</country> 
	 </user> 
<date>1210627980</date> 
 <body>Wait wait...  2 Israelies... 5 Hamas militants....  where are all the dead oppressed palestinian children and women? where are those 30 to 1 rations gone to?  *cough*  that *pop* sound was my Sarcasm'o'meter blowing off the scale...   oh, and Lisa, the US is *f* up at some things... god knows, you people elected Dubyah... TWICE</body> 
 </post> 
<post id= "MS_11165_42939853"> 
<user id ="MS_107552026"> 
	 <username>*</username> 
	 <sex>F</sex> 
	 <age>76</age> 
	 <city>GL</city> 
	 <province></province> 
	 <country></country> 
	 </user> 
<date>1210640160</date> 
 <body>  i can proudly say, I never started a thread on the I/P-conflict (can't remember anyway)</body> 
 </post> 
<post id= "MS_11165_42940103"> 
<user id ="MS_307029732"> 
	 <username>Aifo ani</username> 
	 <sex>M</sex> 
	 <age>69</age> 
	 <city>BRISTOW</city> 
	 <province>Virginia</province> 
	 <country>US</country> 
	 </user> 
<date>1210641120</date> 
 <body> Lisa:  We have been in Germany and Japan for 63 years, Korea for 58.  Do you support Obama whose foreign policy advisors are like a remake of Jimmy VCarters (except for Brezinzki who was Carter's adviosr?ÃÂ  then there is Powers, Mulloy (who resigned after it became public that he had been meeting with Hamas) and retired General Merril McPeake who blames Israel for the lack of peace.</body> 
 </post> 
</posts>