<?xml version="1.0" encoding="UTF-8"?> 
 <posts> 
<post id= "MS_29636_44013062"> 
<user id ="MS_2278378"> 
	 <username>Surf</username> 
	 <sex>M</sex> 
	 <age>27</age> 
	 <city>Riverside (No Longer San Diego :(</city> 
	 <province>California</province> 
	 <country>US</country> 
	 </user> 
<date>1212418380</date> 
 <body>  Yep, they should have went with the alternate ending if they wanted him for a sequel.</body> 
 </post> 
<post id= "MS_29636_44058872"> 
<user id ="MS_66539672"> 
	 <username>â¥Mommykinsof4â¥</username> 
	 <sex>F</sex> 
	 <age>34</age> 
	 <city>Boerne</city> 
	 <province>Texas</province> 
	 <country>US</country> 
	 </user> 
<date>1212493260</date> 
 <body>This is going to be very interesting!!  Silent Hill in my opinion was all I expected in a movie.. i have never played the games, but knew alot about the story...wonder where they are going to take this sequel!  Ace Ventura 3: oh please no!!!  The People Under The Stairs 2: wonder what made them after all these years to finally make a part 2.  The Untouchables: looking forward to this one!  Thought I heard a couple of years ago about Ghostship 2 being in post production? guess i heard wrong!</body> 
 </post> 
<post id= "MS_29636_44059076"> 
<user id ="MS_141172136"> 
	 <username>annie</username> 
	 <sex>F</sex> 
	 <age>37</age> 
	 <city>ROCKAWAY</city> 
	 <province>New York</province> 
	 <country>US</country> 
	 </user> 
<date>1212493440</date> 
 <body>every one of them a waste of film...maybe The Untouchables prequel about the rise of Capone will be good...</body> 
 </post> 
<post id= "MS_29636_44064561"> 
<user id ="MS_8135016"> 
	 <username>Jeffsta</username> 
	 <sex>M</sex> 
	 <age>22</age> 
	 <city>Fullerton</city> 
	 <province>California</province> 
	 <country>US</country> 
	 </user> 
<date>1212500160</date> 
 <body>Of those, only Toy Story 3 & Cars 2 will be worthwhile. The Untouchables? Why ruin a good thing? If it didn't work for Indiana Jones, it won't work for anything.</body> 
 </post> 
<post id= "MS_29636_44064582"> 
<user id ="MS_8135016"> 
	 <username>Jeffsta</username> 
	 <sex>M</sex> 
	 <age>22</age> 
	 <city>Fullerton</city> 
	 <province>California</province> 
	 <country>US</country> 
	 </user> 
<date>1212500220</date> 
 <body> fixed</body> 
 </post> 
<post id= "MS_29636_44078250"> 
<user id ="MS_137561496"> 
	 <username>Robert</username> 
	 <sex>M</sex> 
	 <age>62</age> 
	 <city>Stirling</city> 
	 <province>Ontario</province> 
	 <country>CA</country> 
	 </user> 
<date>1212517320</date> 
 <body>I guess the movie industry is out of ideas. The original "Italian Job" with Michael Caine and Sir Nowell Coward is still unbeatable.</body> 
 </post> 
<post id= "MS_29636_44176047"> 
<user id ="MS_363214"> 
	 <username>Jason Bâ¢</username> 
	 <sex>M</sex> 
	 <age>28</age> 
	 <city>San Diego</city> 
	 <province>California</province> 
	 <country>US</country> 
	 </user> 
<date>1212667920</date> 
 <body>Lots of them don't sound too good.. just quick ways for Hollywood to cash in</body> 
 </post> 
<post id= "MS_29636_44189801"> 
<user id ="MS_13096969"> 
	 <username>â¥ Batman The Goddamn Bounty Hunter â¥</username> 
	 <sex>F</sex> 
	 <age>25</age> 
	 <city>Connecticut</city> 
	 <province></province> 
	 <country>US</country> 
	 </user> 
<date>1212683580</date> 
 <body>Where the fuck is my cabin fever 2 sequel that's what I want to know...</body> 
 </post> 
<post id= "MS_29636_44418310"> 
<user id ="MS_17902449"> 
	 <username>Ronald mcdonald touched my no no spot</username> 
	 <sex>M</sex> 
	 <age>27</age> 
	 <city>peotone</city> 
	 <province>Illinois</province> 
	 <country>US</country> 
	 </user> 
<date>1213049040</date> 
 <body>Silent Hill I actually enjoyed the game & movie but it sucks they were saying they were gonna make the movie lead into the game.Not the new one but the older ones.They movie was just gory the game is freaky as hell well the first few.So I actually expected a horror movie not a gory movie.</body> 
 </post> 
<post id= "MS_29636_44432273"> 
<user id ="MS_66539672"> 
	 <username>â¥Mommykinsof4â¥</username> 
	 <sex>F</sex> 
	 <age>34</age> 
	 <city>Boerne</city> 
	 <province>Texas</province> 
	 <country>US</country> 
	 </user> 
<date>1213081860</date> 
 <body>   I can not believe I am about to say this, as much as I am a fan of horror, Resident Evil 3 blew chunks and for them to make a 4... oh bother.... Alien 5..wow after 2, i gave up..</body> 
 </post> 
</posts>