<?xml version="1.0" encoding="UTF-8"?> 
 <posts> 
<post id= "MS_11238_45009109"> 
<user id ="MS_149899577"> 
	 <username>Pickett: Ha-Ha I Touched Your Heart</username> 
	 <sex>M</sex> 
	 <age>26</age> 
	 <city>salem</city> 
	 <province>Massachusetts</province> 
	 <country>US</country> 
	 </user> 
<date>1213979160</date> 
 <body>  the federal or states right to interced in the improper administration of healthcare isnt political?</body> 
 </post> 
<post id= "MS_11238_45009216"> 
<user id ="MS_347006598"> 
	 <username>Cold Steal II</username> 
	 <sex>F</sex> 
	 <age>104</age> 
	 <city>CHICO</city> 
	 <province>California</province> 
	 <country>US</country> 
	 </user> 
<date>1213979340</date> 
 <body>Religious forum</body> 
 </post> 
<post id= "MS_11238_45009262"> 
<user id ="MS_149899577"> 
	 <username>Pickett: Ha-Ha I Touched Your Heart</username> 
	 <sex>M</sex> 
	 <age>26</age> 
	 <city>salem</city> 
	 <province>Massachusetts</province> 
	 <country>US</country> 
	 </user> 
<date>1213979400</date> 
 <body>i say both</body> 
 </post> 
<post id= "MS_11238_45048682"> 
<user id ="MS_373970475"> 
	 <username>Disabledcowboy</username> 
	 <sex>M</sex> 
	 <age>26</age> 
	 <city>REVERE</city> 
	 <province>Pennsylvania</province> 
	 <country>US</country> 
	 </user> 
<date>1214056500</date> 
 <body> the topic was about should or could crimanial charges be place aganist a faith healer who is also a pastor.Just becauae ur a pastors doesnt mean u can con the people and get away with it.</body> 
 </post> 
<post id= "MS_11238_45048810"> 
<user id ="MS_373970475"> 
	 <username>Disabledcowboy</username> 
	 <sex>M</sex> 
	 <age>26</age> 
	 <city>REVERE</city> 
	 <province>Pennsylvania</province> 
	 <country>US</country> 
	 </user> 
<date>1214056680</date> 
 <body> if a faith healer is a pastor of a mega church like Benny Hinm or there some street corner con artist healer should they be treated any different.</body> 
 </post> 
<post id= "MS_11238_45053346"> 
<user id ="MS_128677701"> 
	 <username>Keith</username> 
	 <sex>M</sex> 
	 <age>46</age> 
	 <city>VIRGINIA BEACH</city> 
	 <province>Virginia</province> 
	 <country>US</country> 
	 </user> 
<date>1214063520</date> 
 <body> No. Its personal choice. Your health unless it effects society (as in something highly contagious) is a personal decision. It doesnt matter if you base your chgoice on a fortune cookie. Its your life.</body> 
 </post> 
<post id= "MS_11238_45061233"> 
<user id ="MS_20526400"> 
	 <username>Alfred B...With no regard for human life!</username> 
	 <sex>M</sex> 
	 <age>29</age> 
	 <city>SJC-Central Ghetto/La Porte</city> 
	 <province>Texas</province> 
	 <country>US</country> 
	 </user> 
<date>1214076180</date> 
 <body>   No, no, no...that's not how these tele-evangelists get 100 million bones in the bank and still have the nerve to ask for donations for $36 million Gulfstream jets that cost $6000/month to maintain.  It's the stupid message of "Give a bunch of money to my ministry and you will be just as rich in return!"  The church I used to go to, which to me was quite unlistenable as the pastor's only message was about he got shot and he's now prosperous as the congregation helped him put a huge downpyment on a Lexus, was nothing but a pit stop for donations.  This was Jesse Duplantis--in trouble with eyeballers of ministry finances all over--message EVERY TIME I begrudgingly saw him.ÃÂ   "Everyone...stand up!"  "If you are debt-free....sit down!"  "Everyone else that's standing...if you want to be rich and prosper...BUY MY BOOKS!"ÃÂ  (WTF???)  After that, it was a bunch of stupid jokes that I'd heard before.  I never had the money to give and I never got the "you're blessed by what you give" mantra, because that's just wrong quite frankly, but at least my parents stopped this donation crap once I let them in on the ponzi scheme run by many of these big shots.  Benny Hinn's skank daughter gets a senior summer trip from donations...that was their sign to stop.  It's people's greed on both sides, that's all there is to that.</body> 
 </post> 
<post id= "MS_11238_45063250"> 
<user id ="MS_381973172"> 
	 <username>AnArtistFormerlyCalled</username> 
	 <sex>M</sex> 
	 <age>59</age> 
	 <city>BERKELEY</city> 
	 <province>California</province> 
	 <country>US</country> 
	 </user> 
<date>1214079180</date> 
 <body> Are you kidding? IN a religious fanatic/anti-science society like the US?  Fat chance... That's like trying to sue the US government.</body> 
 </post> 
<post id= "MS_11238_45066686"> 
<user id ="MS_191411760"> 
	 <username>Ardd0</username> 
	 <sex>M</sex> 
	 <age>50</age> 
	 <city>Washington</city> 
	 <province></province> 
	 <country>US</country> 
	 </user> 
<date>1214085120</date> 
 <body>I think if there where a statue that has criminalized stupidity in some way thereÃ¢â¬â¢s an avenue for prosecution aside from that no.  PS DonÃ¢â¬â¢t buy a Benny Hinn CD the hole heals up in a week and all youÃ¢â¬â¢re left with is a shiny $14.99 coaster.</body> 
 </post> 
<post id= "MS_11238_45078109"> 
<user id ="MS_373970475"> 
	 <username>Disabledcowboy</username> 
	 <sex>M</sex> 
	 <age>26</age> 
	 <city>REVERE</city> 
	 <province>Pennsylvania</province> 
	 <country>US</country> 
	 </user> 
<date>1214115660</date> 
 <body> but theres this little thing could states rights, in otherwords another state can tell the others to suck it lol Maybe on a state level we can do something.Well the ones outside the bible belt anyhow.</body> 
 </post> 
</posts>