<?xml version="1.0" encoding="UTF-8"?> 
 <posts> 
<post id= "MS_11238_45006706"> 
<user id ="MS_35280508"> 
	 <username>LuCidiTy</username> 
	 <sex>F</sex> 
	 <age>46</age> 
	 <city>Alpha Centauri</city> 
	 <province></province> 
	 <country>UM</country> 
	 </user> 
<date>1213975860</date> 
 <body>nah. gotta give natural selection a chance.</body> 
 </post> 
<post id= "MS_11238_45006729"> 
<user id ="MS_387406714"> 
	 <username>Prog-Metal Assassin</username> 
	 <sex>M</sex> 
	 <age>20</age> 
	 <city>EVANSVILLE</city> 
	 <province>Indiana</province> 
	 <country>US</country> 
	 </user> 
<date>1213975860</date> 
 <body>Under many states' laws they already are accountable. At least in the second case.</body> 
 </post> 
<post id= "MS_11238_45006997"> 
<user id ="MS_373970475"> 
	 <username>Disabledcowboy</username> 
	 <sex>M</sex> 
	 <age>26</age> 
	 <city>REVERE</city> 
	 <province>Pennsylvania</province> 
	 <country>US</country> 
	 </user> 
<date>1213976280</date> 
 <body> what if ur a well know healer like Benny Hinn where he works world wide and people have dead and yet he still is able to preach.I say aleast been them from preaching in this country.</body> 
 </post> 
<post id= "MS_11238_45007136"> 
<user id ="MS_149899577"> 
	 <username>Pickett: Ha-Ha I Touched Your Heart</username> 
	 <sex>M</sex> 
	 <age>26</age> 
	 <city>salem</city> 
	 <province>Massachusetts</province> 
	 <country>US</country> 
	 </user> 
<date>1213976460</date> 
 <body>  while at one time im sure i would have wholeheartedly agreed, the entire point, the gift if you would of being human, an opposible thumb aside, is the capacity to through intellect and foresight free ourselves from the brutal bondage and base nature of the darwinist design weve clung to for so long as unwaivering truth, as though we as a species who have already overcome so much and already disproven so many preconcieved truths were for some reason incapable of doing so...  it is our duty to help the "stupid"lol....for we were once "stupid" too</body> 
 </post> 
<post id= "MS_11238_45007202"> 
<user id ="MS_35280508"> 
	 <username>LuCidiTy</username> 
	 <sex>F</sex> 
	 <age>46</age> 
	 <city>Alpha Centauri</city> 
	 <province></province> 
	 <country>UM</country> 
	 </user> 
<date>1213976520</date> 
 <body>  okay, darwin didn't work. how about taking responsibility for your own actions and dumbass decisions? (i'm torn on the child issue...)</body> 
 </post> 
<post id= "MS_11238_45007400"> 
<user id ="MS_71019906"> 
	 <username>Ä</username> 
	 <sex>F</sex> 
	 <age>99</age> 
	 <city>Tokyo</city> 
	 <province></province> 
	 <country>JP</country> 
	 </user> 
<date>1213976820</date> 
 <body>well it is a whole cult issue, but it is the person's choice to not want medical treatment, unless they were brainwashed by set cult or person, but it really depends on the situation before one can really judge if it's right or wrong</body> 
 </post> 
<post id= "MS_11238_45007563"> 
<user id ="MS_373970475"> 
	 <username>Disabledcowboy</username> 
	 <sex>M</sex> 
	 <age>26</age> 
	 <city>REVERE</city> 
	 <province>Pennsylvania</province> 
	 <country>US</country> 
	 </user> 
<date>1213977060</date> 
 <body> I dont think u can call fellowers of Benny Hinn a cult, u has milliond of believers in america alot.How many cult leaders are on cable tv like he is.</body> 
 </post> 
<post id= "MS_11238_45007614"> 
<user id ="MS_35280508"> 
	 <username>LuCidiTy</username> 
	 <sex>F</sex> 
	 <age>46</age> 
	 <city>Alpha Centauri</city> 
	 <province></province> 
	 <country>UM</country> 
	 </user> 
<date>1213977120</date> 
 <body>it's their choice. if he doesn't come through for them, oh well.</body> 
 </post> 
<post id= "MS_11238_45007815"> 
<user id ="MS_373970475"> 
	 <username>Disabledcowboy</username> 
	 <sex>M</sex> 
	 <age>26</age> 
	 <city>REVERE</city> 
	 <province>Pennsylvania</province> 
	 <country>US</country> 
	 </user> 
<date>1213977360</date> 
 <body> should they get there money back, faith healers useally ask for large donation. This is how people like benny hinn has some 100 million dollars.If ur a conartist wether ur a pastor of a churhc or not that shouldnt matter .</body> 
 </post> 
<post id= "MS_11238_45007994"> 
<user id ="MS_373970475"> 
	 <username>Disabledcowboy</username> 
	 <sex>M</sex> 
	 <age>26</age> 
	 <city>REVERE</city> 
	 <province>Pennsylvania</province> 
	 <country>US</country> 
	 </user> 
<date>1213977600</date> 
 <body> disease like cancer or ms only go into remission doctors never say ur cured just that ur currently cancer free or whatever. They never say there a 100 percent chance of anything.But faith healers do aslong as u have engough faith. Doctors never said i would be able to walk without crutches doctors can only do so much. But the bible says anythiing is possiabel with god, there the big differenc.</body> 
 </post> 
</posts>