<?xml version="1.0" encoding="UTF-8"?> 
 <posts> 
<post id= "MS_11238_45007400"> 
<user id ="MS_71019906"> 
	 <username>Ä</username> 
	 <sex>F</sex> 
	 <age>99</age> 
	 <city>Tokyo</city> 
	 <province></province> 
	 <country>JP</country> 
	 </user> 
<date>1213976820</date> 
 <body>well it is a whole cult issue, but it is the person's choice to not want medical treatment, unless they were brainwashed by set cult or person, but it really depends on the situation before one can really judge if it's right or wrong</body> 
 </post> 
<post id= "MS_11238_45007563"> 
<user id ="MS_373970475"> 
	 <username>Disabledcowboy</username> 
	 <sex>M</sex> 
	 <age>26</age> 
	 <city>REVERE</city> 
	 <province>Pennsylvania</province> 
	 <country>US</country> 
	 </user> 
<date>1213977060</date> 
 <body> I dont think u can call fellowers of Benny Hinn a cult, u has milliond of believers in america alot.How many cult leaders are on cable tv like he is.</body> 
 </post> 
<post id= "MS_11238_45007614"> 
<user id ="MS_35280508"> 
	 <username>LuCidiTy</username> 
	 <sex>F</sex> 
	 <age>46</age> 
	 <city>Alpha Centauri</city> 
	 <province></province> 
	 <country>UM</country> 
	 </user> 
<date>1213977120</date> 
 <body>it's their choice. if he doesn't come through for them, oh well.</body> 
 </post> 
<post id= "MS_11238_45007815"> 
<user id ="MS_373970475"> 
	 <username>Disabledcowboy</username> 
	 <sex>M</sex> 
	 <age>26</age> 
	 <city>REVERE</city> 
	 <province>Pennsylvania</province> 
	 <country>US</country> 
	 </user> 
<date>1213977360</date> 
 <body> should they get there money back, faith healers useally ask for large donation. This is how people like benny hinn has some 100 million dollars.If ur a conartist wether ur a pastor of a churhc or not that shouldnt matter .</body> 
 </post> 
<post id= "MS_11238_45007994"> 
<user id ="MS_373970475"> 
	 <username>Disabledcowboy</username> 
	 <sex>M</sex> 
	 <age>26</age> 
	 <city>REVERE</city> 
	 <province>Pennsylvania</province> 
	 <country>US</country> 
	 </user> 
<date>1213977600</date> 
 <body> disease like cancer or ms only go into remission doctors never say ur cured just that ur currently cancer free or whatever. They never say there a 100 percent chance of anything.But faith healers do aslong as u have engough faith. Doctors never said i would be able to walk without crutches doctors can only do so much. But the bible says anythiing is possiabel with god, there the big differenc.</body> 
 </post> 
<post id= "MS_11238_45008126"> 
<user id ="MS_149899577"> 
	 <username>Pickett: Ha-Ha I Touched Your Heart</username> 
	 <sex>M</sex> 
	 <age>26</age> 
	 <city>salem</city> 
	 <province>Massachusetts</province> 
	 <country>US</country> 
	 </user> 
<date>1213977780</date> 
 <body>  on that logic there is no reason euthanasia should be illegal</body> 
 </post> 
<post id= "MS_11238_45008327"> 
<user id ="MS_128677701"> 
	 <username>Keith</username> 
	 <sex>M</sex> 
	 <age>46</age> 
	 <city>VIRGINIA BEACH</city> 
	 <province>Virginia</province> 
	 <country>US</country> 
	 </user> 
<date>1213978020</date> 
 <body>Absolutely not. Health care is a personal choice. People die in hospitals all the time. If your beliefs are not main stream its your choice. Nobody has the right to force an adult into any treatment. Minors are a different story but even then they should have control of choice before 18. We had a kid with some type of cancer here who refused traditional care and his parentsd supported him. I think he was around 16 at the time the court battles started. After a few court battles he won his case and is still alive. It could have killed him but he had the right, its his body. Dont even try to tell I have to follow traditional medical procedures. My body, my choice.</body> 
 </post> 
<post id= "MS_11238_45008513"> 
<user id ="MS_149899577"> 
	 <username>Pickett: Ha-Ha I Touched Your Heart</username> 
	 <sex>M</sex> 
	 <age>26</age> 
	 <city>salem</city> 
	 <province>Massachusetts</province> 
	 <country>US</country> 
	 </user> 
<date>1213978320</date> 
 <body>My body, my choice.  i agree 100%, and even as a non pot smoker, the strongest argument for its medicinal use</body> 
 </post> 
<post id= "MS_11238_45008780"> 
<user id ="MS_37493836"> 
	 <username>Abby</username> 
	 <sex>F</sex> 
	 <age>32</age> 
	 <city>ASTORIA</city> 
	 <province>NEW YORK</province> 
	 <country>US</country> 
	 </user> 
<date>1213978680</date> 
 <body>  It's the 'healers' fault if the healer guarantees results, which they often do. In the doctor case, then, yes, they are sued for malpractice. And no doctor will guarentee results. And, while the scientific community often makes mistakes, they do have that whole scientific method thingy. If a doctor lies to you, yes, he's held accountable. A faith healer will lie to you when they say "my system brings results".</body> 
 </post> 
<post id= "MS_11238_45008839"> 
<user id ="MS_37493836"> 
	 <username>Abby</username> 
	 <sex>F</sex> 
	 <age>32</age> 
	 <city>ASTORIA</city> 
	 <province>NEW YORK</province> 
	 <country>US</country> 
	 </user> 
<date>1213978800</date> 
 <body>  I agree here, absolutely. As long as the faith healer, aromatic therapist, etc gives you all the information so you can make the best choice.</body> 
 </post> 
</posts>