<?xml version="1.0" encoding="UTF-8"?> 
 <posts> 
<post id= "MS_11238_45008839"> 
<user id ="MS_37493836"> 
	 <username>Abby</username> 
	 <sex>F</sex> 
	 <age>32</age> 
	 <city>ASTORIA</city> 
	 <province>NEW YORK</province> 
	 <country>US</country> 
	 </user> 
<date>1213978800</date> 
 <body>  I agree here, absolutely. As long as the faith healer, aromatic therapist, etc gives you all the information so you can make the best choice.</body> 
 </post> 
<post id= "MS_11238_45008859"> 
<user id ="MS_37493836"> 
	 <username>Abby</username> 
	 <sex>F</sex> 
	 <age>32</age> 
	 <city>ASTORIA</city> 
	 <province>NEW YORK</province> 
	 <country>US</country> 
	 </user> 
<date>1213978800</date> 
 <body>Yes, three posts in a row, sorry!  I want to amend my last post... as long as the healer doesn't make any false promises.</body> 
 </post> 
<post id= "MS_11238_45009014"> 
<user id ="MS_71019906"> 
	 <username>Ä</username> 
	 <sex>F</sex> 
	 <age>99</age> 
	 <city>Tokyo</city> 
	 <province></province> 
	 <country>JP</country> 
	 </user> 
<date>1213979040</date> 
 <body>all religions are cults, and they been brainwashing people for generations...some worse than others but in the end it all comes down to who has the bigger lies, it's like politics hehe</body> 
 </post> 
<post id= "MS_11238_45009029"> 
<user id ="MS_35280508"> 
	 <username>LuCidiTy</username> 
	 <sex>F</sex> 
	 <age>46</age> 
	 <city>Alpha Centauri</city> 
	 <province></province> 
	 <country>UM</country> 
	 </user> 
<date>1213979100</date> 
 <body>  again...it's a risk they take.</body> 
 </post> 
<post id= "MS_11238_45009048"> 
<user id ="MS_347006598"> 
	 <username>Cold Steal II</username> 
	 <sex>F</sex> 
	 <age>104</age> 
	 <city>CHICO</city> 
	 <province>California</province> 
	 <country>US</country> 
	 </user> 
<date>1213979100</date> 
 <body>  Wrong forum</body> 
 </post> 
<post id= "MS_11238_45009109"> 
<user id ="MS_149899577"> 
	 <username>Pickett: Ha-Ha I Touched Your Heart</username> 
	 <sex>M</sex> 
	 <age>26</age> 
	 <city>salem</city> 
	 <province>Massachusetts</province> 
	 <country>US</country> 
	 </user> 
<date>1213979160</date> 
 <body>  the federal or states right to interced in the improper administration of healthcare isnt political?</body> 
 </post> 
<post id= "MS_11238_45009216"> 
<user id ="MS_347006598"> 
	 <username>Cold Steal II</username> 
	 <sex>F</sex> 
	 <age>104</age> 
	 <city>CHICO</city> 
	 <province>California</province> 
	 <country>US</country> 
	 </user> 
<date>1213979340</date> 
 <body>Religious forum</body> 
 </post> 
<post id= "MS_11238_45009262"> 
<user id ="MS_149899577"> 
	 <username>Pickett: Ha-Ha I Touched Your Heart</username> 
	 <sex>M</sex> 
	 <age>26</age> 
	 <city>salem</city> 
	 <province>Massachusetts</province> 
	 <country>US</country> 
	 </user> 
<date>1213979400</date> 
 <body>i say both</body> 
 </post> 
<post id= "MS_11238_45048682"> 
<user id ="MS_373970475"> 
	 <username>Disabledcowboy</username> 
	 <sex>M</sex> 
	 <age>26</age> 
	 <city>REVERE</city> 
	 <province>Pennsylvania</province> 
	 <country>US</country> 
	 </user> 
<date>1214056500</date> 
 <body> the topic was about should or could crimanial charges be place aganist a faith healer who is also a pastor.Just becauae ur a pastors doesnt mean u can con the people and get away with it.</body> 
 </post> 
<post id= "MS_11238_45048810"> 
<user id ="MS_373970475"> 
	 <username>Disabledcowboy</username> 
	 <sex>M</sex> 
	 <age>26</age> 
	 <city>REVERE</city> 
	 <province>Pennsylvania</province> 
	 <country>US</country> 
	 </user> 
<date>1214056680</date> 
 <body> if a faith healer is a pastor of a mega church like Benny Hinm or there some street corner con artist healer should they be treated any different.</body> 
 </post> 
</posts>