<?xml version="1.0" encoding="UTF-8"?> 
 <posts> 
<post id= "MS_8891_45312098"> 
<user id ="MS_369489172"> 
	 <username>Mike</username> 
	 <sex>M</sex> 
	 <age>58</age> 
	 <city>VA</city> 
	 <province></province> 
	 <country></country> 
	 </user> 
<date>1214487060</date> 
 <body>:(</body> 
 </post> 
<post id= "MS_8891_45312643"> 
<user id ="MS_164473103"> 
	 <username>Ð¨Ð°Ð³Ð¾ÑÐ¾Ð´!</username> 
	 <sex>M</sex> 
	 <age>22</age> 
	 <city>Liberty City</city> 
	 <province>New York</province> 
	 <country>US</country> 
	 </user> 
<date>1214487840</date> 
 <body>Don't cross your fingers.</body> 
 </post> 
<post id= "MS_8891_45312758"> 
<user id ="MS_90278368"> 
	 <username>Rob</username> 
	 <sex>M</sex> 
	 <age>29</age> 
	 <city>Colchester</city> 
	 <province>East</province> 
	 <country>UK</country> 
	 </user> 
<date>1214488020</date> 
 <body>Doesn't give me much chance to get absoloutley bladdered and dance around outside in the nude like a loon. Tomorrows only 15 minutes away here.......</body> 
 </post> 
<post id= "MS_8891_45312911"> 
<user id ="MS_369489172"> 
	 <username>Mike</username> 
	 <sex>M</sex> 
	 <age>58</age> 
	 <city>VA</city> 
	 <province></province> 
	 <country></country> 
	 </user> 
<date>1214488200</date> 
 <body>We''re all gonna die!!!!!!!1111</body> 
 </post> 
<post id= "MS_8891_45314325"> 
<user id ="MS_35280508"> 
	 <username>LuCidiTy</username> 
	 <sex>F</sex> 
	 <age>46</age> 
	 <city>Alpha Centauri</city> 
	 <province></province> 
	 <country>UM</country> 
	 </user> 
<date>1214490300</date> 
 <body>pffffffffffffffft</body> 
 </post> 
<post id= "MS_8891_45314376"> 
<user id ="MS_231851322"> 
	 <username>Fred</username> 
	 <sex>M</sex> 
	 <age>38</age> 
	 <city>buffalo</city> 
	 <province>New York</province> 
	 <country>US</country> 
	 </user> 
<date>1214490360</date> 
 <body>EVENTUALY....YES</body> 
 </post> 
<post id= "MS_8891_45314423"> 
<user id ="MS_35280508"> 
	 <username>LuCidiTy</username> 
	 <sex>F</sex> 
	 <age>46</age> 
	 <city>Alpha Centauri</city> 
	 <province></province> 
	 <country>UM</country> 
	 </user> 
<date>1214490480</date> 
 <body>hi, fred!</body> 
 </post> 
<post id= "MS_8891_45314558"> 
<user id ="MS_45588774"> 
	 <username>suga dawg</username> 
	 <sex>M</sex> 
	 <age>36</age> 
	 <city>COLORADO</city> 
	 <province></province> 
	 <country>US</country> 
	 </user> 
<date>1214490720</date> 
 <body>12/21/2012. That's the real End of Days.</body> 
 </post> 
<post id= "MS_8891_45314574"> 
<user id ="MS_229667913"> 
	 <username>Joey</username> 
	 <sex>M</sex> 
	 <age>16</age> 
	 <city>South Carolina</city> 
	 <province></province> 
	 <country>US</country> 
	 </user> 
<date>1214490720</date> 
 <body>Oh... That sucks, maybe next time.</body> 
 </post> 
<post id= "MS_8891_45314676"> 
<user id ="MS_269690692"> 
	 <username>President Confederate States of America</username> 
	 <sex>M</sex> 
	 <age>38</age> 
	 <city>Shepherdsville</city> 
	 <province>Kentucky</province> 
	 <country>US</country> 
	 </user> 
<date>1214490900</date> 
 <body>My sources say July 4th our world ends instantly...and a asian nations begins.  I hope we have have someone with a finger on our trigger in a VERY deep bunker July 4th.  Hope they don't get caught with their guard down again this time.  Washington DC may vaporize along with every major city we, our allies, and even possible allies have.  But if there is someone safe in a bunker...with a itchy trigger finger and knowledge on exactly WHO to repay for the free fireworks.  Although perhaps, they may have planned in advance for that possiblity and took the nessesary precautions to defend against such a threat.  It hard to defend yourself, when you KNOW exactly what to expect right?  I truly hope my source is whacked.</body> 
 </post> 
</posts>