<?xml version="1.0" encoding="UTF-8"?> 
 <posts> 
<post id= "MS_8891_45326495"> 
<user id ="MS_374957251"> 
	 <username>T</username> 
	 <sex>M</sex> 
	 <age>57</age> 
	 <city>GRAND RAPIDS</city> 
	 <province>Michigan</province> 
	 <country>US</country> 
	 </user> 
<date>1214507580</date> 
 <body>Good-bye!</body> 
 </post> 
<post id= "MS_8891_45327243"> 
<user id ="MS_161586832"> 
	 <username>Fred</username> 
	 <sex>M</sex> 
	 <age>48</age> 
	 <city>NOLANVILLE</city> 
	 <province>Texas</province> 
	 <country>US</country> 
	 </user> 
<date>1214508780</date> 
 <body>  Quick.. paypal all of your useless money to me</body> 
 </post> 
<post id= "MS_8891_45327321"> 
<user id ="MS_161586832"> 
	 <username>Fred</username> 
	 <sex>M</sex> 
	 <age>48</age> 
	 <city>NOLANVILLE</city> 
	 <province>Texas</province> 
	 <country>US</country> 
	 </user> 
<date>1214508900</date> 
 <body>  Our enemies would never nuke DC...  That would be doing the American people a favor.</body> 
 </post> 
<post id= "MS_8891_45328062"> 
<user id ="MS_139538534"> 
	 <username>JD</username> 
	 <sex>M</sex> 
	 <age>39</age> 
	 <city>GE</city> 
	 <province></province> 
	 <country></country> 
	 </user> 
<date>1214509980</date> 
 <body>what will you buy for Christmas in 2012?</body> 
 </post> 
<post id= "MS_8891_45328157"> 
<user id ="MS_161586832"> 
	 <username>Fred</username> 
	 <sex>M</sex> 
	 <age>48</age> 
	 <city>NOLANVILLE</city> 
	 <province>Texas</province> 
	 <country>US</country> 
	 </user> 
<date>1214510100</date> 
 <body>  He won't buy anything...  He's too broke to buy a clue.</body> 
 </post> 
<post id= "MS_8891_45369695"> 
<user id ="MS_35280508"> 
	 <username>LuCidiTy</username> 
	 <sex>F</sex> 
	 <age>46</age> 
	 <city>Alpha Centauri</city> 
	 <province></province> 
	 <country>UM</country> 
	 </user> 
<date>1214581140</date> 
 <body>how much time do we have?</body> 
 </post> 
<post id= "MS_8891_45370118"> 
<user id ="MS_369489172"> 
	 <username>Mike</username> 
	 <sex>M</sex> 
	 <age>58</age> 
	 <city>VA</city> 
	 <province></province> 
	 <country></country> 
	 </user> 
<date>1214581800</date> 
 <body>Meh, my sources were wrong.</body> 
 </post> 
<post id= "MS_8891_45370540"> 
<user id ="MS_161586832"> 
	 <username>Fred</username> 
	 <sex>M</sex> 
	 <age>48</age> 
	 <city>NOLANVILLE</city> 
	 <province>Texas</province> 
	 <country>US</country> 
	 </user> 
<date>1214582400</date> 
 <body>  And you forgot to paypal me all that money  :(</body> 
 </post> 
<post id= "MS_8891_45371018"> 
<user id ="MS_149899577"> 
	 <username>Pickett: Ha-Ha I Touched Your Heart</username> 
	 <sex>M</sex> 
	 <age>26</age> 
	 <city>salem</city> 
	 <province>Massachusetts</province> 
	 <country>US</country> 
	 </user> 
<date>1214583240</date> 
 <body>damn...the banks are closed already, so much for getting an obnoxious loan i dont have to pay back and having a night on the town to end all nights on the town</body> 
 </post> 
<post id= "MS_8891_45372600"> 
<user id ="MS_45588774"> 
	 <username>suga dawg</username> 
	 <sex>M</sex> 
	 <age>36</age> 
	 <city>COLORADO</city> 
	 <province></province> 
	 <country>US</country> 
	 </user> 
<date>1214585640</date> 
 <body> nawwww...it's the end of the Mayan Calendar...and it's when the Earth's axis is supposed to correct itself...and it's the final date of the Web Bot Project...The shortest day of the year, in the shortest year ever.  Coincidence?  If it is, I'll apologize on 12/22/2012.</body> 
 </post> 
</posts>