<?xml version="1.0" encoding="UTF-8"?> 
 <posts> 
<post id= "MS_8891_45314325"> 
<user id ="MS_35280508"> 
	 <username>LuCidiTy</username> 
	 <sex>F</sex> 
	 <age>46</age> 
	 <city>Alpha Centauri</city> 
	 <province></province> 
	 <country>UM</country> 
	 </user> 
<date>1214490300</date> 
 <body>pffffffffffffffft</body> 
 </post> 
<post id= "MS_8891_45314376"> 
<user id ="MS_231851322"> 
	 <username>Fred</username> 
	 <sex>M</sex> 
	 <age>38</age> 
	 <city>buffalo</city> 
	 <province>New York</province> 
	 <country>US</country> 
	 </user> 
<date>1214490360</date> 
 <body>EVENTUALY....YES</body> 
 </post> 
<post id= "MS_8891_45314423"> 
<user id ="MS_35280508"> 
	 <username>LuCidiTy</username> 
	 <sex>F</sex> 
	 <age>46</age> 
	 <city>Alpha Centauri</city> 
	 <province></province> 
	 <country>UM</country> 
	 </user> 
<date>1214490480</date> 
 <body>hi, fred!</body> 
 </post> 
<post id= "MS_8891_45314558"> 
<user id ="MS_45588774"> 
	 <username>suga dawg</username> 
	 <sex>M</sex> 
	 <age>36</age> 
	 <city>COLORADO</city> 
	 <province></province> 
	 <country>US</country> 
	 </user> 
<date>1214490720</date> 
 <body>12/21/2012. That's the real End of Days.</body> 
 </post> 
<post id= "MS_8891_45314574"> 
<user id ="MS_229667913"> 
	 <username>Joey</username> 
	 <sex>M</sex> 
	 <age>16</age> 
	 <city>South Carolina</city> 
	 <province></province> 
	 <country>US</country> 
	 </user> 
<date>1214490720</date> 
 <body>Oh... That sucks, maybe next time.</body> 
 </post> 
<post id= "MS_8891_45314676"> 
<user id ="MS_269690692"> 
	 <username>President Confederate States of America</username> 
	 <sex>M</sex> 
	 <age>38</age> 
	 <city>Shepherdsville</city> 
	 <province>Kentucky</province> 
	 <country>US</country> 
	 </user> 
<date>1214490900</date> 
 <body>My sources say July 4th our world ends instantly...and a asian nations begins.  I hope we have have someone with a finger on our trigger in a VERY deep bunker July 4th.  Hope they don't get caught with their guard down again this time.  Washington DC may vaporize along with every major city we, our allies, and even possible allies have.  But if there is someone safe in a bunker...with a itchy trigger finger and knowledge on exactly WHO to repay for the free fireworks.  Although perhaps, they may have planned in advance for that possiblity and took the nessesary precautions to defend against such a threat.  It hard to defend yourself, when you KNOW exactly what to expect right?  I truly hope my source is whacked.</body> 
 </post> 
<post id= "MS_8891_45314818"> 
<user id ="MS_379265104"> 
	 <username>Gnome Sane</username> 
	 <sex>M</sex> 
	 <age>16</age> 
	 <city>SAN DIEGO</city> 
	 <province>California</province> 
	 <country>US</country> 
	 </user> 
<date>1214491140</date> 
 <body>  you are completely out of your tree.</body> 
 </post> 
<post id= "MS_8891_45315012"> 
<user id ="MS_231851322"> 
	 <username>Fred</username> 
	 <sex>M</sex> 
	 <age>38</age> 
	 <city>buffalo</city> 
	 <province>New York</province> 
	 <country>US</country> 
	 </user> 
<date>1214491500</date> 
 <body>I truly hope my source is whacked. Me too because IÂ  get paid on friday .Â  maybe theyll push it to Monday so we still get the weekend.     Rest assured, your source is pulling your chain.......pretty fast I might add.   Hi Lucidity.</body> 
 </post> 
<post id= "MS_8891_45315107"> 
<user id ="MS_35280508"> 
	 <username>LuCidiTy</username> 
	 <sex>F</sex> 
	 <age>46</age> 
	 <city>Alpha Centauri</city> 
	 <province></province> 
	 <country>UM</country> 
	 </user> 
<date>1214491680</date> 
 <body>  boy that's crazy. maybe they were practicing the other night (see my june 20 topic)?</body> 
 </post> 
<post id= "MS_8891_45315160"> 
<user id ="MS_35280508"> 
	 <username>LuCidiTy</username> 
	 <sex>F</sex> 
	 <age>46</age> 
	 <city>Alpha Centauri</city> 
	 <province></province> 
	 <country>UM</country> 
	 </user> 
<date>1214491740</date> 
 <body>  pssst us humans don't typically live in trees. yet. quit projecting.</body> 
 </post> 
</posts>