<?xml version="1.0" encoding="UTF-8"?> 
 <posts> 
<post id= "MS_8891_45315225"> 
<user id ="MS_35280508"> 
	 <username>LuCidiTy</username> 
	 <sex>F</sex> 
	 <age>46</age> 
	 <city>Alpha Centauri</city> 
	 <province></province> 
	 <country>UM</country> 
	 </user> 
<date>1214491860</date> 
 <body>oh gaaaaaaaaaaa. *puts away vodka</body> 
 </post> 
<post id= "MS_8891_45316591"> 
<user id ="MS_129223455"> 
	 <username>Lori</username> 
	 <sex>F</sex> 
	 <age>39</age> 
	 <city>Buttcrack</city> 
	 <province>West Virginia</province> 
	 <country>US</country> 
	 </user> 
<date>1214493840</date> 
 <body>I wish I had read this sooner, I wouldn't have wasted my day working!</body> 
 </post> 
<post id= "MS_8891_45316668"> 
<user id ="MS_231851322"> 
	 <username>Fred</username> 
	 <sex>M</sex> 
	 <age>38</age> 
	 <city>buffalo</city> 
	 <province>New York</province> 
	 <country>US</country> 
	 </user> 
<date>1214493960</date> 
 <body>well im not making my car payment tommorrow , fuck em Im partying till game time!  This post is just to good to be true</body> 
 </post> 
<post id= "MS_8891_45317280"> 
<user id ="MS_35280508"> 
	 <username>LuCidiTy</username> 
	 <sex>F</sex> 
	 <age>46</age> 
	 <city>Alpha Centauri</city> 
	 <province></province> 
	 <country>UM</country> 
	 </user> 
<date>1214494860</date> 
 <body>*gets vodka out again</body> 
 </post> 
<post id= "MS_8891_45317443"> 
<user id ="MS_73292953"> 
	 <username>Geralt</username> 
	 <sex>M</sex> 
	 <age>53</age> 
	 <city>FORT WORTH</city> 
	 <province>TEXAS</province> 
	 <country>US</country> 
	 </user> 
<date>1214495160</date> 
 <body>Crap, Tomorrow ? What time ? I have a 7:08 tee time.</body> 
 </post> 
<post id= "MS_8891_45318428"> 
<user id ="MS_8225318"> 
	 <username>dujac</username> 
	 <sex>M</sex> 
	 <age>49</age> 
	 <city>Hot Springs</city> 
	 <province>Arkansas</province> 
	 <country>US</country> 
	 </user> 
<date>1214496720</date> 
 <body>  you sound like a preacher, sermonizing about armageddon</body> 
 </post> 
<post id= "MS_8891_45320695"> 
<user id ="MS_126893122"> 
	 <username>President of CSA</username> 
	 <sex>M</sex> 
	 <age>38</age> 
	 <city>Shepherdsville</city> 
	 <province>Kentucky</province> 
	 <country>US</country> 
	 </user> 
<date>1214500020</date> 
 <body>  huh?</body> 
 </post> 
<post id= "MS_8891_45320894"> 
<user id ="MS_35280508"> 
	 <username>LuCidiTy</username> 
	 <sex>F</sex> 
	 <age>46</age> 
	 <city>Alpha Centauri</city> 
	 <province></province> 
	 <country>UM</country> 
	 </user> 
<date>1214500260</date> 
 <body>jerrod really needs to see this asap...</body> 
 </post> 
<post id= "MS_8891_45321054"> 
<user id ="MS_134638365"> 
	 <username>Timmy</username> 
	 <sex>M</sex> 
	 <age>19</age> 
	 <city>Mt. Holly</city> 
	 <province>New Jersey</province> 
	 <country>US</country> 
	 </user> 
<date>1214500500</date> 
 <body>Well crap. The world ends tomorrow and I spent my last day on MySpace.  How pathetic society is! *logs into AIM*</body> 
 </post> 
<post id= "MS_8891_45321403"> 
<user id ="MS_231851322"> 
	 <username>Fred</username> 
	 <sex>M</sex> 
	 <age>38</age> 
	 <city>buffalo</city> 
	 <province>New York</province> 
	 <country>US</country> 
	 </user> 
<date>1214500920</date> 
 <body>this post is too good to let die now. we got 1 1/2 hours till show time . Im gonna stay up all night and watch.</body> 
 </post> 
</posts>