<?xml version="1.0" encoding="UTF-8"?> 
 <posts> 
<post id= "MS_8891_45320695"> 
<user id ="MS_126893122"> 
	 <username>President of CSA</username> 
	 <sex>M</sex> 
	 <age>38</age> 
	 <city>Shepherdsville</city> 
	 <province>Kentucky</province> 
	 <country>US</country> 
	 </user> 
<date>1214500020</date> 
 <body>  huh?</body> 
 </post> 
<post id= "MS_8891_45320894"> 
<user id ="MS_35280508"> 
	 <username>LuCidiTy</username> 
	 <sex>F</sex> 
	 <age>46</age> 
	 <city>Alpha Centauri</city> 
	 <province></province> 
	 <country>UM</country> 
	 </user> 
<date>1214500260</date> 
 <body>jerrod really needs to see this asap...</body> 
 </post> 
<post id= "MS_8891_45321054"> 
<user id ="MS_134638365"> 
	 <username>Timmy</username> 
	 <sex>M</sex> 
	 <age>19</age> 
	 <city>Mt. Holly</city> 
	 <province>New Jersey</province> 
	 <country>US</country> 
	 </user> 
<date>1214500500</date> 
 <body>Well crap. The world ends tomorrow and I spent my last day on MySpace.  How pathetic society is! *logs into AIM*</body> 
 </post> 
<post id= "MS_8891_45321403"> 
<user id ="MS_231851322"> 
	 <username>Fred</username> 
	 <sex>M</sex> 
	 <age>38</age> 
	 <city>buffalo</city> 
	 <province>New York</province> 
	 <country>US</country> 
	 </user> 
<date>1214500920</date> 
 <body>this post is too good to let die now. we got 1 1/2 hours till show time . Im gonna stay up all night and watch.</body> 
 </post> 
<post id= "MS_8891_45321502"> 
<user id ="MS_35280508"> 
	 <username>LuCidiTy</username> 
	 <sex>F</sex> 
	 <age>46</age> 
	 <city>Alpha Centauri</city> 
	 <province></province> 
	 <country>UM</country> 
	 </user> 
<date>1214501040</date> 
 <body>i kinda liked my idea better...</body> 
 </post> 
<post id= "MS_8891_45326495"> 
<user id ="MS_374957251"> 
	 <username>T</username> 
	 <sex>M</sex> 
	 <age>57</age> 
	 <city>GRAND RAPIDS</city> 
	 <province>Michigan</province> 
	 <country>US</country> 
	 </user> 
<date>1214507580</date> 
 <body>Good-bye!</body> 
 </post> 
<post id= "MS_8891_45327243"> 
<user id ="MS_161586832"> 
	 <username>Fred</username> 
	 <sex>M</sex> 
	 <age>48</age> 
	 <city>NOLANVILLE</city> 
	 <province>Texas</province> 
	 <country>US</country> 
	 </user> 
<date>1214508780</date> 
 <body>  Quick.. paypal all of your useless money to me</body> 
 </post> 
<post id= "MS_8891_45327321"> 
<user id ="MS_161586832"> 
	 <username>Fred</username> 
	 <sex>M</sex> 
	 <age>48</age> 
	 <city>NOLANVILLE</city> 
	 <province>Texas</province> 
	 <country>US</country> 
	 </user> 
<date>1214508900</date> 
 <body>  Our enemies would never nuke DC...  That would be doing the American people a favor.</body> 
 </post> 
<post id= "MS_8891_45328062"> 
<user id ="MS_139538534"> 
	 <username>JD</username> 
	 <sex>M</sex> 
	 <age>39</age> 
	 <city>GE</city> 
	 <province></province> 
	 <country></country> 
	 </user> 
<date>1214509980</date> 
 <body>what will you buy for Christmas in 2012?</body> 
 </post> 
<post id= "MS_8891_45328157"> 
<user id ="MS_161586832"> 
	 <username>Fred</username> 
	 <sex>M</sex> 
	 <age>48</age> 
	 <city>NOLANVILLE</city> 
	 <province>Texas</province> 
	 <country>US</country> 
	 </user> 
<date>1214510100</date> 
 <body>  He won't buy anything...  He's too broke to buy a clue.</body> 
 </post> 
</posts>