<?xml version="1.0" encoding="UTF-8"?> 
 <posts> 
<post id= "MS_30525_45708099"> 
<user id ="MS_117412665"> 
	 <username>The Ninja formerly known as James</username> 
	 <sex>M</sex> 
	 <age>32</age> 
	 <city>BELLEVUE</city> 
	 <province>NEBRASKA</province> 
	 <country>US</country> 
	 </user> 
<date>1215138120</date> 
 <body>The Planet of the Apes (original)  </body> 
 </post> 
<post id= "MS_30525_45710233"> 
<user id ="MS_365663041"> 
	 <username>Pirate</username> 
	 <sex>M</sex> 
	 <age>21</age> 
	 <city>What it do</city> 
	 <province>Maine</province> 
	 <country>US</country> 
	 </user> 
<date>1215145080</date> 
 <body>American History X</body> 
 </post> 
<post id= "MS_30525_45710369"> 
<user id ="MS_97326494"> 
	 <username>Duncan Destruction</username> 
	 <sex>M</sex> 
	 <age>25</age> 
	 <city>Dundee</city> 
	 <province>Scotland</province> 
	 <country>UK</country> 
	 </user> 
<date>1215145440</date> 
 <body>'Scarface'  "Say hello to my little friend"</body> 
 </post> 
<post id= "MS_30525_45715779"> 
<user id ="MS_19570081"> 
	 <username>Freak</username> 
	 <sex>F</sex> 
	 <age>19</age> 
	 <city>California</city> 
	 <province></province> 
	 <country>US</country> 
	 </user> 
<date>1215156840</date> 
 <body>Probably not the best, but my personal favorites. (Possible spoliers ahead)    "I'm finished." -There Will Be Blood  "The truth is...I am Iron Man." -Iron Man  "What the fuck have you done lately?" -Wanted</body> 
 </post> 
<post id= "MS_30525_45730391"> 
<user id ="MS_388979262"> 
	 <username>Franz Patrick</username> 
	 <sex>M</sex> 
	 <age>20</age> 
	 <city>California</city> 
	 <province></province> 
	 <country>US</country> 
	 </user> 
<date>1215178560</date> 
 <body>I'll always remember the ending of "Child's Play." *shivers*</body> 
 </post> 
<post id= "MS_30525_45730779"> 
<user id ="MS_188910048"> 
	 <username>Ross thinks that you should worship Thomas Jones</username> 
	 <sex>M</sex> 
	 <age>17</age> 
	 <city>Manhattan</city> 
	 <province>New York</province> 
	 <country>US</country> 
	 </user> 
<date>1215179100</date> 
 <body>  The Mist? are you kidding? the ending is what killed that movie.   anyway best endings:  Dr. Strangelove Godfather part 1 Bonnie and Clyde 400 Blows Les Diaboliques The Usual Suspects.</body> 
 </post> 
<post id= "MS_30525_45730843"> 
<user id ="MS_60439146"> 
	 <username>El REY a.k.a. Da Franchise</username> 
	 <sex>M</sex> 
	 <age>25</age> 
	 <city>BRONX</city> 
	 <province>New York</province> 
	 <country>US</country> 
	 </user> 
<date>1215179220</date> 
 <body>The Passenger</body> 
 </post> 
<post id= "MS_30525_45730923"> 
<user id ="MS_97660171"> 
	 <username>Erik</username> 
	 <sex>M</sex> 
	 <age>27</age> 
	 <city>Aurora</city> 
	 <province>Illinois</province> 
	 <country>US</country> 
	 </user> 
<date>1215179340</date> 
 <body>Monty Python and the Holy Grail. ...Greatest, most anti-climactic ending ever!</body> 
 </post> 
<post id= "MS_30525_45730953"> 
<user id ="MS_19742420"> 
	 <username>Why so serious</username> 
	 <sex>M</sex> 
	 <age>38</age> 
	 <city>TULSA</city> 
	 <province>Oklahoma</province> 
	 <country>US</country> 
	 </user> 
<date>1215179400</date> 
 <body>one of my faves....saw</body> 
 </post> 
<post id= "MS_30525_45731283"> 
<user id ="MS_358584800"> 
	 <username>Spanki McSpankster</username> 
	 <sex>F</sex> 
	 <age>31</age> 
	 <city>VA</city> 
	 <province></province> 
	 <country></country> 
	 </user> 
<date>1215179820</date> 
 <body>The Skeleton Key</body> 
 </post> 
</posts>