<?xml version="1.0" encoding="UTF-8"?> 
 <posts> 
<post id= "MS_30525_45739661"> 
<user id ="MS_244717902"> 
	 <username>freshman_again</username> 
	 <sex>F</sex> 
	 <age>18</age> 
	 <city>Freebird</city> 
	 <province>Texas</province> 
	 <country>US</country> 
	 </user> 
<date>1215195060</date> 
 <body>Let me see,  The Count Of Monte Cristo(loved that movie) 300 When Billy Beat Bobby V For Vendetta</body> 
 </post> 
<post id= "MS_30525_45739706"> 
<user id ="MS_244717902"> 
	 <username>freshman_again</username> 
	 <sex>F</sex> 
	 <age>18</age> 
	 <city>Freebird</city> 
	 <province>Texas</province> 
	 <country>US</country> 
	 </user> 
<date>1215195180</date> 
 <body>  Oooh! How could I forget The Holy Grail! That was an awesome, awesome ending. It just ended. Doesn't finish the story or anything. It was greatness. I love Mel Brooks.</body> 
 </post> 
<post id= "MS_30525_45740331"> 
<user id ="MS_72105938"> 
	 <username>Bryan</username> 
	 <sex>M</sex> 
	 <age>30</age> 
	 <city>Buckeye Lake</city> 
	 <province>Ohio</province> 
	 <country>US</country> 
	 </user> 
<date>1215196620</date> 
 <body>  Badass movie.....</body> 
 </post> 
<post id= "MS_30525_45740982"> 
<user id ="MS_117412665"> 
	 <username>The Ninja formerly known as James</username> 
	 <sex>M</sex> 
	 <age>32</age> 
	 <city>BELLEVUE</city> 
	 <province>NEBRASKA</province> 
	 <country>US</country> 
	 </user> 
<date>1215198000</date> 
 <body>  I like Mel Brooks too, but he had nothing to do with that movie.</body> 
 </post> 
<post id= "MS_30525_45745060"> 
<user id ="MS_304844635"> 
	 <username>Jay The Magnificent</username> 
	 <sex>M</sex> 
	 <age>99</age> 
	 <city>Awesomeville</city> 
	 <province>North Carolina</province> 
	 <country>US</country> 
	 </user> 
<date>1215207000</date> 
 <body>High Tension and Straw Dogs</body> 
 </post> 
<post id= "MS_30525_45745406"> 
<user id ="MS_350147746"> 
	 <username>Wolverine</username> 
	 <sex>M</sex> 
	 <age>100</age> 
	 <city>South Carolina</city> 
	 <province></province> 
	 <country>US</country> 
	 </user> 
<date>1215207960</date> 
 <body>"YOU MANIACS! YOU BLEW IT UP! DAMN YOU! GOD DAMN YOU ALL TO HELL!!"     </body> 
 </post> 
<post id= "MS_30525_45745468"> 
<user id ="MS_317801027"> 
	 <username>!</username> 
	 <sex>M</sex> 
	 <age>99</age> 
	 <city>British Columbia</city> 
	 <province></province> 
	 <country>CA</country> 
	 </user> 
<date>1215208080</date> 
 <body> Yes, definitely the best!</body> 
 </post> 
<post id= "MS_30525_45746167"> 
<user id ="MS_189766577"> 
	 <username>Laci in the Sky with Diamonds</username> 
	 <sex>F</sex> 
	 <age>16</age> 
	 <city>Cincinnati</city> 
	 <province>Ohio</province> 
	 <country>US</country> 
	 </user> 
<date>1215209700</date> 
 <body>I love the end of Batman Returns when Bruce thinks he sees something... and just finds a black cat and then the bat signal flashes in the sky and you see Catwoman's silhouette...love it!</body> 
 </post> 
<post id= "MS_30525_45746218"> 
<user id ="MS_317801027"> 
	 <username>!</username> 
	 <sex>M</sex> 
	 <age>99</age> 
	 <city>British Columbia</city> 
	 <province></province> 
	 <country>CA</country> 
	 </user> 
<date>1215209820</date> 
 <body>No, I don't like that ending. Come up with something better and report back later.</body> 
 </post> 
<post id= "MS_30525_45746307"> 
<user id ="MS_189766577"> 
	 <username>Laci in the Sky with Diamonds</username> 
	 <sex>F</sex> 
	 <age>16</age> 
	 <city>Cincinnati</city> 
	 <province>Ohio</province> 
	 <country>US</country> 
	 </user> 
<date>1215210000</date> 
 <body> How can you not like that ending?  ugh... alright... how about...  Thelma and Louise?  That ending was just... necessary  lol</body> 
 </post> 
</posts>