<?xml version="1.0" encoding="UTF-8"?> 
 <posts> 
<post id= "MS_30525_45731283"> 
<user id ="MS_358584800"> 
	 <username>Spanki McSpankster</username> 
	 <sex>F</sex> 
	 <age>31</age> 
	 <city>VA</city> 
	 <province></province> 
	 <country></country> 
	 </user> 
<date>1215179820</date> 
 <body>The Skeleton Key</body> 
 </post> 
<post id= "MS_30525_45731825"> 
<user id ="MS_3389609"> 
	 <username>Â­redrum</username> 
	 <sex>M</sex> 
	 <age>69</age> 
	 <city>Don't bother asking</city> 
	 <province>I will NOT be your friend</province> 
	 <country>US</country> 
	 </user> 
<date>1215180600</date> 
 <body> You are in an EXTREME minority here. Most people loved the ending to The Mist.</body> 
 </post> 
<post id= "MS_30525_45735140"> 
<user id ="MS_97326494"> 
	 <username>Duncan Destruction</username> 
	 <sex>M</sex> 
	 <age>25</age> 
	 <city>Dundee</city> 
	 <province>Scotland</province> 
	 <country>UK</country> 
	 </user> 
<date>1215185160</date> 
 <body>Bug  "Whoooooooooooooosh"</body> 
 </post> 
<post id= "MS_30525_45739207"> 
<user id ="MS_302525371"> 
	 <username>GarrettÂ©</username> 
	 <sex>M</sex> 
	 <age>15</age> 
	 <city>ROWE</city> 
	 <province>Virginia</province> 
	 <country>US</country> 
	 </user> 
<date>1215194040</date> 
 <body>the ending to sweeney todd was kinda wierd. *may be spoilers*  i mean when his blood runs all over his wife? idk but i loved that movie</body> 
 </post> 
<post id= "MS_30525_45739661"> 
<user id ="MS_244717902"> 
	 <username>freshman_again</username> 
	 <sex>F</sex> 
	 <age>18</age> 
	 <city>Freebird</city> 
	 <province>Texas</province> 
	 <country>US</country> 
	 </user> 
<date>1215195060</date> 
 <body>Let me see,  The Count Of Monte Cristo(loved that movie) 300 When Billy Beat Bobby V For Vendetta</body> 
 </post> 
<post id= "MS_30525_45739706"> 
<user id ="MS_244717902"> 
	 <username>freshman_again</username> 
	 <sex>F</sex> 
	 <age>18</age> 
	 <city>Freebird</city> 
	 <province>Texas</province> 
	 <country>US</country> 
	 </user> 
<date>1215195180</date> 
 <body>  Oooh! How could I forget The Holy Grail! That was an awesome, awesome ending. It just ended. Doesn't finish the story or anything. It was greatness. I love Mel Brooks.</body> 
 </post> 
<post id= "MS_30525_45740331"> 
<user id ="MS_72105938"> 
	 <username>Bryan</username> 
	 <sex>M</sex> 
	 <age>30</age> 
	 <city>Buckeye Lake</city> 
	 <province>Ohio</province> 
	 <country>US</country> 
	 </user> 
<date>1215196620</date> 
 <body>  Badass movie.....</body> 
 </post> 
<post id= "MS_30525_45740982"> 
<user id ="MS_117412665"> 
	 <username>The Ninja formerly known as James</username> 
	 <sex>M</sex> 
	 <age>32</age> 
	 <city>BELLEVUE</city> 
	 <province>NEBRASKA</province> 
	 <country>US</country> 
	 </user> 
<date>1215198000</date> 
 <body>  I like Mel Brooks too, but he had nothing to do with that movie.</body> 
 </post> 
<post id= "MS_30525_45745060"> 
<user id ="MS_304844635"> 
	 <username>Jay The Magnificent</username> 
	 <sex>M</sex> 
	 <age>99</age> 
	 <city>Awesomeville</city> 
	 <province>North Carolina</province> 
	 <country>US</country> 
	 </user> 
<date>1215207000</date> 
 <body>High Tension and Straw Dogs</body> 
 </post> 
<post id= "MS_30525_45745406"> 
<user id ="MS_350147746"> 
	 <username>Wolverine</username> 
	 <sex>M</sex> 
	 <age>100</age> 
	 <city>South Carolina</city> 
	 <province></province> 
	 <country>US</country> 
	 </user> 
<date>1215207960</date> 
 <body>"YOU MANIACS! YOU BLEW IT UP! DAMN YOU! GOD DAMN YOU ALL TO HELL!!"     </body> 
 </post> 
</posts>