<?xml version="1.0" encoding="UTF-8"?> 
 <posts> 
<post id= "MS_30525_45769556"> 
<user id ="MS_117412665"> 
	 <username>The Ninja formerly known as James</username> 
	 <sex>M</sex> 
	 <age>32</age> 
	 <city>BELLEVUE</city> 
	 <province>NEBRASKA</province> 
	 <country>US</country> 
	 </user> 
<date>1215261600</date> 
 <body>  Only Monty Python would think of ending a movie with a musical number with a bunch of dudes on crosses. :)</body> 
 </post> 
<post id= "MS_30525_45769752"> 
<user id ="MS_147819654"> 
	 <username>Sir-Lionhart(Loves asian girl)</username> 
	 <sex>M</sex> 
	 <age>17</age> 
	 <city>MILWAUKEE</city> 
	 <province>Wisconsin</province> 
	 <country>US</country> 
	 </user> 
<date>1215261840</date> 
 <body>When the guy got the girl at the end of that one movie.</body> 
 </post> 
<post id= "MS_30525_45769850"> 
<user id ="MS_101859462"> 
	 <username>Alistair</username> 
	 <sex>M</sex> 
	 <age>18</age> 
	 <city>Congleton</city> 
	 <province>Northwest</province> 
	 <country>UK</country> 
	 </user> 
<date>1215262020</date> 
 <body>A few films with very memorable and some moving endings are:  The Shawshank Redemption Ghost ET Blade Runner Casablanca It's a wonderful life Citizen Kane</body> 
 </post> 
<post id= "MS_30525_45771704"> 
<user id ="MS_3420865"> 
	 <username>thatDUDEchris</username> 
	 <sex>M</sex> 
	 <age>24</age> 
	 <city>RANCHO CUCAMONGA</city> 
	 <province>California</province> 
	 <country>US</country> 
	 </user> 
<date>1215264840</date> 
 <body>fight club...buildings exploding to lose my mind, loved it  momento...left my jaw on the floor!  usual suspects....same side effect jaw still located on floor</body> 
 </post> 
<post id= "MS_30525_45772091"> 
<user id ="MS_317801027"> 
	 <username>!</username> 
	 <sex>M</sex> 
	 <age>99</age> 
	 <city>British Columbia</city> 
	 <province></province> 
	 <country>CA</country> 
	 </user> 
<date>1215265380</date> 
 <body> The only thing good about the ending to Citizen Kane is that it ended: boring. The credits are the highlight of the film.</body> 
 </post> 
<post id= "MS_30525_45772256"> 
<user id ="MS_101859462"> 
	 <username>Alistair</username> 
	 <sex>M</sex> 
	 <age>18</age> 
	 <city>Congleton</city> 
	 <province>Northwest</province> 
	 <country>UK</country> 
	 </user> 
<date>1215265620</date> 
 <body>  Oh right, was that why it became the most acclaimed film of all time? Actually Citizen Kane is a brilliant film, it was highly influential, it was a landmark in filmmaking, it practically changed the way films are made, Orson Welles created a certain cinematography in the film that is revolutionary</body> 
 </post> 
<post id= "MS_30525_45773171"> 
<user id ="MS_30463441"> 
	 <username>Bobby Brakeout</username> 
	 <sex>M</sex> 
	 <age>17</age> 
	 <city>Portland</city> 
	 <province>Tennessee</province> 
	 <country>US</country> 
	 </user> 
<date>1215266940</date> 
 <body>  Right here. Awesome ending.    Also, Se7en.</body> 
 </post> 
<post id= "MS_30525_45773315"> 
<user id ="MS_317801027"> 
	 <username>!</username> 
	 <sex>M</sex> 
	 <age>99</age> 
	 <city>British Columbia</city> 
	 <province></province> 
	 <country>CA</country> 
	 </user> 
<date>1215267120</date> 
 <body> Little Known Fact: Orson Welles is in the Guiness Book Of World Records for eating more pork chops than any human being ever in one sitting. Look it up.</body> 
 </post> 
<post id= "MS_30525_45776693"> 
<user id ="MS_391272730"> 
	 <username>Kelly</username> 
	 <sex>F</sex> 
	 <age>17</age> 
	 <city>SAN DIEGO</city> 
	 <province>California</province> 
	 <country>US</country> 
	 </user> 
<date>1215272940</date> 
 <body>Hm...I don't really pay attention to which endings I like best, but I must say I like the ending to the movie Wanted. I saw it yesterday. Actually, the whole movie was pretty good. IT was kind of confusing at time sbecause of the flashbacks and all, but I'd say it's better than a lot of the films that has been ocming out lately.</body> 
 </post> 
<post id= "MS_30525_45781746"> 
<user id ="MS_189766577"> 
	 <username>Laci in the Sky with Diamonds</username> 
	 <sex>F</sex> 
	 <age>16</age> 
	 <city>Cincinnati</city> 
	 <province>Ohio</province> 
	 <country>US</country> 
	 </user> 
<date>1215281520</date> 
 <body> Just 'starting'? Wow! Normally it takes a mere few moments for someone to dislike me. This must be a record!  Alright alright... here it is... dislike me if you will   'What's Eating Gilbert Grape' & 'The Other Boleyn Girl'     AND  I keep coming around to 'Sin City'... I just love how that ends.</body> 
 </post> 
</posts>