<?xml version="1.0" encoding="UTF-8"?> 
 <posts> 
<post id= "MS_30525_45746218"> 
<user id ="MS_317801027"> 
	 <username>!</username> 
	 <sex>M</sex> 
	 <age>99</age> 
	 <city>British Columbia</city> 
	 <province></province> 
	 <country>CA</country> 
	 </user> 
<date>1215209820</date> 
 <body>No, I don't like that ending. Come up with something better and report back later.</body> 
 </post> 
<post id= "MS_30525_45746307"> 
<user id ="MS_189766577"> 
	 <username>Laci in the Sky with Diamonds</username> 
	 <sex>F</sex> 
	 <age>16</age> 
	 <city>Cincinnati</city> 
	 <province>Ohio</province> 
	 <country>US</country> 
	 </user> 
<date>1215210000</date> 
 <body> How can you not like that ending?  ugh... alright... how about...  Thelma and Louise?  That ending was just... necessary  lol</body> 
 </post> 
<post id= "MS_30525_45746510"> 
<user id ="MS_317801027"> 
	 <username>!</username> 
	 <sex>M</sex> 
	 <age>99</age> 
	 <city>British Columbia</city> 
	 <province></province> 
	 <country>CA</country> 
	 </user> 
<date>1215210360</date> 
 <body>No, you selections are only getting worse. I'm starting to dislike you!</body> 
 </post> 
<post id= "MS_30525_45747455"> 
<user id ="MS_350147746"> 
	 <username>Wolverine</username> 
	 <sex>M</sex> 
	 <age>100</age> 
	 <city>South Carolina</city> 
	 <province></province> 
	 <country>US</country> 
	 </user> 
<date>1215212460</date> 
 <body>  Deserve's got nothin' to do with it. - Unforgiven</body> 
 </post> 
<post id= "MS_30525_45749174"> 
<user id ="MS_381552302"> 
	 <username>sucker_angel</username> 
	 <sex>F</sex> 
	 <age>16</age> 
	 <city>-1</city> 
	 <province></province> 
	 <country>LV</country> 
	 </user> 
<date>1215217080</date> 
 <body>Mine favourite ending phrase is in "The Departed"  'OK'</body> 
 </post> 
<post id= "MS_30525_45749610"> 
<user id ="MS_137140976"> 
	 <username>Mr. Witness</username> 
	 <sex>M</sex> 
	 <age>22</age> 
	 <city>Sherman Oaks</city> 
	 <province>CALIFORNIA</province> 
	 <country>US</country> 
	 </user> 
<date>1215219060</date> 
 <body>The gunfight in the graveyard at the end of THE GOOD, THE BAD, AND THE UGLY.  But that's not the end yet. Then Clint phucks with Tuco with the noose, the cross, the gold, and then "Hey, Blonde! You know what you are?".  Classic hands down-</body> 
 </post> 
<post id= "MS_30525_45750288"> 
<user id ="MS_97660171"> 
	 <username>Erik</username> 
	 <sex>M</sex> 
	 <age>27</age> 
	 <city>Aurora</city> 
	 <province>Illinois</province> 
	 <country>US</country> 
	 </user> 
<date>1215222420</date> 
 <body>Also gotta love the ending to Monty Python's "Life of Brian" ...Always look on the bright side of life *whistles* I don't think that the Pythons have ever had an ending that wasn't funny...</body> 
 </post> 
<post id= "MS_30525_45750644"> 
<user id ="MS_97660171"> 
	 <username>Erik</username> 
	 <sex>M</sex> 
	 <age>27</age> 
	 <city>Aurora</city> 
	 <province>Illinois</province> 
	 <country>US</country> 
	 </user> 
<date>1215223980</date> 
 <body>Both endings to Army of Darkness. The classic "S-Mart" ending and the Director's Cut "Apocalypse" Ending.</body> 
 </post> 
<post id= "MS_30525_45753175"> 
<user id ="MS_19742420"> 
	 <username>Why so serious</username> 
	 <sex>M</sex> 
	 <age>38</age> 
	 <city>TULSA</city> 
	 <province>Oklahoma</province> 
	 <country>US</country> 
	 </user> 
<date>1215232500</date> 
 <body>the end to the boondock saints....not the very end but the courtroom scene.    my personal fave...  jaws</body> 
 </post> 
<post id= "MS_30525_45753424"> 
<user id ="MS_388296446"> 
	 <username>Nick</username> 
	 <sex>M</sex> 
	 <age>18</age> 
	 <city>LARGO</city> 
	 <province>Florida</province> 
	 <country>US</country> 
	 </user> 
<date>1215233220</date> 
 <body>You cant talk about great movie endings without talking about "The Sting." shure it's lost it's "sting" now adays bacause it's commin knoledge and tons of movies have imataded that ending makeing it a bit cheshe, but when it came out, yhe audiance appaded the ending.</body> 
 </post> 
</posts>