<?xml version="1.0" encoding="UTF-8"?> 
 <posts> 
<post id= "MS_30525_45730779"> 
<user id ="MS_188910048"> 
	 <username>Ross thinks that you should worship Thomas Jones</username> 
	 <sex>M</sex> 
	 <age>17</age> 
	 <city>Manhattan</city> 
	 <province>New York</province> 
	 <country>US</country> 
	 </user> 
<date>1215179100</date> 
 <body>  The Mist? are you kidding? the ending is what killed that movie.   anyway best endings:  Dr. Strangelove Godfather part 1 Bonnie and Clyde 400 Blows Les Diaboliques The Usual Suspects.</body> 
 </post> 
<post id= "MS_30525_45730843"> 
<user id ="MS_60439146"> 
	 <username>El REY a.k.a. Da Franchise</username> 
	 <sex>M</sex> 
	 <age>25</age> 
	 <city>BRONX</city> 
	 <province>New York</province> 
	 <country>US</country> 
	 </user> 
<date>1215179220</date> 
 <body>The Passenger</body> 
 </post> 
<post id= "MS_30525_45730923"> 
<user id ="MS_97660171"> 
	 <username>Erik</username> 
	 <sex>M</sex> 
	 <age>27</age> 
	 <city>Aurora</city> 
	 <province>Illinois</province> 
	 <country>US</country> 
	 </user> 
<date>1215179340</date> 
 <body>Monty Python and the Holy Grail. ...Greatest, most anti-climactic ending ever!</body> 
 </post> 
<post id= "MS_30525_45730953"> 
<user id ="MS_19742420"> 
	 <username>Why so serious</username> 
	 <sex>M</sex> 
	 <age>38</age> 
	 <city>TULSA</city> 
	 <province>Oklahoma</province> 
	 <country>US</country> 
	 </user> 
<date>1215179400</date> 
 <body>one of my faves....saw</body> 
 </post> 
<post id= "MS_30525_45731283"> 
<user id ="MS_358584800"> 
	 <username>Spanki McSpankster</username> 
	 <sex>F</sex> 
	 <age>31</age> 
	 <city>VA</city> 
	 <province></province> 
	 <country></country> 
	 </user> 
<date>1215179820</date> 
 <body>The Skeleton Key</body> 
 </post> 
<post id= "MS_30525_45731825"> 
<user id ="MS_3389609"> 
	 <username>Â­redrum</username> 
	 <sex>M</sex> 
	 <age>69</age> 
	 <city>Don't bother asking</city> 
	 <province>I will NOT be your friend</province> 
	 <country>US</country> 
	 </user> 
<date>1215180600</date> 
 <body> You are in an EXTREME minority here. Most people loved the ending to The Mist.</body> 
 </post> 
<post id= "MS_30525_45735140"> 
<user id ="MS_97326494"> 
	 <username>Duncan Destruction</username> 
	 <sex>M</sex> 
	 <age>25</age> 
	 <city>Dundee</city> 
	 <province>Scotland</province> 
	 <country>UK</country> 
	 </user> 
<date>1215185160</date> 
 <body>Bug  "Whoooooooooooooosh"</body> 
 </post> 
<post id= "MS_30525_45739207"> 
<user id ="MS_302525371"> 
	 <username>GarrettÂ©</username> 
	 <sex>M</sex> 
	 <age>15</age> 
	 <city>ROWE</city> 
	 <province>Virginia</province> 
	 <country>US</country> 
	 </user> 
<date>1215194040</date> 
 <body>the ending to sweeney todd was kinda wierd. *may be spoilers*  i mean when his blood runs all over his wife? idk but i loved that movie</body> 
 </post> 
<post id= "MS_30525_45739661"> 
<user id ="MS_244717902"> 
	 <username>freshman_again</username> 
	 <sex>F</sex> 
	 <age>18</age> 
	 <city>Freebird</city> 
	 <province>Texas</province> 
	 <country>US</country> 
	 </user> 
<date>1215195060</date> 
 <body>Let me see,  The Count Of Monte Cristo(loved that movie) 300 When Billy Beat Bobby V For Vendetta</body> 
 </post> 
<post id= "MS_30525_45739706"> 
<user id ="MS_244717902"> 
	 <username>freshman_again</username> 
	 <sex>F</sex> 
	 <age>18</age> 
	 <city>Freebird</city> 
	 <province>Texas</province> 
	 <country>US</country> 
	 </user> 
<date>1215195180</date> 
 <body>  Oooh! How could I forget The Holy Grail! That was an awesome, awesome ending. It just ended. Doesn't finish the story or anything. It was greatness. I love Mel Brooks.</body> 
 </post> 
</posts>