<?xml version="1.0" encoding="UTF-8"?> 
 <posts> 
<post id= "MS_29389_47204147"> 
<user id ="MS_115091385"> 
	 <username>Mark</username> 
	 <sex>M</sex> 
	 <age>40</age> 
	 <city>CHICAGO</city> 
	 <province>ILLINOIS</province> 
	 <country>US</country> 
	 </user> 
<date>1217573940</date> 
 <body>  Are there any drive-ins left in America?</body> 
 </post> 
<post id= "MS_29389_47278030"> 
<user id ="MS_64042473"> 
	 <username>Ecirtap</username> 
	 <sex>F</sex> 
	 <age>99</age> 
	 <city>New Jersey</city> 
	 <province></province> 
	 <country>US</country> 
	 </user> 
<date>1217687640</date> 
 <body>There is one in NJ that I know of and I think there is still one in PA and CA. Not sure about anywhere else. I love drive ins? Loved this movie, revenge is a bitch. I saw it years ago and this was the first film I saw where a woman just fucked her attackers up. Loved that!!! Glad you watched it again. I told you :)</body> 
 </post> 
<post id= "MS_29389_47342819"> 
<user id ="MS_115091385"> 
	 <username>Mark</username> 
	 <sex>M</sex> 
	 <age>40</age> 
	 <city>CHICAGO</city> 
	 <province>ILLINOIS</province> 
	 <country>US</country> 
	 </user> 
<date>1217793660</date> 
 <body>You were correct miss lady! As I reflect back on it, I did find it somewhat disturbing that she allowed the mentally challenged dude to have sex with her before killing him. Did she feel sorry for him and did not want him to die a virgin? I get getting naked with the lead dude to castrate him in the tub, but the hanging thing didn't really make sense. I thought she did it to make it look like a suicide at first, but nope.</body> 
 </post> 
<post id= "MS_29389_47345479"> 
<user id ="MS_320148833"> 
	 <username>Ã¢ËÂ JennÃ¢ËÂ </username> 
	 <sex>F</sex> 
	 <age>28</age> 
	 <city>SACRAMENTO</city> 
	 <province>California</province> 
	 <country>US</country> 
	 </user> 
<date>1217797500</date> 
 <body>  We have on in Sac thats been open 20+ years. Its closing after summer :(</body> 
 </post> 
<post id= "MS_29389_47345546"> 
<user id ="MS_320148833"> 
	 <username>Ã¢ËÂ JennÃ¢ËÂ </username> 
	 <sex>F</sex> 
	 <age>28</age> 
	 <city>SACRAMENTO</city> 
	 <province>California</province> 
	 <country>US</country> 
	 </user> 
<date>1217797620</date> 
 <body>  Werent all the killings done in a sexual way? I think thats what makes the movie more unique and twisted.</body> 
 </post> 
<post id= "MS_29389_47346662"> 
<user id ="MS_115091385"> 
	 <username>Mark</username> 
	 <sex>M</sex> 
	 <age>40</age> 
	 <city>CHICAGO</city> 
	 <province>ILLINOIS</province> 
	 <country>US</country> 
	 </user> 
<date>1217799480</date> 
 <body>Another one bites the dust huh. Too bad. Going to the drive in as a kid was such fun. Glad to hear there is still one in NJ. And the last two murders weren't sexual really. She didn't have to get naked at all! And I am torn, should I have been happy or sad that she didn;t get naked.</body> 
 </post> 
<post id= "MS_29389_47347281"> 
<user id ="MS_320148833"> 
	 <username>Ã¢ËÂ JennÃ¢ËÂ </username> 
	 <sex>F</sex> 
	 <age>28</age> 
	 <city>SACRAMENTO</city> 
	 <province>California</province> 
	 <country>US</country> 
	 </user> 
<date>1217800620</date> 
 <body>  Yeah I didnt see the last murders. I know they were done on a boat but I didnt see how she did them.</body> 
 </post> 
<post id= "MS_29389_47347718"> 
<user id ="MS_53137974"> 
	 <username>SkeleTony</username> 
	 <sex>M</sex> 
	 <age>39</age> 
	 <city>TACOMA</city> 
	 <province>Washington</province> 
	 <country>US</country> 
	 </user> 
<date>1217801400</date> 
 <body>Didn't I read somewhere that they are currently remaking this film?  We had the Star-Lite Drive In for many years here but back in the late 1980s it was shut down and converted to a swap meet, which is still is to this day. The giant movie screen is still up and everything though.</body> 
 </post> 
<post id= "MS_29389_47348270"> 
<user id ="MS_53137974"> 
	 <username>SkeleTony</username> 
	 <sex>M</sex> 
	 <age>39</age> 
	 <city>TACOMA</city> 
	 <province>Washington</province> 
	 <country>US</country> 
	 </user> 
<date>1217802600</date> 
 <body>Also wanted to add that, while I Spit on your Grave probably does have the most disturbingly graphic rape depictions, does anyone else remember Mother's Day? A bizarre 1980s, direct-to-video(I think) slasher that had the family of backwoods retards who kidnap and rape a group of female campers(the men do while their crazy old mom watches and laughs) and, like I Spit..., features a few of the surviving girls getting revenge on the hicks(one notable scene involved someone downing some Draino) towards the end but the whole thing was disturbing as Hell to me back then. I have not seen it since then though so it maybe just a cheese-fest I do not remember well.  Also Henry: Portrait of a Serial Killer has a scene or two that put me off of horror flicks for a while.</body> 
 </post> 
<post id= "MS_29389_47375351"> 
<user id ="MS_115091385"> 
	 <username>Mark</username> 
	 <sex>M</sex> 
	 <age>40</age> 
	 <city>CHICAGO</city> 
	 <province>ILLINOIS</province> 
	 <country>US</country> 
	 </user> 
<date>1217848380</date> 
 <body>Yep, drive-ins make great swap meets. The 3 we had in Chicago have all shut down. We do have a movie in the park night(Grant Park) downtown that's free. They show classics like All About Eve, North By Northwest to keep all the crazy teens and gangbangers away. All on a huge screen with great sound. You bring your picnic stuff or just a blanket and chill.  I think I did see that Mother's day. I can't remember what it was about though.</body> 
 </post> 
</posts>