<?xml version="1.0" encoding="UTF-8"?> 
 <posts> 
<post id= "MS_7224_47235962"> 
<user id ="MS_397539375"> 
	 <username>Zack</username> 
	 <sex>M</sex> 
	 <age>21</age> 
	 <city>Hartford</city> 
	 <province>Connecticut</province> 
	 <country>US</country> 
	 </user> 
<date>1217611860</date> 
 <body>This</body> 
 </post> 
<post id= "MS_7224_47236038"> 
<user id ="MS_366469022"> 
	 <username>Jennsturrr :'Dâ¢</username> 
	 <sex>F</sex> 
	 <age>16</age> 
	 <city>Miami</city> 
	 <province>Florida</province> 
	 <country>US</country> 
	 </user> 
<date>1217611920</date> 
 <body>  Lol, it does.. I'm surprised you didn't say..  "Pfft, drop that zero and get with a hero...') *cheesy smile with yur thumbs up*"  lmao jk</body> 
 </post> 
<post id= "MS_7224_47236126"> 
<user id ="MS_108793881"> 
	 <username>Mr. Gribble~Beast Mode</username> 
	 <sex>M</sex> 
	 <age>22</age> 
	 <city>nowhere</city> 
	 <province>Tennessee</province> 
	 <country>US</country> 
	 </user> 
<date>1217612040</date> 
 <body>well what i meant to say is.....if i could rearange the ABC's i would put U and I together...lol jus playin.</body> 
 </post> 
<post id= "MS_7224_47236176"> 
<user id ="MS_366469022"> 
	 <username>Jennsturrr :'Dâ¢</username> 
	 <sex>F</sex> 
	 <age>16</age> 
	 <city>Miami</city> 
	 <province>Florida</province> 
	 <country>US</country> 
	 </user> 
<date>1217612100</date> 
 <body>LMAO. That. Was. So. Cheddar. x]</body> 
 </post> 
<post id= "MS_7224_47236278"> 
<user id ="MS_182348487"> 
	 <username>Stay. [u really have no idea]</username> 
	 <sex>F</sex> 
	 <age>19</age> 
	 <city>Mish Town</city> 
	 <province>Montana</province> 
	 <country>US</country> 
	 </user> 
<date>1217612220</date> 
 <body> you're sooo macho!</body> 
 </post> 
<post id= "MS_7224_47236281"> 
<user id ="MS_108793881"> 
	 <username>Mr. Gribble~Beast Mode</username> 
	 <sex>M</sex> 
	 <age>22</age> 
	 <city>nowhere</city> 
	 <province>Tennessee</province> 
	 <country>US</country> 
	 </user> 
<date>1217612220</date> 
 <body>lol hey i never said i was good at pick up lines. i jus usually smile and wink. and the girls jus melt lol.</body> 
 </post> 
<post id= "MS_7224_47236351"> 
<user id ="MS_366469022"> 
	 <username>Jennsturrr :'Dâ¢</username> 
	 <sex>F</sex> 
	 <age>16</age> 
	 <city>Miami</city> 
	 <province>Florida</province> 
	 <country>US</country> 
	 </user> 
<date>1217612280</date> 
 <body>Pffft, surrrreeee. And all I have to do and be like "eh behbeh...what's yur sign..;)" and they wanna marry me. LMAO JUST KIDDING x08413563</body> 
 </post> 
<post id= "MS_7224_47236466"> 
<user id ="MS_108793881"> 
	 <username>Mr. Gribble~Beast Mode</username> 
	 <sex>M</sex> 
	 <age>22</age> 
	 <city>nowhere</city> 
	 <province>Tennessee</province> 
	 <country>US</country> 
	 </user> 
<date>1217612400</date> 
 <body>hahaha....hey it might work.  lol</body> 
 </post> 
<post id= "MS_7224_47236505"> 
<user id ="MS_366469022"> 
	 <username>Jennsturrr :'Dâ¢</username> 
	 <sex>F</sex> 
	 <age>16</age> 
	 <city>Miami</city> 
	 <province>Florida</province> 
	 <country>US</country> 
	 </user> 
<date>1217612460</date> 
 <body>Lol.. It has. >.> <.<  j.k!! !!k.j</body> 
 </post> 
<post id= "MS_7224_47236601"> 
<user id ="MS_108793881"> 
	 <username>Mr. Gribble~Beast Mode</username> 
	 <sex>M</sex> 
	 <age>22</age> 
	 <city>nowhere</city> 
	 <province>Tennessee</province> 
	 <country>US</country> 
	 </user> 
<date>1217612580</date> 
 <body>lmao oohhhh...  well i gotta go.i got friends up from outta town and im jus chillin on the computer...lol im a bad friend....dneirf   damn those mirrors</body> 
 </post> 
</posts>