<?xml version="1.0" encoding="UTF-8"?> 
 <posts> 
<post id= "MS_7224_47229757"> 
<user id ="MS_366469022"> 
	 <username>Jennsturrr :'Dâ¢</username> 
	 <sex>F</sex> 
	 <age>16</age> 
	 <city>Miami</city> 
	 <province>Florida</province> 
	 <country>US</country> 
	 </user> 
<date>1217603700</date> 
 <body>I've been talking to someone for about 2 years now on and off. And before we started talking again he got cheated on by his previous gf...so, at first he would never stop talking about her..and I kinda got pissed off...But now, I went on his myspace an dhe has a music video of a song "missin' you"...and I know sure as hell know it isn't about me. So he tells me now that his "friend" posted it up...so should I believe what I saw..or give him the benefit of the doubt?</body> 
 </post> 
<post id= "MS_7224_47235583"> 
<user id ="MS_366469022"> 
	 <username>Jennsturrr :'Dâ¢</username> 
	 <sex>F</sex> 
	 <age>16</age> 
	 <city>Miami</city> 
	 <province>Florida</province> 
	 <country>US</country> 
	 </user> 
<date>1217611440</date> 
 <body>I guess there aren't any Dr.Phil's up in hurr. lmao x]</body> 
 </post> 
<post id= "MS_7224_47235808"> 
<user id ="MS_182348487"> 
	 <username>Stay. [u really have no idea]</username> 
	 <sex>F</sex> 
	 <age>19</age> 
	 <city>Mish Town</city> 
	 <province>Montana</province> 
	 <country>US</country> 
	 </user> 
<date>1217611680</date> 
 <body>it's definately dedicated to his ex and i'm sure he did posted.it's obvious that he's not ready for a new gf yet,so give him that time cuz all he needs right now is a good friend until he's ready to open his heart to someone else again.  i hope i answered your question...</body> 
 </post> 
<post id= "MS_7224_47235910"> 
<user id ="MS_366469022"> 
	 <username>Jennsturrr :'Dâ¢</username> 
	 <sex>F</sex> 
	 <age>16</age> 
	 <city>Miami</city> 
	 <province>Florida</province> 
	 <country>US</country> 
	 </user> 
<date>1217611800</date> 
 <body>Thanks(:</body> 
 </post> 
<post id= "MS_7224_47235934"> 
<user id ="MS_108793881"> 
	 <username>Mr. Gribble~Beast Mode</username> 
	 <sex>M</sex> 
	 <age>22</age> 
	 <city>nowhere</city> 
	 <province>Tennessee</province> 
	 <country>US</country> 
	 </user> 
<date>1217611800</date> 
 <body>  i think every one desrves a chance. but if you think he still has feelings for tihs other girl than it wont work out. trust me. i know i speak jibberish most of the time lol. but ive been through alot and i have been through that whole thing before. if your getting stessed over if he still has feelings for this girl it will make it harder on your relationship. you said you guys have been together for 2 years on and off. but thats not really that long. your still young and can find plentry of others, who you CAN trust and know for a fact that your the only one they care about. i hope this helps and makes sense lol.</body> 
 </post> 
<post id= "MS_7224_47235962"> 
<user id ="MS_397539375"> 
	 <username>Zack</username> 
	 <sex>M</sex> 
	 <age>21</age> 
	 <city>Hartford</city> 
	 <province>Connecticut</province> 
	 <country>US</country> 
	 </user> 
<date>1217611860</date> 
 <body>This</body> 
 </post> 
<post id= "MS_7224_47236038"> 
<user id ="MS_366469022"> 
	 <username>Jennsturrr :'Dâ¢</username> 
	 <sex>F</sex> 
	 <age>16</age> 
	 <city>Miami</city> 
	 <province>Florida</province> 
	 <country>US</country> 
	 </user> 
<date>1217611920</date> 
 <body>  Lol, it does.. I'm surprised you didn't say..  "Pfft, drop that zero and get with a hero...') *cheesy smile with yur thumbs up*"  lmao jk</body> 
 </post> 
<post id= "MS_7224_47236126"> 
<user id ="MS_108793881"> 
	 <username>Mr. Gribble~Beast Mode</username> 
	 <sex>M</sex> 
	 <age>22</age> 
	 <city>nowhere</city> 
	 <province>Tennessee</province> 
	 <country>US</country> 
	 </user> 
<date>1217612040</date> 
 <body>well what i meant to say is.....if i could rearange the ABC's i would put U and I together...lol jus playin.</body> 
 </post> 
<post id= "MS_7224_47236176"> 
<user id ="MS_366469022"> 
	 <username>Jennsturrr :'Dâ¢</username> 
	 <sex>F</sex> 
	 <age>16</age> 
	 <city>Miami</city> 
	 <province>Florida</province> 
	 <country>US</country> 
	 </user> 
<date>1217612100</date> 
 <body>LMAO. That. Was. So. Cheddar. x]</body> 
 </post> 
<post id= "MS_7224_47236278"> 
<user id ="MS_182348487"> 
	 <username>Stay. [u really have no idea]</username> 
	 <sex>F</sex> 
	 <age>19</age> 
	 <city>Mish Town</city> 
	 <province>Montana</province> 
	 <country>US</country> 
	 </user> 
<date>1217612220</date> 
 <body> you're sooo macho!</body> 
 </post> 
</posts>