<?xml version="1.0" encoding="UTF-8"?> 
 <posts> 
<post id= "MS_7224_47236278"> 
<user id ="MS_182348487"> 
	 <username>Stay. [u really have no idea]</username> 
	 <sex>F</sex> 
	 <age>19</age> 
	 <city>Mish Town</city> 
	 <province>Montana</province> 
	 <country>US</country> 
	 </user> 
<date>1217612220</date> 
 <body> you're sooo macho!</body> 
 </post> 
<post id= "MS_7224_47236281"> 
<user id ="MS_108793881"> 
	 <username>Mr. Gribble~Beast Mode</username> 
	 <sex>M</sex> 
	 <age>22</age> 
	 <city>nowhere</city> 
	 <province>Tennessee</province> 
	 <country>US</country> 
	 </user> 
<date>1217612220</date> 
 <body>lol hey i never said i was good at pick up lines. i jus usually smile and wink. and the girls jus melt lol.</body> 
 </post> 
<post id= "MS_7224_47236351"> 
<user id ="MS_366469022"> 
	 <username>Jennsturrr :'Dâ¢</username> 
	 <sex>F</sex> 
	 <age>16</age> 
	 <city>Miami</city> 
	 <province>Florida</province> 
	 <country>US</country> 
	 </user> 
<date>1217612280</date> 
 <body>Pffft, surrrreeee. And all I have to do and be like "eh behbeh...what's yur sign..;)" and they wanna marry me. LMAO JUST KIDDING x08413563</body> 
 </post> 
<post id= "MS_7224_47236466"> 
<user id ="MS_108793881"> 
	 <username>Mr. Gribble~Beast Mode</username> 
	 <sex>M</sex> 
	 <age>22</age> 
	 <city>nowhere</city> 
	 <province>Tennessee</province> 
	 <country>US</country> 
	 </user> 
<date>1217612400</date> 
 <body>hahaha....hey it might work.  lol</body> 
 </post> 
<post id= "MS_7224_47236505"> 
<user id ="MS_366469022"> 
	 <username>Jennsturrr :'Dâ¢</username> 
	 <sex>F</sex> 
	 <age>16</age> 
	 <city>Miami</city> 
	 <province>Florida</province> 
	 <country>US</country> 
	 </user> 
<date>1217612460</date> 
 <body>Lol.. It has. >.> <.<  j.k!! !!k.j</body> 
 </post> 
<post id= "MS_7224_47236601"> 
<user id ="MS_108793881"> 
	 <username>Mr. Gribble~Beast Mode</username> 
	 <sex>M</sex> 
	 <age>22</age> 
	 <city>nowhere</city> 
	 <province>Tennessee</province> 
	 <country>US</country> 
	 </user> 
<date>1217612580</date> 
 <body>lmao oohhhh...  well i gotta go.i got friends up from outta town and im jus chillin on the computer...lol im a bad friend....dneirf   damn those mirrors</body> 
 </post> 
<post id= "MS_7224_47236669"> 
<user id ="MS_366469022"> 
	 <username>Jennsturrr :'Dâ¢</username> 
	 <sex>F</sex> 
	 <age>16</age> 
	 <city>Miami</city> 
	 <province>Florida</province> 
	 <country>US</country> 
	 </user> 
<date>1217612640</date> 
 <body>Buh Bye Mr. Giggles! !selggiG .rM</body> 
 </post> 
<post id= "MS_7224_47236704"> 
<user id ="MS_108793881"> 
	 <username>Mr. Gribble~Beast Mode</username> 
	 <sex>M</sex> 
	 <age>22</age> 
	 <city>nowhere</city> 
	 <province>Tennessee</province> 
	 <country>US</country> 
	 </user> 
<date>1217612700</date> 
 <body> lol c ya...have fun on ur b-day hamburgleress</body> 
 </post> 
<post id= "MS_7224_47236950"> 
<user id ="MS_390666806"> 
	 <username>Doom</username> 
	 <sex>M</sex> 
	 <age>34</age> 
	 <city>PartUnown</city> 
	 <province>New York</province> 
	 <country>US</country> 
	 </user> 
<date>1217613000</date> 
 <body>He's thinking of her, N he is dumb cause u are fine.</body> 
 </post> 
<post id= "MS_7224_47250363"> 
<user id ="MS_62010409"> 
	 <username>Jessica!</username> 
	 <sex>F</sex> 
	 <age>17</age> 
	 <city>El Segundo</city> 
	 <province>California</province> 
	 <country>US</country> 
	 </user> 
<date>1217632380</date> 
 <body>  you sound kinda crazy. you arnt his girlfriend, theres no ring on his finger, he has no commitment to you.  he really is not at fault at all. being cheated on and feeling bad about it also dosnt mean he has exclusive feelings for his ex, he was rejected and it must have hurt.</body> 
 </post> 
</posts>