<?xml version="1.0" encoding="UTF-8"?> 
 <posts> 
<post id= "MS_716_47532353"> 
<user id ="MS_28997633"> 
	 <username>Sarah {SPWC}</username> 
	 <sex>F</sex> 
	 <age>27</age> 
	 <city>Southern</city> 
	 <province>California</province> 
	 <country>US</country> 
	 </user> 
<date>1218062040</date> 
 <body>Alcohol... 5 years ago, Weed!</body> 
 </post> 
<post id= "MS_716_47533709"> 
<user id ="MS_17902449"> 
	 <username>Ronald mcdonald touched my no no spot</username> 
	 <sex>M</sex> 
	 <age>27</age> 
	 <city>peotone</city> 
	 <province>Illinois</province> 
	 <country>US</country> 
	 </user> 
<date>1218064740</date> 
 <body>Next question spit or swallow when you go to jail for either of these?</body> 
 </post> 
<post id= "MS_716_47533746"> 
<user id ="MS_387650051"> 
	 <username>Cristina.</username> 
	 <sex>F</sex> 
	 <age>95</age> 
	 <city>hiding in</city> 
	 <province></province> 
	 <country>KG</country> 
	 </user> 
<date>1218064860</date> 
 <body>how about both</body> 
 </post> 
<post id= "MS_716_47533815"> 
<user id ="MS_17902449"> 
	 <username>Ronald mcdonald touched my no no spot</username> 
	 <sex>M</sex> 
	 <age>27</age> 
	 <city>peotone</city> 
	 <province>Illinois</province> 
	 <country>US</country> 
	 </user> 
<date>1218065040</date> 
 <body> I think you need to answer my question I think its more educational as of this moment for us men.</body> 
 </post> 
<post id= "MS_716_47533831"> 
<user id ="MS_387650051"> 
	 <username>Cristina.</username> 
	 <sex>F</sex> 
	 <age>95</age> 
	 <city>hiding in</city> 
	 <province></province> 
	 <country>KG</country> 
	 </user> 
<date>1218065040</date> 
 <body> lol why is it more educational?</body> 
 </post> 
<post id= "MS_716_47533850"> 
<user id ="MS_387650051"> 
	 <username>Cristina.</username> 
	 <sex>F</sex> 
	 <age>95</age> 
	 <city>hiding in</city> 
	 <province></province> 
	 <country>KG</country> 
	 </user> 
<date>1218065100</date> 
 <body>pffft</body> 
 </post> 
<post id= "MS_716_47533852"> 
<user id ="MS_17902449"> 
	 <username>Ronald mcdonald touched my no no spot</username> 
	 <sex>M</sex> 
	 <age>27</age> 
	 <city>peotone</city> 
	 <province>Illinois</province> 
	 <country>US</country> 
	 </user> 
<date>1218065100</date> 
 <body> Ummm ok we can avoid your question right now.Yet if you answer mine that would be super.</body> 
 </post> 
<post id= "MS_716_47533894"> 
<user id ="MS_387650051"> 
	 <username>Cristina.</username> 
	 <sex>F</sex> 
	 <age>95</age> 
	 <city>hiding in</city> 
	 <province></province> 
	 <country>KG</country> 
	 </user> 
<date>1218065160</date> 
 <body> post your question in the HS thread trust me you'll get a lot of answers lolz :)</body> 
 </post> 
<post id= "MS_716_47533912"> 
<user id ="MS_400666827"> 
	 <username>Bryan (Banned again)</username> 
	 <sex>M</sex> 
	 <age>19</age> 
	 <city>Tampa</city> 
	 <province>Florida</province> 
	 <country>US</country> 
	 </user> 
<date>1218065220</date> 
 <body>Don't carry faggotry over.</body> 
 </post> 
<post id= "MS_716_47533926"> 
<user id ="MS_17902449"> 
	 <username>Ronald mcdonald touched my no no spot</username> 
	 <sex>M</sex> 
	 <age>27</age> 
	 <city>peotone</city> 
	 <province>Illinois</province> 
	 <country>US</country> 
	 </user> 
<date>1218065280</date> 
 <body> So I now feel like a child molestor this is kinda fun.</body> 
 </post> 
</posts>