<?xml version="1.0" encoding="UTF-8"?> 
 <posts> 
<post id= "MS_716_47533957"> 
<user id ="MS_17902449"> 
	 <username>Ronald mcdonald touched my no no spot</username> 
	 <sex>M</sex> 
	 <age>27</age> 
	 <city>peotone</city> 
	 <province>Illinois</province> 
	 <country>US</country> 
	 </user> 
<date>1218065340</date> 
 <body> Faggotry? is that a utensil used for homosexual pancakes?</body> 
 </post> 
<post id= "MS_716_47533974"> 
<user id ="MS_17902449"> 
	 <username>Ronald mcdonald touched my no no spot</username> 
	 <sex>M</sex> 
	 <age>27</age> 
	 <city>peotone</city> 
	 <province>Illinois</province> 
	 <country>US</country> 
	 </user> 
<date>1218065400</date> 
 <body> So by exactly you mean spit then awesome.</body> 
 </post> 
<post id= "MS_716_47533998"> 
<user id ="MS_387650051"> 
	 <username>Cristina.</username> 
	 <sex>F</sex> 
	 <age>95</age> 
	 <city>hiding in</city> 
	 <province></province> 
	 <country>KG</country> 
	 </user> 
<date>1218065400</date> 
 <body></body> 
 </post> 
<post id= "MS_716_47533999"> 
<user id ="MS_400666827"> 
	 <username>Bryan (Banned again)</username> 
	 <sex>M</sex> 
	 <age>19</age> 
	 <city>Tampa</city> 
	 <province>Florida</province> 
	 <country>US</country> 
	 </user> 
<date>1218065400</date> 
 <body>  They're for layering on the batter.</body> 
 </post> 
<post id= "MS_716_47534021"> 
<user id ="MS_17902449"> 
	 <username>Ronald mcdonald touched my no no spot</username> 
	 <sex>M</sex> 
	 <age>27</age> 
	 <city>peotone</city> 
	 <province>Illinois</province> 
	 <country>US</country> 
	 </user> 
<date>1218065460</date> 
 <body> Can you get em on ebay or only on matthew stewart's site?</body> 
 </post> 
<post id= "MS_716_47534044"> 
<user id ="MS_400666827"> 
	 <username>Bryan (Banned again)</username> 
	 <sex>M</sex> 
	 <age>19</age> 
	 <city>Tampa</city> 
	 <province>Florida</province> 
	 <country>US</country> 
	 </user> 
<date>1218065520</date> 
 <body>  They are so manly they turn Martha into Matthew.</body> 
 </post> 
<post id= "MS_716_47534126"> 
<user id ="MS_17902449"> 
	 <username>Ronald mcdonald touched my no no spot</username> 
	 <sex>M</sex> 
	 <age>27</age> 
	 <city>peotone</city> 
	 <province>Illinois</province> 
	 <country>US</country> 
	 </user> 
<date>1218065700</date> 
 <body> See I was feeling kinda overyish so Now I must have it.</body> 
 </post> 
<post id= "MS_716_47534155"> 
<user id ="MS_400666827"> 
	 <username>Bryan (Banned again)</username> 
	 <sex>M</sex> 
	 <age>19</age> 
	 <city>Tampa</city> 
	 <province>Florida</province> 
	 <country>US</country> 
	 </user> 
<date>1218065820</date> 
 <body>  Too fucking bad.  Discontinued.  Not carried in stores.  Specialty item for a specialty price.</body> 
 </post> 
<post id= "MS_716_47534300"> 
<user id ="MS_17902449"> 
	 <username>Ronald mcdonald touched my no no spot</username> 
	 <sex>M</sex> 
	 <age>27</age> 
	 <city>peotone</city> 
	 <province>Illinois</province> 
	 <country>US</country> 
	 </user> 
<date>1218066180</date> 
 <body> Well now I guess I must grow my moobs out & grow the coolest porn mustache in the world like yours.Which is fuckin awesome might I add.</body> 
 </post> 
<post id= "MS_716_47537180"> 
<user id ="MS_166061084"> 
	 <username>Xaphan</username> 
	 <sex>F</sex> 
	 <age>17</age> 
	 <city>Durango</city> 
	 <province>Colorado</province> 
	 <country>US</country> 
	 </user> 
<date>1218074280</date> 
 <body>I like both, but personally like liquor more.  I've actually had a friend constantly down my throat with "No, weed is the way to go!!! You'll feel so much better and less angry!!! Alcohol drinkers are always mad and no fun!!" and it's honestly making me hate the idea of smoking more and more.</body> 
 </post> 
</posts>