<?xml version="1.0" encoding="UTF-8"?> 
 <posts> 
<post id= "MS_716_47494787"> 
<user id ="MS_398482006"> 
	 <username>omegawolf</username> 
	 <sex>M</sex> 
	 <age>27</age> 
	 <city>MINNEAPOLIS</city> 
	 <province>Minnesota</province> 
	 <country>US</country> 
	 </user> 
<date>1218016620</date> 
 <body> any thing less than an once is a peddy misdemeanor. no jail time</body> 
 </post> 
<post id= "MS_716_47494907"> 
<user id ="MS_398482006"> 
	 <username>omegawolf</username> 
	 <sex>M</sex> 
	 <age>27</age> 
	 <city>MINNEAPOLIS</city> 
	 <province>Minnesota</province> 
	 <country>US</country> 
	 </user> 
<date>1218016740</date> 
 <body>weed can be free. its called growing it.</body> 
 </post> 
<post id= "MS_716_47495042"> 
<user id ="MS_398482006"> 
	 <username>omegawolf</username> 
	 <sex>M</sex> 
	 <age>27</age> 
	 <city>MINNEAPOLIS</city> 
	 <province>Minnesota</province> 
	 <country>US</country> 
	 </user> 
<date>1218016920</date> 
 <body> dose you're alcohol grow. no.</body> 
 </post> 
<post id= "MS_716_47496738"> 
<user id ="MS_361123206"> 
	 <username>yrogerg</username> 
	 <sex>M</sex> 
	 <age>31</age> 
	 <city>stevenson</city> 
	 <province>Washington</province> 
	 <country>US</country> 
	 </user> 
<date>1218018720</date> 
 <body>both together(droned)</body> 
 </post> 
<post id= "MS_716_47506360"> 
<user id ="MS_309986572"> 
	 <username>Captain Heartless</username> 
	 <sex>M</sex> 
	 <age>29</age> 
	 <city>The Soul Society-New Ro</city> 
	 <province>New York</province> 
	 <country>US</country> 
	 </user> 
<date>1218029220</date> 
 <body>weed...no...wait...alcohol, ummm both f**k it!!!</body> 
 </post> 
<post id= "MS_716_47508095"> 
<user id ="MS_385645042"> 
	 <username>mike strobe</username> 
	 <sex>M</sex> 
	 <age>18</age> 
	 <city>Lancaster</city> 
	 <province>Ohio</province> 
	 <country>US</country> 
	 </user> 
<date>1218031020</date> 
 <body>youre all a bunch of FUCKING IDIOTS weed and alchohol both SUCK they both FUCK YOU UP   the best thing is PORN. it is all natural and doesnt hurt you plus, i like getting off more than getting high.   tho i should follow my own advice with that..but nvm *im a pill doer* :(</body> 
 </post> 
<post id= "MS_716_47517083"> 
<user id ="MS_199684216"> 
	 <username>Phreak</username> 
	 <sex>F</sex> 
	 <age>22</age> 
	 <city>SÃ¸r-TrÃ¸ndelag</city> 
	 <province></province> 
	 <country>NO</country> 
	 </user> 
<date>1218042060</date> 
 <body>Alcohol is legal. We even make home-made beer here for Christmas. It's a Norwegian tradition.  Cannabis, on the other hand, will get me arrested and charged a fee.</body> 
 </post> 
<post id= "MS_716_47517367"> 
<user id ="MS_31376225"> 
	 <username>***CoolBOY**</username> 
	 <sex>M</sex> 
	 <age>20</age> 
	 <city>Perth</city> 
	 <province>Western Australia</province> 
	 <country>AU</country> 
	 </user> 
<date>1218042420</date> 
 <body>i prefer weed & porn! i feel to fuck when am Intellectually bored....</body> 
 </post> 
<post id= "MS_716_47521875"> 
<user id ="MS_25218945"> 
	 <username>grim</username> 
	 <sex>M</sex> 
	 <age>18</age> 
	 <city>out of city limits</city> 
	 <province>TEXAS</province> 
	 <country>US</country> 
	 </user> 
<date>1218047760</date> 
 <body>i've never been drunk... so that leaves.... yeh</body> 
 </post> 
<post id= "MS_716_47525514"> 
<user id ="MS_245454189"> 
	 <username>Wilson</username> 
	 <sex>M</sex> 
	 <age>16</age> 
	 <city>California</city> 
	 <province></province> 
	 <country>US</country> 
	 </user> 
<date>1218051900</date> 
 <body>You admit to using a harmful drug so casualy?</body> 
 </post> 
</posts>