<?xml version="1.0" encoding="UTF-8"?> 
 <posts> 
<post id= "MS_716_47292187"> 
<user id ="MS_334168349"> 
	 <username>Kelsie</username> 
	 <sex>F</sex> 
	 <age>17</age> 
	 <city>LONGWOOD</city> 
	 <province>Florida</province> 
	 <country>US</country> 
	 </user> 
<date>1217707500</date> 
 <body>for me its not what fucks me up quicker, its what is safer. of course weed. when you drink too much you cant drive, plus barfing is not fun when you have had to much to drink.</body> 
 </post> 
<post id= "MS_716_47292260"> 
<user id ="MS_94059755"> 
	 <username>Tae Skinnyâ¢420 fm Greenslave UndaGrnd Radio</username> 
	 <sex>F</sex> 
	 <age>108</age> 
	 <city>Forest Park</city> 
	 <province>Ohio</province> 
	 <country>US</country> 
	 </user> 
<date>1217707620</date> 
 <body>yea but its not like weed is all that safe, you don't even know whats in the bag your buying cuz its not regulated...*shrugs shoulders* i'm bout 2 go roll a fatty</body> 
 </post> 
<post id= "MS_716_47292722"> 
<user id ="MS_334168349"> 
	 <username>Kelsie</username> 
	 <sex>F</sex> 
	 <age>17</age> 
	 <city>LONGWOOD</city> 
	 <province>Florida</province> 
	 <country>US</country> 
	 </user> 
<date>1217708280</date> 
 <body>yah and i bet you a regular, so really you know. its like we i get my shit i go in some dark alley, scared of being mugged. you know.....its nothing like that</body> 
 </post> 
<post id= "MS_716_47485972"> 
<user id ="MS_400267526"> 
	 <username>-Paisley-</username> 
	 <sex>F</sex> 
	 <age>23</age> 
	 <city>Alexandria</city> 
	 <province>Virginia</province> 
	 <country>US</country> 
	 </user> 
<date>1218006600</date> 
 <body>  Man, weed will put your ass in jail!!! Drink in moderation, don't drive and enjoy.</body> 
 </post> 
<post id= "MS_716_47486100"> 
<user id ="MS_380974878"> 
	 <username>Jennifer</username> 
	 <sex>F</sex> 
	 <age>24</age> 
	 <city>Iowa</city> 
	 <province></province> 
	 <country>US</country> 
	 </user> 
<date>1218006780</date> 
 <body>  I agree. Alcohol is legal and therefore more fun, because there's no chance of getting busted and catching a posession charge. Besides, liquor's cheaper and lasts longer :)</body> 
 </post> 
<post id= "MS_716_47494787"> 
<user id ="MS_398482006"> 
	 <username>omegawolf</username> 
	 <sex>M</sex> 
	 <age>27</age> 
	 <city>MINNEAPOLIS</city> 
	 <province>Minnesota</province> 
	 <country>US</country> 
	 </user> 
<date>1218016620</date> 
 <body> any thing less than an once is a peddy misdemeanor. no jail time</body> 
 </post> 
<post id= "MS_716_47494907"> 
<user id ="MS_398482006"> 
	 <username>omegawolf</username> 
	 <sex>M</sex> 
	 <age>27</age> 
	 <city>MINNEAPOLIS</city> 
	 <province>Minnesota</province> 
	 <country>US</country> 
	 </user> 
<date>1218016740</date> 
 <body>weed can be free. its called growing it.</body> 
 </post> 
<post id= "MS_716_47495042"> 
<user id ="MS_398482006"> 
	 <username>omegawolf</username> 
	 <sex>M</sex> 
	 <age>27</age> 
	 <city>MINNEAPOLIS</city> 
	 <province>Minnesota</province> 
	 <country>US</country> 
	 </user> 
<date>1218016920</date> 
 <body> dose you're alcohol grow. no.</body> 
 </post> 
<post id= "MS_716_47496738"> 
<user id ="MS_361123206"> 
	 <username>yrogerg</username> 
	 <sex>M</sex> 
	 <age>31</age> 
	 <city>stevenson</city> 
	 <province>Washington</province> 
	 <country>US</country> 
	 </user> 
<date>1218018720</date> 
 <body>both together(droned)</body> 
 </post> 
<post id= "MS_716_47506360"> 
<user id ="MS_309986572"> 
	 <username>Captain Heartless</username> 
	 <sex>M</sex> 
	 <age>29</age> 
	 <city>The Soul Society-New Ro</city> 
	 <province>New York</province> 
	 <country>US</country> 
	 </user> 
<date>1218029220</date> 
 <body>weed...no...wait...alcohol, ummm both f**k it!!!</body> 
 </post> 
</posts>