<?xml version="1.0" encoding="UTF-8"?> 
 <posts> 
<post id= "MS_716_47582431"> 
<user id ="MS_22392359"> 
	 <username>[Just Jess]</username> 
	 <sex>F</sex> 
	 <age>15</age> 
	 <city>Arizona</city> 
	 <province></province> 
	 <country>US</country> 
	 </user> 
<date>1218134760</date> 
 <body>weeeeed. always wins.</body> 
 </post> 
<post id= "MS_716_47584485"> 
<user id ="MS_364446210"> 
	 <username>Zac</username> 
	 <sex>M</sex> 
	 <age>16</age> 
	 <city>Lancaster</city> 
	 <province>Ohio</province> 
	 <country>US</country> 
	 </user> 
<date>1218137520</date> 
 <body>pot is grown in nature, and saying nature didn't intend for us to smoke pot, is like saying God made a mistake when he created it. agree? same goes for mushrooms and opium. not that ive ever done any of it</body> 
 </post> 
<post id= "MS_716_47585770"> 
<user id ="MS_33046351"> 
	 <username>I love how my depression turns to hate so quickly</username> 
	 <sex>F</sex> 
	 <age>18</age> 
	 <city>740</city> 
	 <province>Ohio</province> 
	 <country>US</country> 
	 </user> 
<date>1218139320</date> 
 <body>Well weed makes you feel good, and not like puking. Alcohol makes you wanna vomit, and makes u feel that way the next morning.   I think you know which one is win</body> 
 </post> 
<post id= "MS_716_47601503"> 
<user id ="MS_72532418"> 
	 <username>Ã¢â¢Â«CodyÃ¢â¢Â«</username> 
	 <sex>M</sex> 
	 <age>18</age> 
	 <city>bellefontaine.</city> 
	 <province>Ohio</province> 
	 <country>US</country> 
	 </user> 
<date>1218171780</date> 
 <body>Well humm. Ive done my fair share of both in my time. Alchohol, you drink you it, you wait, you get drunk, you keep drinking till you puke and pass out. bam, call it a night. fun night tho right?  Weed, you smoke..you smoke...and if ur a bitch, you pass out real early, cuz you cant handle da dro. BUt sum people. jsut keep smoking and smoking till everything gone and everyones blowed. fun again right?  Then theres both at the same time. which usually leads to blackouts, puking, sex with people you dont know. waking up with no recollection of how you got there. this is fun to, more for memories than action.  My answer to the question tho. Weed, straight up. wanna burn one?</body> 
 </post> 
<post id= "MS_716_47611726"> 
<user id ="MS_83810061"> 
	 <username>chris</username> 
	 <sex>M</sex> 
	 <age>20</age> 
	 <city>CLARKSVILLE</city> 
	 <province>TENNESSEE</province> 
	 <country>US</country> 
	 </user> 
<date>1218186300</date> 
 <body>both. 3 shots and a joint will have me set. Though if i had to choose one, then weed by a mile.</body> 
 </post> 
<post id= "MS_716_47695116"> 
<user id ="MS_158227470"> 
	 <username>Classic Tae Skinny</username> 
	 <sex>F</sex> 
	 <age>104</age> 
	 <city>CINCINNATI</city> 
	 <province>Ohio</province> 
	 <country>US</country> 
	 </user> 
<date>1218314880</date> 
 <body></body> 
 </post> 
<post id= "MS_716_47703412"> 
<user id ="MS_17902449"> 
	 <username>Ronald mcdonald touched my no no spot</username> 
	 <sex>M</sex> 
	 <age>27</age> 
	 <city>peotone</city> 
	 <province>Illinois</province> 
	 <country>US</country> 
	 </user> 
<date>1218334500</date> 
 <body> Didn't know mister t posted here I pity da foo dat crosses him I pity da foo</body> 
 </post> 
<post id= "MS_716_47710949"> 
<user id ="MS_31376225"> 
	 <username>***CoolBOY**</username> 
	 <sex>M</sex> 
	 <age>20</age> 
	 <city>Perth</city> 
	 <province>Western Australia</province> 
	 <country>AU</country> 
	 </user> 
<date>1218353760</date> 
 <body>you are too small to use weed! arent u? ;)</body> 
 </post> 
<post id= "MS_716_47710973"> 
<user id ="MS_31376225"> 
	 <username>***CoolBOY**</username> 
	 <sex>M</sex> 
	 <age>20</age> 
	 <city>Perth</city> 
	 <province>Western Australia</province> 
	 <country>AU</country> 
	 </user> 
<date>1218353820</date> 
 <body>  You are too small to use weed, Arent you? ;)</body> 
 </post> 
<post id= "MS_716_47728405"> 
<user id ="MS_208536946"> 
	 <username>caty</username> 
	 <sex>F</sex> 
	 <age>29</age> 
	 <city>Hell</city> 
	 <province>Arizona</province> 
	 <country>US</country> 
	 </user> 
<date>1218378060</date> 
 <body>too much of anything is bad</body> 
 </post> 
</posts>