<?xml version="1.0" encoding="UTF-8"?> 
 <posts> 
<post id= "MS_716_47533894"> 
<user id ="MS_387650051"> 
	 <username>Cristina.</username> 
	 <sex>F</sex> 
	 <age>95</age> 
	 <city>hiding in</city> 
	 <province></province> 
	 <country>KG</country> 
	 </user> 
<date>1218065160</date> 
 <body> post your question in the HS thread trust me you'll get a lot of answers lolz :)</body> 
 </post> 
<post id= "MS_716_47533912"> 
<user id ="MS_400666827"> 
	 <username>Bryan (Banned again)</username> 
	 <sex>M</sex> 
	 <age>19</age> 
	 <city>Tampa</city> 
	 <province>Florida</province> 
	 <country>US</country> 
	 </user> 
<date>1218065220</date> 
 <body>Don't carry faggotry over.</body> 
 </post> 
<post id= "MS_716_47533926"> 
<user id ="MS_17902449"> 
	 <username>Ronald mcdonald touched my no no spot</username> 
	 <sex>M</sex> 
	 <age>27</age> 
	 <city>peotone</city> 
	 <province>Illinois</province> 
	 <country>US</country> 
	 </user> 
<date>1218065280</date> 
 <body> So I now feel like a child molestor this is kinda fun.</body> 
 </post> 
<post id= "MS_716_47533941"> 
<user id ="MS_387650051"> 
	 <username>Cristina.</username> 
	 <sex>F</sex> 
	 <age>95</age> 
	 <city>hiding in</city> 
	 <province></province> 
	 <country>KG</country> 
	 </user> 
<date>1218065280</date> 
 <body> eaaasy there stalker</body> 
 </post> 
<post id= "MS_716_47533947"> 
<user id ="MS_387650051"> 
	 <username>Cristina.</username> 
	 <sex>F</sex> 
	 <age>95</age> 
	 <city>hiding in</city> 
	 <province></province> 
	 <country>KG</country> 
	 </user> 
<date>1218065340</date> 
 <body> exactly!</body> 
 </post> 
<post id= "MS_716_47533957"> 
<user id ="MS_17902449"> 
	 <username>Ronald mcdonald touched my no no spot</username> 
	 <sex>M</sex> 
	 <age>27</age> 
	 <city>peotone</city> 
	 <province>Illinois</province> 
	 <country>US</country> 
	 </user> 
<date>1218065340</date> 
 <body> Faggotry? is that a utensil used for homosexual pancakes?</body> 
 </post> 
<post id= "MS_716_47533974"> 
<user id ="MS_17902449"> 
	 <username>Ronald mcdonald touched my no no spot</username> 
	 <sex>M</sex> 
	 <age>27</age> 
	 <city>peotone</city> 
	 <province>Illinois</province> 
	 <country>US</country> 
	 </user> 
<date>1218065400</date> 
 <body> So by exactly you mean spit then awesome.</body> 
 </post> 
<post id= "MS_716_47533998"> 
<user id ="MS_387650051"> 
	 <username>Cristina.</username> 
	 <sex>F</sex> 
	 <age>95</age> 
	 <city>hiding in</city> 
	 <province></province> 
	 <country>KG</country> 
	 </user> 
<date>1218065400</date> 
 <body></body> 
 </post> 
<post id= "MS_716_47533999"> 
<user id ="MS_400666827"> 
	 <username>Bryan (Banned again)</username> 
	 <sex>M</sex> 
	 <age>19</age> 
	 <city>Tampa</city> 
	 <province>Florida</province> 
	 <country>US</country> 
	 </user> 
<date>1218065400</date> 
 <body>  They're for layering on the batter.</body> 
 </post> 
<post id= "MS_716_47534021"> 
<user id ="MS_17902449"> 
	 <username>Ronald mcdonald touched my no no spot</username> 
	 <sex>M</sex> 
	 <age>27</age> 
	 <city>peotone</city> 
	 <province>Illinois</province> 
	 <country>US</country> 
	 </user> 
<date>1218065460</date> 
 <body> Can you get em on ebay or only on matthew stewart's site?</body> 
 </post> 
</posts>