<?xml version="1.0" encoding="UTF-8"?> 
 <posts> 
<post id= "MS_716_47517367"> 
<user id ="MS_31376225"> 
	 <username>***CoolBOY**</username> 
	 <sex>M</sex> 
	 <age>20</age> 
	 <city>Perth</city> 
	 <province>Western Australia</province> 
	 <country>AU</country> 
	 </user> 
<date>1218042420</date> 
 <body>i prefer weed & porn! i feel to fuck when am Intellectually bored....</body> 
 </post> 
<post id= "MS_716_47521875"> 
<user id ="MS_25218945"> 
	 <username>grim</username> 
	 <sex>M</sex> 
	 <age>18</age> 
	 <city>out of city limits</city> 
	 <province>TEXAS</province> 
	 <country>US</country> 
	 </user> 
<date>1218047760</date> 
 <body>i've never been drunk... so that leaves.... yeh</body> 
 </post> 
<post id= "MS_716_47525514"> 
<user id ="MS_245454189"> 
	 <username>Wilson</username> 
	 <sex>M</sex> 
	 <age>16</age> 
	 <city>California</city> 
	 <province></province> 
	 <country>US</country> 
	 </user> 
<date>1218051900</date> 
 <body>You admit to using a harmful drug so casualy?</body> 
 </post> 
<post id= "MS_716_47532353"> 
<user id ="MS_28997633"> 
	 <username>Sarah {SPWC}</username> 
	 <sex>F</sex> 
	 <age>27</age> 
	 <city>Southern</city> 
	 <province>California</province> 
	 <country>US</country> 
	 </user> 
<date>1218062040</date> 
 <body>Alcohol... 5 years ago, Weed!</body> 
 </post> 
<post id= "MS_716_47533709"> 
<user id ="MS_17902449"> 
	 <username>Ronald mcdonald touched my no no spot</username> 
	 <sex>M</sex> 
	 <age>27</age> 
	 <city>peotone</city> 
	 <province>Illinois</province> 
	 <country>US</country> 
	 </user> 
<date>1218064740</date> 
 <body>Next question spit or swallow when you go to jail for either of these?</body> 
 </post> 
<post id= "MS_716_47533746"> 
<user id ="MS_387650051"> 
	 <username>Cristina.</username> 
	 <sex>F</sex> 
	 <age>95</age> 
	 <city>hiding in</city> 
	 <province></province> 
	 <country>KG</country> 
	 </user> 
<date>1218064860</date> 
 <body>how about both</body> 
 </post> 
<post id= "MS_716_47533815"> 
<user id ="MS_17902449"> 
	 <username>Ronald mcdonald touched my no no spot</username> 
	 <sex>M</sex> 
	 <age>27</age> 
	 <city>peotone</city> 
	 <province>Illinois</province> 
	 <country>US</country> 
	 </user> 
<date>1218065040</date> 
 <body> I think you need to answer my question I think its more educational as of this moment for us men.</body> 
 </post> 
<post id= "MS_716_47533831"> 
<user id ="MS_387650051"> 
	 <username>Cristina.</username> 
	 <sex>F</sex> 
	 <age>95</age> 
	 <city>hiding in</city> 
	 <province></province> 
	 <country>KG</country> 
	 </user> 
<date>1218065040</date> 
 <body> lol why is it more educational?</body> 
 </post> 
<post id= "MS_716_47533850"> 
<user id ="MS_387650051"> 
	 <username>Cristina.</username> 
	 <sex>F</sex> 
	 <age>95</age> 
	 <city>hiding in</city> 
	 <province></province> 
	 <country>KG</country> 
	 </user> 
<date>1218065100</date> 
 <body>pffft</body> 
 </post> 
<post id= "MS_716_47533852"> 
<user id ="MS_17902449"> 
	 <username>Ronald mcdonald touched my no no spot</username> 
	 <sex>M</sex> 
	 <age>27</age> 
	 <city>peotone</city> 
	 <province>Illinois</province> 
	 <country>US</country> 
	 </user> 
<date>1218065100</date> 
 <body> Ummm ok we can avoid your question right now.Yet if you answer mine that would be super.</body> 
 </post> 
</posts>