<?xml version="1.0" encoding="UTF-8"?> 
 <posts> 
<post id= "MS_30372_15537572"> 
<user id ="MS_103342454"> 
	 <username>Heidi</username> 
	 <sex>F</sex> 
	 <age>33</age> 
	 <city>Tampa</city> 
	 <province>Florida</province> 
	 <country>US</country> 
	 </user> 
<date>1163691840</date> 
 <body>Brandon Routh in Superman Returns with Parker Posey.  Parker in The Mighty Wind with Marty Belafsky.  Marty in Newsis with Christian Bale.  Christian in Empire of the Sun with John Malkovich.  John in Queens Logic with Bacon.    1.Roseanne Barr  2.Ben Kingsley  3.Morgan Freeman, Bruce Willis, Jennifer Connelly, Sissy Spacek, Tommy Lee Jones, Michael J. Fox, Meryl Streep</body> 
 </post> 
<post id= "MS_30372_15543032"> 
<user id ="MS_11849315"> 
	 <username>Edward</username> 
	 <sex>M</sex> 
	 <age>36</age> 
	 <city>New York</city> 
	 <province>NEW YORK</province> 
	 <country>US</country> 
	 </user> 
<date>1163699460</date> 
 <body>      That's seven steps and also look above. I've been skipped.</body> 
 </post> 
<post id= "MS_30372_15569426"> 
<user id ="MS_103342454"> 
	 <username>Heidi</username> 
	 <sex>F</sex> 
	 <age>33</age> 
	 <city>Tampa</city> 
	 <province>Florida</province> 
	 <country>US</country> 
	 </user> 
<date>1163762700</date> 
 <body>    Sorry, too many. Annette bening is fair game.    Harrison Ford in The Conversation with Gene Hackman  Gene Hackman in Enemy of the State with Jack Black  Jack Black in Orange County with John Lithgow  John Lithgow in Footloose with Kevin Bacon      1. Jean Seberg  2. Iben Hejele  3. Jean Paul Bellmondo, Burt Lancaster, Jaqueline Bisset, James Mason, Jack Black, Catherine Zeta Jones, John Cuask    Jean Seberg in Macho Callahan with Pedro Armendariz Jr.  Pedro in The Crime of Father Amaro with Gael Garcia Bernal.  Gael in Dreaming of Julia with Iben Hjele.  Iben in High Fidelity with Tim Robbins.  Tim in Mystic River with Bacon.    WHEW!    1.Michael Wong  2.Eddie Murphy  3.Robert Deniro, James Hong, Paul Sorvino, Cho Yun-Fat, Rob Schneider, Nick Nolte, Antonio Banderas</body> 
 </post> 
<post id= "MS_30372_15588741"> 
<user id ="MS_49557381"> 
	 <username>Mike</username> 
	 <sex>M</sex> 
	 <age>30</age> 
	 <city>Howell</city> 
	 <province>Michigan</province> 
	 <country>US</country> 
	 </user> 
<date>1163795040</date> 
 <body>    Michael Wong was in Knock-Off with Jean Claude Van Damme....  Who was in Street Fighter with Ming Na....  Who was in Mulan with Eddie Murphy...  Who was in Beverly Hills Cop with Judge Reinhold...  Who was in Fast Times at Ridgemont High with Sean Penn...  Who was in Mystic River with Kevin Bacon.    Thanks for at least throwing us the Van Damme bone.    Anthony Hopkins.  Gene Wilder.  Richard Pryor, Catherine Zeta-Jones, Jodie Foster, Edward Norton, Julianne Moore, Emma Thompson, Sean Penn.</body> 
 </post> 
<post id= "MS_30372_15598591"> 
<user id ="MS_103342454"> 
	 <username>Heidi</username> 
	 <sex>F</sex> 
	 <age>33</age> 
	 <city>Tampa</city> 
	 <province>Florida</province> 
	 <country>US</country> 
	 </user> 
<date>1163830080</date> 
 <body>Anthony Hopkins was in a Change of Seasons with Shirley MacLaine.  Shirley was in Cannonball Run II with Burt Reynolds.  Burt was in Everything You Always wanted to Know About Sex, but Were Afraid to Ask with Gene Wilder.  Gene was in Young Frankenstein with Cloris Leachman.  Cloris in The Demon Murder Case with Bacon.    1.Jack Benny  2.Jack Black  3.Alan Alda, Eli Wallach, Walter Matthau, George Burns, Tim Robbins, Todd Louiso, Sean Penn</body> 
 </post> 
<post id= "MS_30372_15659370"> 
<user id ="MS_49557381"> 
	 <username>Mike</username> 
	 <sex>M</sex> 
	 <age>30</age> 
	 <city>Howell</city> 
	 <province>Michigan</province> 
	 <country>US</country> 
	 </user> 
<date>1163964540</date> 
 <body>Jack Benny was in It's a Mad Mad Mad Mad World with Carl Reiner...  Who was in Oceans Eleven with Matt Damon...  Who was in Dogma with Jason Lee...  Who was in Enemy of the State with Jack Black...  Who was in High Fidelity with John Cusack...  Who was in One Crazy Summer with Demi Moore...  Who was in A Few Good Men with Kevin Bacon.      Ron Livingston.  Sacha Baron Cohen.  Vince Vaughn, Will Ferrell, Pamela Anderson, Brittany Murphy, Jada Pinkett Smith, Gary Cole, Stephen Root.</body> 
 </post> 
<post id= "MS_30372_15667390"> 
<user id ="MS_11849315"> 
	 <username>Edward</username> 
	 <sex>M</sex> 
	 <age>36</age> 
	 <city>New York</city> 
	 <province>NEW YORK</province> 
	 <country>US</country> 
	 </user> 
<date>1163980860</date> 
 <body>    6 DEGREES PEOPLE!        Ron Livingston in The Cooler with William H Macy  William H Macy in Boogie Nights with John C Reily  John C Reily in Taledega Nights with Sacha Baron Cohen  Sacha Baron Cohen in Borat with Lunell  Lunell in The Rock with Ed Harris  Ed Harris Apollo 13 with Kevin Bacon    1. Lauren Bacall  2. Tyrin Turner  3. Lisa Rye, Larenz Tate, Bookeem Woodbine, Angela Basset, DMX, Laurence Fishburne, Jeff Goldblum</body> 
 </post> 
<post id= "MS_30372_15675044"> 
<user id ="MS_103342454"> 
	 <username>Heidi</username> 
	 <sex>F</sex> 
	 <age>33</age> 
	 <city>Tampa</city> 
	 <province>Florida</province> 
	 <country>US</country> 
	 </user> 
<date>1164010260</date> 
 <body>Lauren Bacall was in Manderlay with Danny Glover.  Danny in the Cookout with Ja Rule.  Ja Rule in Crime Partners with Tyrin Turner.  Tyrin in Panther with Joe Don Baker.  Joe in Criminal Law with Bacon.    1.Errol Flynn  2.Paddy Considine  3.Radha Mitchell, Jason Flemyng, Russell Crowe, Gary Stretch, Janet Leigh, Gary Oldman, Renee Zellweger</body> 
 </post> 
<post id= "MS_30372_15688438"> 
<user id ="MS_36021873"> 
	 <username>Sammanthia</username> 
	 <sex>F</sex> 
	 <age>24</age> 
	 <city>, Michigan</city> 
	 <province></province> 
	 <country>US</country> 
	 </user> 
<date>1164030540</date> 
 <body>Errol Flynn was in Too much too soon with Dorothy Malone  Dorothy Malone was in Basic Instinct with Jeanne Tripplehorn  Jeanne Tripplehorn was in The Firm with Ed Harris  Ed Harris was in Stepmom with Julia Roberts  Julia Roberts was in Something to talk about with Kyra Sedgwick  and Kyra Sedwick was in The Woodsman with Kevin Bacon......</body> 
 </post> 
<post id= "MS_30372_15688491"> 
<user id ="MS_36021873"> 
	 <username>Sammanthia</username> 
	 <sex>F</sex> 
	 <age>24</age> 
	 <city>, Michigan</city> 
	 <province></province> 
	 <country>US</country> 
	 </user> 
<date>1164030600</date> 
 <body>        oops hold that thought a minute..... sorry</body> 
 </post> 
</posts>