<?xml version="1.0" encoding="UTF-8"?> 
 <posts> 
<post id= "MS_30372_15491654"> 
<user id ="MS_11849315"> 
	 <username>Edward</username> 
	 <sex>M</sex> 
	 <age>36</age> 
	 <city>New York</city> 
	 <province>NEW YORK</province> 
	 <country>US</country> 
	 </user> 
<date>1163602740</date> 
 <body>1.Johnny Depp  2.Richard Pryor  3.Orlando Bloom, Helena Bonham Carter, Brad Pitt, Eddie Murphy, Gene Wilder, John Candy, Ray Liotta, Christina Ricci    Johnny Depp in Benny and Joon with Joe Grifasi  Joe Grifasi in Brewster's Millions with Richard Pryor  Richard Pryor in Another You with Kevin Pollack  Kevin Pollack in A Few Good Men with Kevin Bacon    1. Leonard Nimoy  2. Charlie Murphy (Eddie's Brother)  3. William Shatner, George Tekai, Eddie Murphy, Denzel Washington, John Turtoro, Wesley Snipes, Samuel Jackson</body> 
 </post> 
<post id= "MS_30372_15495542"> 
<user id ="MS_103342454"> 
	 <username>Heidi</username> 
	 <sex>F</sex> 
	 <age>33</age> 
	 <city>Tampa</city> 
	 <province>Florida</province> 
	 <country>US</country> 
	 </user> 
<date>1163609040</date> 
 <body>Leonard Nimoy in Brave New World with Tim Guinee.  Tim in The Pompatus of Love with Charlie Murphy.  Charlie in Kings Ransom with Jay Mohr.  Jay in Picture Perfect with Bacon.    1.Dolly Parton  2.Jet Li  3.Burt Reynolds, Sylvester Stallone, Julia Roberts, Anthony Anderson, Morgan Freeman, Joe Pesci, DMX</body> 
 </post> 
<post id= "MS_30372_15508053"> 
<user id ="MS_11849315"> 
	 <username>Edward</username> 
	 <sex>M</sex> 
	 <age>36</age> 
	 <city>New York</city> 
	 <province>NEW YORK</province> 
	 <country>US</country> 
	 </user> 
<date>1163627340</date> 
 <body>    Dolly Parton in Steel Magnolias with Sally Field  Sally Field in Places in the Heart with Danny Glover  Danny Glover in Leathal Weapon IV with Jet Li  Jet Li in The One with Carla Gugino  Carla Gugino in Weddling Bell Blues with Illena Douglas  Illeana Dougals in Picture Perfect with Kevin Bacon    That was not easy.    1. Dean Martin  2. Morris Chestnut  3. Ice Cube, Octavia Spencer, Edward Burns, Larenz Tate, Jamie Foxx, Paul Giamati, Dustin Hoffman</body> 
 </post> 
<post id= "MS_30372_15517302"> 
<user id ="MS_103342454"> 
	 <username>Heidi</username> 
	 <sex>F</sex> 
	 <age>33</age> 
	 <city>Tampa</city> 
	 <province>Florida</province> 
	 <country>US</country> 
	 </user> 
<date>1163660160</date> 
 <body>Dean Martin in Half Nelson with Joe Pesci.  Joe in Betsy's Wedding with Alan Alda.  Alan in The Killing Yard with Morris Chesnut.  morris in Boyz in the Hood with Laurence Fishburne.  Laurence in Mystic River With Bacon.    1.Michael J. Fox  2.Ludacris  3.James Woods, Geena Davis, Michael Douglas, Crispin Glover, Anthony Anderson, Terrence Howard, Paul Walker</body> 
 </post> 
<post id= "MS_30372_15518585"> 
<user id ="MS_49557381"> 
	 <username>Mike</username> 
	 <sex>M</sex> 
	 <age>30</age> 
	 <city>Howell</city> 
	 <province>Michigan</province> 
	 <country>US</country> 
	 </user> 
<date>1163662680</date> 
 <body>      Michael J. Fox was in The Frighteners with Jake Busey...  Who was in Enemy of the State with Will Smith....  Who was in Hitch with Eva Mendes...  Who was in 2 Fast 2 Furious with Ludacris...  Who was in Crash with Matt Dillon...  Who was in Wild Things with Kevin Bacon.    (Though a LOT of unnecessary steps were created.)    Anyway.....    Harrison Ford.  Jack Black.  Brad Pitt, Will Ferrell, Billy Dee Williams, John Cusack, Sean Connery, Will Smith, Annette Bening, Efren Ramirez.</body> 
 </post> 
<post id= "MS_30372_15518612"> 
<user id ="MS_49557381"> 
	 <username>Mike</username> 
	 <sex>M</sex> 
	 <age>30</age> 
	 <city>Howell</city> 
	 <province>Michigan</province> 
	 <country>US</country> 
	 </user> 
<date>1163662740</date> 
 <body>    Sorry, too many. Annette bening is fair game.</body> 
 </post> 
<post id= "MS_30372_15530105"> 
<user id ="MS_11849315"> 
	 <username>Edward</username> 
	 <sex>M</sex> 
	 <age>36</age> 
	 <city>New York</city> 
	 <province>NEW YORK</province> 
	 <country>US</country> 
	 </user> 
<date>1163681700</date> 
 <body>Anyway.....    Harrison Ford.  Jack Black.  Brad Pitt, Will Ferrell, Billy Dee Williams, John Cusack, Sean Connery, Will Smith, Annette Bening, Efren Ramirez.    Sorry, too many. Annette bening is fair game.    Harrison Ford in The Conversation with Gene Hackman  Gene Hackman in Enemy of the State with Jack Black  Jack Black in Orange County with John Lithgow  John Lithgow in Footloose with Kevin Bacon      1. Jean Seberg  2. Iben Hejele  3. Jean Paul Bellmondo, Burt Lancaster, Jaqueline Bisset, James Mason, Jack Black, Catherine Zeta Jones, John Cuask</body> 
 </post> 
<post id= "MS_30372_15531156"> 
<user id ="MS_6011717"> 
	 <username>Boogie-Woogie Feng Shui</username> 
	 <sex>M</sex> 
	 <age>22</age> 
	 <city>Tucson</city> 
	 <province>Arizona</province> 
	 <country>US</country> 
	 </user> 
<date>1163683080</date> 
 <body>      Harrison Ford was in The Fugitive with Julian Moore...  Who was in Pyscho with Vince Vaugn...  Who was in Anchorman with Jack Black...  Who was in Envy with Christopher Walken...  Who was in Catch me if you Can with DiCaprio...  Who was in The Departed with Jack Nicholson...  Who was in A Few Good Men with Kevin Bacon.    (Like the previous poster, a lot of unnecessary steps.)    1. Brandon Routh.  2. Christian Bale.  3. Michael Caine, Hugh Jackman, Kevin Spacey, Colin Farrel, Freddy Rodriguez, Anne Heche</body> 
 </post> 
<post id= "MS_30372_15537572"> 
<user id ="MS_103342454"> 
	 <username>Heidi</username> 
	 <sex>F</sex> 
	 <age>33</age> 
	 <city>Tampa</city> 
	 <province>Florida</province> 
	 <country>US</country> 
	 </user> 
<date>1163691840</date> 
 <body>Brandon Routh in Superman Returns with Parker Posey.  Parker in The Mighty Wind with Marty Belafsky.  Marty in Newsis with Christian Bale.  Christian in Empire of the Sun with John Malkovich.  John in Queens Logic with Bacon.    1.Roseanne Barr  2.Ben Kingsley  3.Morgan Freeman, Bruce Willis, Jennifer Connelly, Sissy Spacek, Tommy Lee Jones, Michael J. Fox, Meryl Streep</body> 
 </post> 
<post id= "MS_30372_15543032"> 
<user id ="MS_11849315"> 
	 <username>Edward</username> 
	 <sex>M</sex> 
	 <age>36</age> 
	 <city>New York</city> 
	 <province>NEW YORK</province> 
	 <country>US</country> 
	 </user> 
<date>1163699460</date> 
 <body>      That's seven steps and also look above. I've been skipped.</body> 
 </post> 
</posts>