<?xml version="1.0" encoding="UTF-8"?> 
 <posts> 
<post id= "MS_30502_15995097"> 
<user id ="MS_101332894"> 
	 <username>Luke</username> 
	 <sex>M</sex> 
	 <age>21</age> 
	 <city>Newcastle</city> 
	 <province></province> 
	 <country>UK</country> 
	 </user> 
<date>1164638280</date> 
 <body>Alan Cumming - Kurt Wagner/Nightcrawler in X2: Xmen United    Quality opening scene!</body> 
 </post> 
<post id= "MS_30502_16002183"> 
<user id ="MS_115849766"> 
	 <username>David</username> 
	 <sex>M</sex> 
	 <age>35</age> 
	 <city>ARMPITville</city> 
	 <province>North Carolina</province> 
	 <country>US</country> 
	 </user> 
<date>1164648060</date> 
 <body>Thomas Jane as The Punisher. I can't wait to see the next one.    But Bale was awesome as well as Bruce Wayne/Batman. I can't wait to see him add some more layers in the next film.</body> 
 </post> 
<post id= "MS_30502_16002961"> 
<user id ="MS_107511419"> 
	 <username>ADaM</username> 
	 <sex>M</sex> 
	 <age>17</age> 
	 <city>PY</city> 
	 <province></province> 
	 <country></country> 
	 </user> 
<date>1164649500</date> 
 <body>Hugh Jackman as Wolverine</body> 
 </post> 
<post id= "MS_30502_16003082"> 
<user id ="MS_41313821"> 
	 <username>Chloe's Musical Dad</username> 
	 <sex>M</sex> 
	 <age>22</age> 
	 <city>Jenison</city> 
	 <province>Michigan</province> 
	 <country>US</country> 
	 </user> 
<date>1164649800</date> 
 <body>    its the flaws that make a hero super. They find a way to help people no matter what is going on in their lives...self sacrifice. That's what makes a hero super. No matter what, they help those who are more and less fortunate than them. If they were all invincible, what fun would it be? It would all be the same. Bad guy threatens city, good guy gets bad guy without getting scratched...end of story. That would be a sucky movie.</body> 
 </post> 
<post id= "MS_30502_16006747"> 
<user id ="MS_8135016"> 
	 <username>Jeffsta</username> 
	 <sex>M</sex> 
	 <age>22</age> 
	 <city>Fullerton</city> 
	 <province>California</province> 
	 <country>US</country> 
	 </user> 
<date>1164656280</date> 
 <body>Bale as the Bat  Reeves as Supes (although the new guy Brandon Routh managed to live up to him)  Jackman as Wolverine</body> 
 </post> 
<post id= "MS_30502_16006970"> 
<user id ="MS_21483678"> 
	 <username>Sean.</username> 
	 <sex>M</sex> 
	 <age>84</age> 
	 <city>Alaska</city> 
	 <province></province> 
	 <country>US</country> 
	 </user> 
<date>1164656580</date> 
 <body>BALE as BATMAN  JACKMAN as WOLVERINE  WEAVING as V  MAGUIRE as SPIDER-MAN</body> 
 </post> 
<post id= "MS_30502_16008015"> 
<user id ="MS_53829902"> 
	 <username>regina</username> 
	 <sex>F</sex> 
	 <age>28</age> 
	 <city>Vienna</city> 
	 <province></province> 
	 <country>AT</country> 
	 </user> 
<date>1164657900</date> 
 <body>george clooney as batman  just kiddin' *g*</body> 
 </post> 
<post id= "MS_30502_16008325"> 
<user id ="MS_64419897"> 
	 <username>nate</username> 
	 <sex>M</sex> 
	 <age>30</age> 
	 <city>SHERMAN OAKS</city> 
	 <province>CALIFORNIA</province> 
	 <country>US</country> 
	 </user> 
<date>1164658320</date> 
 <body>Anybody want to learn how to make a short film with me. I have a new online class that is an introductory film and video course that is also a step by step procedure to making a movie. Learn from home. It's interactive and a lot of fun!    http://filmvideo.onlineclasses.com</body> 
 </post> 
<post id= "MS_30502_16011503"> 
<user id ="MS_114710522"> 
	 <username>Tom</username> 
	 <sex>M</sex> 
	 <age>28</age> 
	 <city>Brooklyn Park</city> 
	 <province>Minnesota</province> 
	 <country>US</country> 
	 </user> 
<date>1164662760</date> 
 <body>Christopher Reeve as Superman. It has been said many times, but it needs to be said again.</body> 
 </post> 
<post id= "MS_30502_16011759"> 
<user id ="MS_3859220"> 
	 <username>David</username> 
	 <sex>M</sex> 
	 <age>35</age> 
	 <city>Fresno</city> 
	 <province>California</province> 
	 <country>US</country> 
	 </user> 
<date>1164663240</date> 
 <body>        Keaton  Bale  Reeves  McGuire</body> 
 </post> 
</posts>