<?xml version="1.0" encoding="UTF-8"?> 
 <posts> 
<post id= "MS_30502_16008015"> 
<user id ="MS_53829902"> 
	 <username>regina</username> 
	 <sex>F</sex> 
	 <age>28</age> 
	 <city>Vienna</city> 
	 <province></province> 
	 <country>AT</country> 
	 </user> 
<date>1164657900</date> 
 <body>george clooney as batman  just kiddin' *g*</body> 
 </post> 
<post id= "MS_30502_16008325"> 
<user id ="MS_64419897"> 
	 <username>nate</username> 
	 <sex>M</sex> 
	 <age>30</age> 
	 <city>SHERMAN OAKS</city> 
	 <province>CALIFORNIA</province> 
	 <country>US</country> 
	 </user> 
<date>1164658320</date> 
 <body>Anybody want to learn how to make a short film with me. I have a new online class that is an introductory film and video course that is also a step by step procedure to making a movie. Learn from home. It's interactive and a lot of fun!    http://filmvideo.onlineclasses.com</body> 
 </post> 
<post id= "MS_30502_16011503"> 
<user id ="MS_114710522"> 
	 <username>Tom</username> 
	 <sex>M</sex> 
	 <age>28</age> 
	 <city>Brooklyn Park</city> 
	 <province>Minnesota</province> 
	 <country>US</country> 
	 </user> 
<date>1164662760</date> 
 <body>Christopher Reeve as Superman. It has been said many times, but it needs to be said again.</body> 
 </post> 
<post id= "MS_30502_16011759"> 
<user id ="MS_3859220"> 
	 <username>David</username> 
	 <sex>M</sex> 
	 <age>35</age> 
	 <city>Fresno</city> 
	 <province>California</province> 
	 <country>US</country> 
	 </user> 
<date>1164663240</date> 
 <body>        Keaton  Bale  Reeves  McGuire</body> 
 </post> 
<post id= "MS_30502_16013616"> 
<user id ="MS_57435246"> 
	 <username>Air CJ</username> 
	 <sex>M</sex> 
	 <age>21</age> 
	 <city>TAMPA</city> 
	 <province>FLORIDA</province> 
	 <country>US</country> 
	 </user> 
<date>1164666600</date> 
 <body>nobody will never top Michael Keaton and Chrispher revees as Batman and superman</body> 
 </post> 
<post id= "MS_30502_16013880"> 
<user id ="MS_57435246"> 
	 <username>Air CJ</username> 
	 <sex>M</sex> 
	 <age>21</age> 
	 <city>TAMPA</city> 
	 <province>FLORIDA</province> 
	 <country>US</country> 
	 </user> 
<date>1164667020</date> 
 <body>Wesley snipes as Blade    Jack as the joker    I think if they made two face Darker or more serious instead of goofy in batman Forever Tommy Lee Jones might have been a great Two-Face    But Jim Cerry suck as the Riddler</body> 
 </post> 
<post id= "MS_30502_16019589"> 
<user id ="MS_118619782"> 
	 <username>Price</username> 
	 <sex>M</sex> 
	 <age>100</age> 
	 <city>college park</city> 
	 <province>Georgia</province> 
	 <country>US</country> 
	 </user> 
<date>1164687780</date> 
 <body>lou ferigno-hulk  brandon lee-the crow  liam neeson-darkman</body> 
 </post> 
<post id= "MS_30502_16023469"> 
<user id ="MS_638900"> 
	 <username>Ste7en</username> 
	 <sex>M</sex> 
	 <age>45</age> 
	 <city>North Miami</city> 
	 <province>Florida</province> 
	 <country>US</country> 
	 </user> 
<date>1164698160</date> 
 <body>Brandon Lee as The Crow    Bill Campbell as The Rocketeer    Christopher Reeve as Superman    Wesley Snipes as Blade    Patrick Stewart as Professor X  Hugh Jackman as Wolverine  James Marsden as Cyclops  Alan Cumming as Nightcrawler    Dolph Lundgren as He-Man  Laugh if you will, but he kept that movie from sucking.</body> 
 </post> 
<post id= "MS_30502_16024631"> 
<user id ="MS_124784116"> 
	 <username>Gunny</username> 
	 <sex>M</sex> 
	 <age>31</age> 
	 <city>TOPEKA</city> 
	 <province>KANSAS</province> 
	 <country>US</country> 
	 </user> 
<date>1164700380</date> 
 <body>hugh jackman as wolverine is the best actor portrayed super hero out there</body> 
 </post> 
<post id= "MS_30502_16025378"> 
<user id ="MS_39555287"> 
	 <username>dylan</username> 
	 <sex>M</sex> 
	 <age>25</age> 
	 <city>Sunbury</city> 
	 <province></province> 
	 <country>UK</country> 
	 </user> 
<date>1164701700</date> 
 <body>im gonna put my vote for bale as batman, however I did prefer tim burtons direction. wish he would do another one.    I have to say i was terribly disappointed with maguire as spiderman. in my mind, from reading the comics and watching the cartoons as i grew up Peter Parker was not a whining lil dork but a confident witty and highly intelligent kid, trying to make his way day to day and putting up with hassels of his home life.    i just found it sad that intelligence was veiwed as "geekiness"</body> 
 </post> 
</posts>