<?xml version="1.0" encoding="UTF-8"?> 
 <posts> 
<post id= "MS_30502_15941654"> 
<user id ="MS_20392063"> 
	 <username>Gold M&M</username> 
	 <sex>M</sex> 
	 <age>18</age> 
	 <city>everywhere and nowhere</city> 
	 <province>Florida</province> 
	 <country>US</country> 
	 </user> 
<date>1164540300</date> 
 <body>We've seen alot of heroes come and go over the years, some even changed actors such as Superman and Batman, but who do you think has been the best one(s)?    I really liked Christian Bale as Batman, and was amazed with Tobey Maguire as Spiderman. And the X-Men are pretty good, but of all of them obviously I don't think anyone could do a better job as Wolverine than Hugh Jackman!</body> 
 </post> 
<post id= "MS_30502_15941764"> 
<user id ="MS_118115159"> 
	 <username>colleen</username> 
	 <sex>F</sex> 
	 <age>19</age> 
	 <city>middle of nowhere</city> 
	 <province>New York</province> 
	 <country>US</country> 
	 </user> 
<date>1164540480</date> 
 <body>Definitely Christopher Reeve as Superman.  Tobey as Spiderman.  I also loved Michelle Pfeiffer as Catwoman.</body> 
 </post> 
<post id= "MS_30502_15942094"> 
<user id ="MS_1248055"> 
	 <username>Edwin</username> 
	 <sex>M</sex> 
	 <age>41</age> 
	 <city>Northridge</city> 
	 <province>California</province> 
	 <country>US</country> 
	 </user> 
<date>1164540960</date> 
 <body>Lynda Carter as Wonder Woman...(although, that is television...)</body> 
 </post> 
<post id= "MS_30502_15960464"> 
<user id ="MS_1605648"> 
	 <username>Denver Omelet-Zombie</username> 
	 <sex>M</sex> 
	 <age>21</age> 
	 <city>Santa Rosa</city> 
	 <province>California</province> 
	 <country>US</country> 
	 </user> 
<date>1164566580</date> 
 <body>Mike Keaton>>>>Christian Bale as the bat. Nothing against Bale but not only were Tim Burtons Batman films easily better then Batman Returns but Keton WAS Batman.</body> 
 </post> 
<post id= "MS_30502_15961525"> 
<user id ="MS_124305768"> 
	 <username>tr0lle</username> 
	 <sex>M</sex> 
	 <age>28</age> 
	 <city>FI</city> 
	 <province></province> 
	 <country></country> 
	 </user> 
<date>1164567840</date> 
 <body>Problem with today's superhero movies. Superheroes are invincible, smart, and with out a flaw. Why do we portray them as people with tragic flaws, like Spiderman movies. I mean is a super hero supposed to bitch or cry about MJ? Shouldn't he be out there stopping villains and explaining logic and philosphy to their sidekicks?</body> 
 </post> 
<post id= "MS_30502_15969787"> 
<user id ="MS_123158513"> 
	 <username>Silverbolt</username> 
	 <sex>M</sex> 
	 <age>33</age> 
	 <city>OMAHA</city> 
	 <province>Northeast</province> 
	 <country>US</country> 
	 </user> 
<date>1164580800</date> 
 <body>    Well you must've never read a spider-man comic in your life. Spider-man is all about the flaws, that's what makes him a great super hero.    For character portrayal I'd say that Christopher Reeves is top of the list.</body> 
 </post> 
<post id= "MS_30502_15971702"> 
<user id ="MS_119688661"> 
	 <username>Raj Wiles</username> 
	 <sex>M</sex> 
	 <age>23</age> 
	 <city>Planet Earth</city> 
	 <province></province> 
	 <country>SL</country> 
	 </user> 
<date>1164586740</date> 
 <body>christian bale as batman</body> 
 </post> 
<post id= "MS_30502_15980144"> 
<user id ="MS_53517183"> 
	 <username>scott</username> 
	 <sex>M</sex> 
	 <age>34</age> 
	 <city>SAN JOSE</city> 
	 <province>CALIFORNIA</province> 
	 <country>US</country> 
	 </user> 
<date>1164616680</date> 
 <body>christopher reeve as superman  michael keaton as batman  keanu reeves as neo</body> 
 </post> 
<post id= "MS_30502_15994587"> 
<user id ="MS_78064761"> 
	 <username>Vanceboy</username> 
	 <sex>M</sex> 
	 <age>31</age> 
	 <city>West Virginia</city> 
	 <province></province> 
	 <country>US</country> 
	 </user> 
<date>1164637680</date> 
 <body>Ron Jeremy as Jizz Master Zero</body> 
 </post> 
<post id= "MS_30502_15995097"> 
<user id ="MS_101332894"> 
	 <username>Luke</username> 
	 <sex>M</sex> 
	 <age>21</age> 
	 <city>Newcastle</city> 
	 <province></province> 
	 <country>UK</country> 
	 </user> 
<date>1164638280</date> 
 <body>Alan Cumming - Kurt Wagner/Nightcrawler in X2: Xmen United    Quality opening scene!</body> 
 </post> 
</posts>