<?xml version="1.0" encoding="UTF-8"?> 
 <posts> 
<post id= "MS_30502_16013880"> 
<user id ="MS_57435246"> 
	 <username>Air CJ</username> 
	 <sex>M</sex> 
	 <age>21</age> 
	 <city>TAMPA</city> 
	 <province>FLORIDA</province> 
	 <country>US</country> 
	 </user> 
<date>1164667020</date> 
 <body>Wesley snipes as Blade    Jack as the joker    I think if they made two face Darker or more serious instead of goofy in batman Forever Tommy Lee Jones might have been a great Two-Face    But Jim Cerry suck as the Riddler</body> 
 </post> 
<post id= "MS_30502_16019589"> 
<user id ="MS_118619782"> 
	 <username>Price</username> 
	 <sex>M</sex> 
	 <age>100</age> 
	 <city>college park</city> 
	 <province>Georgia</province> 
	 <country>US</country> 
	 </user> 
<date>1164687780</date> 
 <body>lou ferigno-hulk  brandon lee-the crow  liam neeson-darkman</body> 
 </post> 
<post id= "MS_30502_16023469"> 
<user id ="MS_638900"> 
	 <username>Ste7en</username> 
	 <sex>M</sex> 
	 <age>45</age> 
	 <city>North Miami</city> 
	 <province>Florida</province> 
	 <country>US</country> 
	 </user> 
<date>1164698160</date> 
 <body>Brandon Lee as The Crow    Bill Campbell as The Rocketeer    Christopher Reeve as Superman    Wesley Snipes as Blade    Patrick Stewart as Professor X  Hugh Jackman as Wolverine  James Marsden as Cyclops  Alan Cumming as Nightcrawler    Dolph Lundgren as He-Man  Laugh if you will, but he kept that movie from sucking.</body> 
 </post> 
<post id= "MS_30502_16024631"> 
<user id ="MS_124784116"> 
	 <username>Gunny</username> 
	 <sex>M</sex> 
	 <age>31</age> 
	 <city>TOPEKA</city> 
	 <province>KANSAS</province> 
	 <country>US</country> 
	 </user> 
<date>1164700380</date> 
 <body>hugh jackman as wolverine is the best actor portrayed super hero out there</body> 
 </post> 
<post id= "MS_30502_16025378"> 
<user id ="MS_39555287"> 
	 <username>dylan</username> 
	 <sex>M</sex> 
	 <age>25</age> 
	 <city>Sunbury</city> 
	 <province></province> 
	 <country>UK</country> 
	 </user> 
<date>1164701700</date> 
 <body>im gonna put my vote for bale as batman, however I did prefer tim burtons direction. wish he would do another one.    I have to say i was terribly disappointed with maguire as spiderman. in my mind, from reading the comics and watching the cartoons as i grew up Peter Parker was not a whining lil dork but a confident witty and highly intelligent kid, trying to make his way day to day and putting up with hassels of his home life.    i just found it sad that intelligence was veiwed as "geekiness"</body> 
 </post> 
<post id= "MS_30502_16025497"> 
<user id ="MS_638900"> 
	 <username>Ste7en</username> 
	 <sex>M</sex> 
	 <age>45</age> 
	 <city>North Miami</city> 
	 <province>Florida</province> 
	 <country>US</country> 
	 </user> 
<date>1164701880</date> 
 <body>    Go back and look at 1960's Spider-Man comics. That's what they're going for in the movies. And he was a geek. A skinny, brainy geek that suddenly got powers. I think Tobey nailed that.</body> 
 </post> 
<post id= "MS_30502_16025571"> 
<user id ="MS_83814800"> 
	 <username>Ramen Noodle Chef</username> 
	 <sex>M</sex> 
	 <age>29</age> 
	 <city>AF</city> 
	 <province></province> 
	 <country></country> 
	 </user> 
<date>1164702000</date> 
 <body>Trey Parker as Orgazmo.  Damon Wayans as Blank Man.  Norman Redus and Sean Patrick Flannery as the Boondock Saints.</body> 
 </post> 
<post id= "MS_30502_16026936"> 
<user id ="MS_107638595"> 
	 <username>Wheeljack539</username> 
	 <sex>M</sex> 
	 <age>28</age> 
	 <city>Albany</city> 
	 <province>New York</province> 
	 <country>US</country> 
	 </user> 
<date>1164704220</date> 
 <body>Superman- Christopher Reeve (with Brandon Routh coming a close second followed by Dean Cain)    Batman- Christian Bale    Joker- Mark Hamil (Voice)    Spider-man- Dan "Bumble Bee" Gilvizan (Voice of Spider-man from Spider-man and his Amazing Friends)    Punisher- Thomas Jane    Lex Luthor- John Shea    Blade- Wesly Snipes (Sticky Jones is a worthy follow-up though)    Wolverine- Hugh Jackman    Beast- Kelsy Grammer</body> 
 </post> 
<post id= "MS_30502_16030476"> 
<user id ="MS_112276582"> 
	 <username>J.R.</username> 
	 <sex>M</sex> 
	 <age>33</age> 
	 <city>Toronto</city> 
	 <province></province> 
	 <country>CA</country> 
	 </user> 
<date>1164710160</date> 
 <body>I was impressed with Famke Jansen in X3.    But agree with Bale, Reeves, Keaton, Maguire, Pearlman, Snipes, Jackman, Keanu...    And Trey Parker as Orgazmo!</body> 
 </post> 
<post id= "MS_30502_16044905"> 
<user id ="MS_4271213"> 
	 <username>Spooky.Kitty</username> 
	 <sex>F</sex> 
	 <age>21</age> 
	 <city>Dallas</city> 
	 <province>Texas</province> 
	 <country>US</country> 
	 </user> 
<date>1164729840</date> 
 <body>    exactly!!  plus was there really anyone else who could have played beast?</body> 
 </post> 
</posts>