<?xml version="1.0" encoding="UTF-8"?> 
 <posts> 
<post id= "MS_30502_16025497"> 
<user id ="MS_638900"> 
	 <username>Ste7en</username> 
	 <sex>M</sex> 
	 <age>45</age> 
	 <city>North Miami</city> 
	 <province>Florida</province> 
	 <country>US</country> 
	 </user> 
<date>1164701880</date> 
 <body>    Go back and look at 1960's Spider-Man comics. That's what they're going for in the movies. And he was a geek. A skinny, brainy geek that suddenly got powers. I think Tobey nailed that.</body> 
 </post> 
<post id= "MS_30502_16025571"> 
<user id ="MS_83814800"> 
	 <username>Ramen Noodle Chef</username> 
	 <sex>M</sex> 
	 <age>29</age> 
	 <city>AF</city> 
	 <province></province> 
	 <country></country> 
	 </user> 
<date>1164702000</date> 
 <body>Trey Parker as Orgazmo.  Damon Wayans as Blank Man.  Norman Redus and Sean Patrick Flannery as the Boondock Saints.</body> 
 </post> 
<post id= "MS_30502_16026936"> 
<user id ="MS_107638595"> 
	 <username>Wheeljack539</username> 
	 <sex>M</sex> 
	 <age>28</age> 
	 <city>Albany</city> 
	 <province>New York</province> 
	 <country>US</country> 
	 </user> 
<date>1164704220</date> 
 <body>Superman- Christopher Reeve (with Brandon Routh coming a close second followed by Dean Cain)    Batman- Christian Bale    Joker- Mark Hamil (Voice)    Spider-man- Dan "Bumble Bee" Gilvizan (Voice of Spider-man from Spider-man and his Amazing Friends)    Punisher- Thomas Jane    Lex Luthor- John Shea    Blade- Wesly Snipes (Sticky Jones is a worthy follow-up though)    Wolverine- Hugh Jackman    Beast- Kelsy Grammer</body> 
 </post> 
<post id= "MS_30502_16030476"> 
<user id ="MS_112276582"> 
	 <username>J.R.</username> 
	 <sex>M</sex> 
	 <age>33</age> 
	 <city>Toronto</city> 
	 <province></province> 
	 <country>CA</country> 
	 </user> 
<date>1164710160</date> 
 <body>I was impressed with Famke Jansen in X3.    But agree with Bale, Reeves, Keaton, Maguire, Pearlman, Snipes, Jackman, Keanu...    And Trey Parker as Orgazmo!</body> 
 </post> 
<post id= "MS_30502_16044905"> 
<user id ="MS_4271213"> 
	 <username>Spooky.Kitty</username> 
	 <sex>F</sex> 
	 <age>21</age> 
	 <city>Dallas</city> 
	 <province>Texas</province> 
	 <country>US</country> 
	 </user> 
<date>1164729840</date> 
 <body>    exactly!!  plus was there really anyone else who could have played beast?</body> 
 </post> 
<post id= "MS_30502_16055781"> 
<user id ="MS_57435246"> 
	 <username>Air CJ</username> 
	 <sex>M</sex> 
	 <age>21</age> 
	 <city>TAMPA</city> 
	 <province>FLORIDA</province> 
	 <country>US</country> 
	 </user> 
<date>1164738360</date> 
 <body>And  Bill Bixby (Rip) as Bruce Banner  William Defo as the Green Goblin      I think the guy on the 40 year old Virgin would have been a great Bruce Banner in the Hulk who think so</body> 
 </post> 
<post id= "MS_30502_16062187"> 
<user id ="MS_79203276"> 
	 <username>Yeshua - King of Kings</username> 
	 <sex>M</sex> 
	 <age>34</age> 
	 <city>Jacksonville</city> 
	 <province>Florida</province> 
	 <country>US</country> 
	 </user> 
<date>1164744420</date> 
 <body>   Jack Nicholson - The Joker</body> 
 </post> 
<post id= "MS_30502_16062505"> 
<user id ="MS_39674322"> 
	 <username>Clay</username> 
	 <sex>M</sex> 
	 <age>21</age> 
	 <city>SALT LAKE CITY</city> 
	 <province>UTAH</province> 
	 <country>US</country> 
	 </user> 
<date>1164744840</date> 
 <body>yep</body> 
 </post> 
<post id= "MS_30502_16065287"> 
<user id ="MS_748451"> 
	 <username>No one on the corner has swagger like Chris</username> 
	 <sex>M</sex> 
	 <age>26</age> 
	 <city>Oakland (aka The Matrix)</city> 
	 <province>California</province> 
	 <country>US</country> 
	 </user> 
<date>1164748860</date> 
 <body>   david hasselhoff...NICK FURY!!!</body> 
 </post> 
<post id= "MS_30502_16071184"> 
<user id ="MS_20392063"> 
	 <username>Gold M&M</username> 
	 <sex>M</sex> 
	 <age>18</age> 
	 <city>everywhere and nowhere</city> 
	 <province>Florida</province> 
	 <country>US</country> 
	 </user> 
<date>1164758940</date> 
 <body>I hated that new Fantastic Four movie, but if I had to pick any of those that were good portrayals, I liked the guy who played The Thing. The rest: human torch: good looks doesn't equal good acting, he was more annoying than anything :P Jessica Alba..just no haha and Mr. Fantastic eh, I don't even remember his performance. Can't believe there's gonna be more :(    Eric Bana was a pretty good Bruce Banner.</body> 
 </post> 
</posts>