<?xml version="1.0" encoding="UTF-8"?> 
 <posts> 
<post id= "MS_30502_16030476"> 
<user id ="MS_112276582"> 
	 <username>J.R.</username> 
	 <sex>M</sex> 
	 <age>33</age> 
	 <city>Toronto</city> 
	 <province></province> 
	 <country>CA</country> 
	 </user> 
<date>1164710160</date> 
 <body>I was impressed with Famke Jansen in X3.    But agree with Bale, Reeves, Keaton, Maguire, Pearlman, Snipes, Jackman, Keanu...    And Trey Parker as Orgazmo!</body> 
 </post> 
<post id= "MS_30502_16044905"> 
<user id ="MS_4271213"> 
	 <username>Spooky.Kitty</username> 
	 <sex>F</sex> 
	 <age>21</age> 
	 <city>Dallas</city> 
	 <province>Texas</province> 
	 <country>US</country> 
	 </user> 
<date>1164729840</date> 
 <body>    exactly!!  plus was there really anyone else who could have played beast?</body> 
 </post> 
<post id= "MS_30502_16055781"> 
<user id ="MS_57435246"> 
	 <username>Air CJ</username> 
	 <sex>M</sex> 
	 <age>21</age> 
	 <city>TAMPA</city> 
	 <province>FLORIDA</province> 
	 <country>US</country> 
	 </user> 
<date>1164738360</date> 
 <body>And  Bill Bixby (Rip) as Bruce Banner  William Defo as the Green Goblin      I think the guy on the 40 year old Virgin would have been a great Bruce Banner in the Hulk who think so</body> 
 </post> 
<post id= "MS_30502_16062187"> 
<user id ="MS_79203276"> 
	 <username>Yeshua - King of Kings</username> 
	 <sex>M</sex> 
	 <age>34</age> 
	 <city>Jacksonville</city> 
	 <province>Florida</province> 
	 <country>US</country> 
	 </user> 
<date>1164744420</date> 
 <body>   Jack Nicholson - The Joker</body> 
 </post> 
<post id= "MS_30502_16062505"> 
<user id ="MS_39674322"> 
	 <username>Clay</username> 
	 <sex>M</sex> 
	 <age>21</age> 
	 <city>SALT LAKE CITY</city> 
	 <province>UTAH</province> 
	 <country>US</country> 
	 </user> 
<date>1164744840</date> 
 <body>yep</body> 
 </post> 
<post id= "MS_30502_16065287"> 
<user id ="MS_748451"> 
	 <username>No one on the corner has swagger like Chris</username> 
	 <sex>M</sex> 
	 <age>26</age> 
	 <city>Oakland (aka The Matrix)</city> 
	 <province>California</province> 
	 <country>US</country> 
	 </user> 
<date>1164748860</date> 
 <body>   david hasselhoff...NICK FURY!!!</body> 
 </post> 
<post id= "MS_30502_16071184"> 
<user id ="MS_20392063"> 
	 <username>Gold M&M</username> 
	 <sex>M</sex> 
	 <age>18</age> 
	 <city>everywhere and nowhere</city> 
	 <province>Florida</province> 
	 <country>US</country> 
	 </user> 
<date>1164758940</date> 
 <body>I hated that new Fantastic Four movie, but if I had to pick any of those that were good portrayals, I liked the guy who played The Thing. The rest: human torch: good looks doesn't equal good acting, he was more annoying than anything :P Jessica Alba..just no haha and Mr. Fantastic eh, I don't even remember his performance. Can't believe there's gonna be more :(    Eric Bana was a pretty good Bruce Banner.</body> 
 </post> 
<post id= "MS_30502_16072865"> 
<user id ="MS_39555287"> 
	 <username>dylan</username> 
	 <sex>M</sex> 
	 <age>25</age> 
	 <city>Sunbury</city> 
	 <province></province> 
	 <country>UK</country> 
	 </user> 
<date>1164766020</date> 
 <body>    agreed, the lee/ditko era satrted it off, and the movie was based on those portrayls. but i would of felt a lot better watching a lee/romita style spidey, cause i believe this is where the stories became mature and peter grew into guy i would of liked to hang out with. the problem also being that the spidey movies are moving into the romita decade but the preformance is staying in the ditko, and while im sure the cgi will wow the audience i just know id never be able to just kick back with the peter on the big screen.</body> 
 </post> 
<post id= "MS_30502_16080260"> 
<user id ="MS_36280511"> 
	 <username>Erin</username> 
	 <sex>F</sex> 
	 <age>29</age> 
	 <city>TEXAS</city> 
	 <province></province> 
	 <country>US</country> 
	 </user> 
<date>1164787080</date> 
 <body>Christian Bale as Batman  Hugh Jackman as Wolverine  Wesley Snipes as Blade  Christopher Reeves as Superman (I don't think anyone will be able to fill those shoes)</body> 
 </post> 
<post id= "MS_30502_16080403"> 
<user id ="MS_72468219"> 
	 <username>Kiran</username> 
	 <sex>M</sex> 
	 <age>22</age> 
	 <city>Galway</city> 
	 <province>Galway</province> 
	 <country>IE</country> 
	 </user> 
<date>1164787380</date> 
 <body>Christian Bale was brill as Batman    As for Michael Keaton, he was probably the worst actor to play Batman.</body> 
 </post> 
</posts>