<?xml version="1.0" encoding="UTF-8"?> 
 <posts> 
<post id= "MS_30502_16062505"> 
<user id ="MS_39674322"> 
	 <username>Clay</username> 
	 <sex>M</sex> 
	 <age>21</age> 
	 <city>SALT LAKE CITY</city> 
	 <province>UTAH</province> 
	 <country>US</country> 
	 </user> 
<date>1164744840</date> 
 <body>yep</body> 
 </post> 
<post id= "MS_30502_16065287"> 
<user id ="MS_748451"> 
	 <username>No one on the corner has swagger like Chris</username> 
	 <sex>M</sex> 
	 <age>26</age> 
	 <city>Oakland (aka The Matrix)</city> 
	 <province>California</province> 
	 <country>US</country> 
	 </user> 
<date>1164748860</date> 
 <body>   david hasselhoff...NICK FURY!!!</body> 
 </post> 
<post id= "MS_30502_16071184"> 
<user id ="MS_20392063"> 
	 <username>Gold M&M</username> 
	 <sex>M</sex> 
	 <age>18</age> 
	 <city>everywhere and nowhere</city> 
	 <province>Florida</province> 
	 <country>US</country> 
	 </user> 
<date>1164758940</date> 
 <body>I hated that new Fantastic Four movie, but if I had to pick any of those that were good portrayals, I liked the guy who played The Thing. The rest: human torch: good looks doesn't equal good acting, he was more annoying than anything :P Jessica Alba..just no haha and Mr. Fantastic eh, I don't even remember his performance. Can't believe there's gonna be more :(    Eric Bana was a pretty good Bruce Banner.</body> 
 </post> 
<post id= "MS_30502_16072865"> 
<user id ="MS_39555287"> 
	 <username>dylan</username> 
	 <sex>M</sex> 
	 <age>25</age> 
	 <city>Sunbury</city> 
	 <province></province> 
	 <country>UK</country> 
	 </user> 
<date>1164766020</date> 
 <body>    agreed, the lee/ditko era satrted it off, and the movie was based on those portrayls. but i would of felt a lot better watching a lee/romita style spidey, cause i believe this is where the stories became mature and peter grew into guy i would of liked to hang out with. the problem also being that the spidey movies are moving into the romita decade but the preformance is staying in the ditko, and while im sure the cgi will wow the audience i just know id never be able to just kick back with the peter on the big screen.</body> 
 </post> 
<post id= "MS_30502_16080260"> 
<user id ="MS_36280511"> 
	 <username>Erin</username> 
	 <sex>F</sex> 
	 <age>29</age> 
	 <city>TEXAS</city> 
	 <province></province> 
	 <country>US</country> 
	 </user> 
<date>1164787080</date> 
 <body>Christian Bale as Batman  Hugh Jackman as Wolverine  Wesley Snipes as Blade  Christopher Reeves as Superman (I don't think anyone will be able to fill those shoes)</body> 
 </post> 
<post id= "MS_30502_16080403"> 
<user id ="MS_72468219"> 
	 <username>Kiran</username> 
	 <sex>M</sex> 
	 <age>22</age> 
	 <city>Galway</city> 
	 <province>Galway</province> 
	 <country>IE</country> 
	 </user> 
<date>1164787380</date> 
 <body>Christian Bale was brill as Batman    As for Michael Keaton, he was probably the worst actor to play Batman.</body> 
 </post> 
<post id= "MS_30502_16096824"> 
<user id ="MS_113993621"> 
	 <username>Eric</username> 
	 <sex>M</sex> 
	 <age>36</age> 
	 <city>CLOVIS</city> 
	 <province>California</province> 
	 <country>US</country> 
	 </user> 
<date>1164809220</date> 
 <body>Christian Bale as Batman. He really nailed the extreme, almost bipolar character split of Bruce Wayne/Batman.    Second for me is Tobey McGuire as Spiderman. I thought he did a great job at capturing that awkward transition phase from teens to early adulthood, with the added pressure and duty of being a superhero. Fantastic job.    Third on my list is Hugh Jackman as Wolverine. He's definitely got the attitude and internal strife thing down, and his action and use of the claws is superb. I just wish he was bigger.</body> 
 </post> 
<post id= "MS_30502_16099240"> 
<user id ="MS_118553254"> 
	 <username>FilmFreak</username> 
	 <sex>M</sex> 
	 <age>30</age> 
	 <city>Augusta</city> 
	 <province>Georgia</province> 
	 <country>US</country> 
	 </user> 
<date>1164812520</date> 
 <body>I really don't go for the superhero movies so I don't know if this qualifies as one, but I like that chick "River" from the movie "Serenity". She gets in that zone and then bamm, she starts kickin' major ass. Loved it. Great alll round movie too.    And Christian Bale in Batman Begins of course.</body> 
 </post> 
<post id= "MS_30502_16106615"> 
<user id ="MS_74943305"> 
	 <username>Retrocadia</username> 
	 <sex>M</sex> 
	 <age>33</age> 
	 <city>Arlington</city> 
	 <province>Texas</province> 
	 <country>US</country> 
	 </user> 
<date>1164822060</date> 
 <body>Bruce Willis in UNBREAKABLE</body> 
 </post> 
<post id= "MS_30502_16106719"> 
<user id ="MS_74943305"> 
	 <username>Retrocadia</username> 
	 <sex>M</sex> 
	 <age>33</age> 
	 <city>Arlington</city> 
	 <province>Texas</province> 
	 <country>US</country> 
	 </user> 
<date>1164822180</date> 
 <body>    I sort of agree. Christian Bale is an awesome Batman, but Michael Keaton is beyond that. He was Batman. I remember him shocking everybody in that roll. Before people saw the movie nobody could imagine Keaton (Mr. Mom) as The Batman. Some critics scoffed at the idea, but after the movie came out people left the theaters with their mouths open. Keaton was crazy and he was Batman. He even had that natural and intense crazy glare in his eyes as Bruce Wayne.</body> 
 </post> 
</posts>