<?xml version="1.0" encoding="UTF-8"?> 
 <posts> 
<post id= "MS_30502_15969787"> 
<user id ="MS_123158513"> 
	 <username>Silverbolt</username> 
	 <sex>M</sex> 
	 <age>33</age> 
	 <city>OMAHA</city> 
	 <province>Northeast</province> 
	 <country>US</country> 
	 </user> 
<date>1164580800</date> 
 <body>    Well you must've never read a spider-man comic in your life. Spider-man is all about the flaws, that's what makes him a great super hero.    For character portrayal I'd say that Christopher Reeves is top of the list.</body> 
 </post> 
<post id= "MS_30502_15971702"> 
<user id ="MS_119688661"> 
	 <username>Raj Wiles</username> 
	 <sex>M</sex> 
	 <age>23</age> 
	 <city>Planet Earth</city> 
	 <province></province> 
	 <country>SL</country> 
	 </user> 
<date>1164586740</date> 
 <body>christian bale as batman</body> 
 </post> 
<post id= "MS_30502_15980144"> 
<user id ="MS_53517183"> 
	 <username>scott</username> 
	 <sex>M</sex> 
	 <age>34</age> 
	 <city>SAN JOSE</city> 
	 <province>CALIFORNIA</province> 
	 <country>US</country> 
	 </user> 
<date>1164616680</date> 
 <body>christopher reeve as superman  michael keaton as batman  keanu reeves as neo</body> 
 </post> 
<post id= "MS_30502_15994587"> 
<user id ="MS_78064761"> 
	 <username>Vanceboy</username> 
	 <sex>M</sex> 
	 <age>31</age> 
	 <city>West Virginia</city> 
	 <province></province> 
	 <country>US</country> 
	 </user> 
<date>1164637680</date> 
 <body>Ron Jeremy as Jizz Master Zero</body> 
 </post> 
<post id= "MS_30502_15995097"> 
<user id ="MS_101332894"> 
	 <username>Luke</username> 
	 <sex>M</sex> 
	 <age>21</age> 
	 <city>Newcastle</city> 
	 <province></province> 
	 <country>UK</country> 
	 </user> 
<date>1164638280</date> 
 <body>Alan Cumming - Kurt Wagner/Nightcrawler in X2: Xmen United    Quality opening scene!</body> 
 </post> 
<post id= "MS_30502_16002183"> 
<user id ="MS_115849766"> 
	 <username>David</username> 
	 <sex>M</sex> 
	 <age>35</age> 
	 <city>ARMPITville</city> 
	 <province>North Carolina</province> 
	 <country>US</country> 
	 </user> 
<date>1164648060</date> 
 <body>Thomas Jane as The Punisher. I can't wait to see the next one.    But Bale was awesome as well as Bruce Wayne/Batman. I can't wait to see him add some more layers in the next film.</body> 
 </post> 
<post id= "MS_30502_16002961"> 
<user id ="MS_107511419"> 
	 <username>ADaM</username> 
	 <sex>M</sex> 
	 <age>17</age> 
	 <city>PY</city> 
	 <province></province> 
	 <country></country> 
	 </user> 
<date>1164649500</date> 
 <body>Hugh Jackman as Wolverine</body> 
 </post> 
<post id= "MS_30502_16003082"> 
<user id ="MS_41313821"> 
	 <username>Chloe's Musical Dad</username> 
	 <sex>M</sex> 
	 <age>22</age> 
	 <city>Jenison</city> 
	 <province>Michigan</province> 
	 <country>US</country> 
	 </user> 
<date>1164649800</date> 
 <body>    its the flaws that make a hero super. They find a way to help people no matter what is going on in their lives...self sacrifice. That's what makes a hero super. No matter what, they help those who are more and less fortunate than them. If they were all invincible, what fun would it be? It would all be the same. Bad guy threatens city, good guy gets bad guy without getting scratched...end of story. That would be a sucky movie.</body> 
 </post> 
<post id= "MS_30502_16006747"> 
<user id ="MS_8135016"> 
	 <username>Jeffsta</username> 
	 <sex>M</sex> 
	 <age>22</age> 
	 <city>Fullerton</city> 
	 <province>California</province> 
	 <country>US</country> 
	 </user> 
<date>1164656280</date> 
 <body>Bale as the Bat  Reeves as Supes (although the new guy Brandon Routh managed to live up to him)  Jackman as Wolverine</body> 
 </post> 
<post id= "MS_30502_16006970"> 
<user id ="MS_21483678"> 
	 <username>Sean.</username> 
	 <sex>M</sex> 
	 <age>84</age> 
	 <city>Alaska</city> 
	 <province></province> 
	 <country>US</country> 
	 </user> 
<date>1164656580</date> 
 <body>BALE as BATMAN  JACKMAN as WOLVERINE  WEAVING as V  MAGUIRE as SPIDER-MAN</body> 
 </post> 
</posts>