<?xml version="1.0" encoding="UTF-8"?> 
 <posts> 
<post id= "MS_30203_16066615"> 
<user id ="MS_83815933"> 
	 <username>The Amazing Nick</username> 
	 <sex>M</sex> 
	 <age>23</age> 
	 <city>Baltimore</city> 
	 <province>MARYLAND</province> 
	 <country>US</country> 
	 </user> 
<date>1164751380</date> 
 <body>Eh, he doesnt look to old, i wouldnt mind seeing him try</body> 
 </post> 
<post id= "MS_30203_16098770"> 
<user id ="MS_41396254"> 
	 <username>toxiemite</username> 
	 <sex>M</sex> 
	 <age>29</age> 
	 <city>Melbourne</city> 
	 <province></province> 
	 <country>AU</country> 
	 </user> 
<date>1164811860</date> 
 <body>WHY THE HELL would they have a black 007!?????    Are you forgetting that James Bond is a character from Ian Fleming's famous series of spy novels!? James Bond is famously a WHITE guy! It's rediculous to change the colour of his skin. Its nothing racial, simply respectful to Fleming's character!</body> 
 </post> 
<post id= "MS_30203_16099988"> 
<user id ="MS_20278797"> 
	 <username>Rob Dobbs</username> 
	 <sex>M</sex> 
	 <age>31</age> 
	 <city>LA, So Cal</city> 
	 <province>California</province> 
	 <country>US</country> 
	 </user> 
<date>1164813540</date> 
 <body>so your saying make James Bond an ever angry black man?    Sorry,  Denzel is not that good of an actor. He has about the same range as Bruce Willis. Bond is not an American character so the actor should not be American.    You want a good angry black man movie, have these well known people in it:  Denzel Washington  Samuel Jackson  Laurence Fishburn  Jada Pinkett Smith (as a side kick so she is extra angry)  and you will have a sure fire hit on the strength.</body> 
 </post> 
<post id= "MS_30203_16105098"> 
<user id ="MS_29774511"> 
	 <username>Waylander</username> 
	 <sex>M</sex> 
	 <age>24</age> 
	 <city>London</city> 
	 <province>South</province> 
	 <country>UK</country> 
	 </user> 
<date>1164820320</date> 
 <body>    Plus the actor playing Bond is usually British. So Denzel fails anyway, even if they were to have a black bond it would be a British black actor.</body> 
 </post> 
<post id= "MS_30203_16106353"> 
<user id ="MS_74943305"> 
	 <username>Retrocadia</username> 
	 <sex>M</sex> 
	 <age>33</age> 
	 <city>Arlington</city> 
	 <province>Texas</province> 
	 <country>US</country> 
	 </user> 
<date>1164821760</date> 
 <body>    I say no to the black actor idea also. Not for any reasons people knee jerk about, but because we have a history with James Bond. Don't go messin that up. As the other person said already, create a whole new character and series. Sort of like they did with XxX.</body> 
 </post> 
<post id= "MS_30203_16108779"> 
<user id ="MS_41396254"> 
	 <username>toxiemite</username> 
	 <sex>M</sex> 
	 <age>29</age> 
	 <city>Melbourne</city> 
	 <province></province> 
	 <country>AU</country> 
	 </user> 
<date>1164824700</date> 
 <body>God help us if they do introduce a black 007....    But IF they must, then I vote for Michael Richards to play the villain!!!!!!! :)</body> 
 </post> 
<post id= "MS_30203_16117188"> 
<user id ="MS_67706539"> 
	 <username>Jason</username> 
	 <sex>M</sex> 
	 <age>24</age> 
	 <city>Cheney</city> 
	 <province>Washington</province> 
	 <country>US</country> 
	 </user> 
<date>1164838440</date> 
 <body>James Bond has always been white. Not to sound racial but it should stay that way or it'd change everything that is James Bond. Can you imagine someone like Jet Li being James Bond? It just would be James Bond anymore.</body> 
 </post> 
<post id= "MS_30203_16120541"> 
<user id ="MS_21483678"> 
	 <username>Sean.</username> 
	 <sex>M</sex> 
	 <age>84</age> 
	 <city>Alaska</city> 
	 <province></province> 
	 <country>US</country> 
	 </user> 
<date>1164851640</date> 
 <body>I think i'll stick with Craig, Daniel Craig.</body> 
 </post> 
<post id= "MS_30203_16126218"> 
<user id ="MS_74943305"> 
	 <username>Retrocadia</username> 
	 <sex>M</sex> 
	 <age>33</age> 
	 <city>Arlington</city> 
	 <province>Texas</province> 
	 <country>US</country> 
	 </user> 
<date>1164871140</date> 
 <body>    Yeah it would be Enter The Dragon or something. Keep historical figures the way they have always been, and make up new characters.    People got mad when they changed Cat Woman. But there was a black cat woman in the 60s, I forgot her name.    I got upset when they changed The Green Lanern to a black guy. I figured they caved under political correctness. But somebody told me that there are 100s of Green Lanterns from another planet.    But when there is a historical track record of a character, keep him the way he has always been (or her).</body> 
 </post> 
<post id= "MS_30203_16126555"> 
<user id ="MS_119405121"> 
	 <username>{D-DuB} Im BaCk an GaYer ThAn EVER!!!!!</username> 
	 <sex>F</sex> 
	 <age>20</age> 
	 <city>L~Town</city> 
	 <province>Florida</province> 
	 <country>US</country> 
	 </user> 
<date>1164871800</date> 
 <body></body> 
 </post> 
</posts>