<?xml version="1.0" encoding="UTF-8"?> 
 <posts> 
<post id= "MS_30203_16201717"> 
<user id ="MS_322380"> 
	 <username>floyd</username> 
	 <sex>M</sex> 
	 <age>24</age> 
	 <city>milford</city> 
	 <province>New Jersey</province> 
	 <country>US</country> 
	 </user> 
<date>1165007520</date> 
 <body>    if they have a black bond, nobody would be cooler than don cheadle.</body> 
 </post> 
<post id= "MS_30203_16202149"> 
<user id ="MS_748451"> 
	 <username>No one on the corner has swagger like Chris</username> 
	 <sex>M</sex> 
	 <age>26</age> 
	 <city>Oakland (aka The Matrix)</city> 
	 <province>California</province> 
	 <country>US</country> 
	 </user> 
<date>1165008300</date> 
 <body>mos def.</body> 
 </post> 
<post id= "MS_30203_16222823"> 
<user id ="MS_98524684"> 
	 <username>michael</username> 
	 <sex>M</sex> 
	 <age>39</age> 
	 <city>UK</city> 
	 <province></province> 
	 <country></country> 
	 </user> 
<date>1165064340</date> 
 <body>your all missing the main point here , , BOND IS"NT BLACK , his parents were scottish and swiss , , and no matter how mant political correct kudos it gets you, bond is a white western european , so deal with it.</body> 
 </post> 
<post id= "MS_30203_16223494"> 
<user id ="MS_36531181"> 
	 <username>Troublemaker</username> 
	 <sex>F</sex> 
	 <age>28</age> 
	 <city>Back in da chi bitchez!</city> 
	 <province>Illinois</province> 
	 <country>US</country> 
	 </user> 
<date>1165065480</date> 
 <body>    Denzel is great!! I don't think he'd be too old. He looks a lot younger than Daniel Craig (who happens to be 38 but looks almost 60).</body> 
 </post> 
<post id= "MS_30203_16224223"> 
<user id ="MS_20278797"> 
	 <username>Rob Dobbs</username> 
	 <sex>M</sex> 
	 <age>31</age> 
	 <city>LA, So Cal</city> 
	 <province>California</province> 
	 <country>US</country> 
	 </user> 
<date>1165066800</date> 
 <body>all of the previous Bonds had an older look and thats how it should be, life experianced with nothing to lose.</body> 
 </post> 
<post id= "MS_30203_16224386"> 
<user id ="MS_36531181"> 
	 <username>Troublemaker</username> 
	 <sex>F</sex> 
	 <age>28</age> 
	 <city>Back in da chi bitchez!</city> 
	 <province>Illinois</province> 
	 <country>US</country> 
	 </user> 
<date>1165067100</date> 
 <body>Well I guess it WOULD be better to cast someone young who looks Old as hell! They should've kept Pierce in that case, he could've still been Bond. If I was a Bond girl, I'd go with Pierce over Daniel Craig any day.</body> 
 </post> 
<post id= "MS_30203_16225724"> 
<user id ="MS_20278797"> 
	 <username>Rob Dobbs</username> 
	 <sex>M</sex> 
	 <age>31</age> 
	 <city>LA, So Cal</city> 
	 <province>California</province> 
	 <country>US</country> 
	 </user> 
<date>1165069260</date> 
 <body>I take it you dont know much about the industry ken?</body> 
 </post> 
<post id= "MS_30203_16226221"> 
<user id ="MS_119688661"> 
	 <username>Raj Wiles</username> 
	 <sex>M</sex> 
	 <age>23</age> 
	 <city>Planet Earth</city> 
	 <province></province> 
	 <country>SL</country> 
	 </user> 
<date>1165070100</date> 
 <body>i heard puff daddy wanted the role.    you know whats really cool about p diddy?      nothing.</body> 
 </post> 
<post id= "MS_30203_16228424"> 
<user id ="MS_20278797"> 
	 <username>Rob Dobbs</username> 
	 <sex>M</sex> 
	 <age>31</age> 
	 <city>LA, So Cal</city> 
	 <province>California</province> 
	 <country>US</country> 
	 </user> 
<date>1165073940</date> 
 <body>yeah Ken,  I know NOTHING about being on the "Creative" end, lol.</body> 
 </post> 
<post id= "MS_30203_16285949"> 
<user id ="MS_67706539"> 
	 <username>Jason</username> 
	 <sex>M</sex> 
	 <age>24</age> 
	 <city>Cheney</city> 
	 <province>Washington</province> 
	 <country>US</country> 
	 </user> 
<date>1165181460</date> 
 <body>The chances of a black actor getting to portray James Bond is about the chance that a white actor can portray Malcolm X, MLK, or anyone else for that matter.</body> 
 </post> 
</posts>