<?xml version="1.0" encoding="UTF-8"?> 
 <posts> 
<post id= "MS_30203_16120541"> 
<user id ="MS_21483678"> 
	 <username>Sean.</username> 
	 <sex>M</sex> 
	 <age>84</age> 
	 <city>Alaska</city> 
	 <province></province> 
	 <country>US</country> 
	 </user> 
<date>1164851640</date> 
 <body>I think i'll stick with Craig, Daniel Craig.</body> 
 </post> 
<post id= "MS_30203_16126218"> 
<user id ="MS_74943305"> 
	 <username>Retrocadia</username> 
	 <sex>M</sex> 
	 <age>33</age> 
	 <city>Arlington</city> 
	 <province>Texas</province> 
	 <country>US</country> 
	 </user> 
<date>1164871140</date> 
 <body>    Yeah it would be Enter The Dragon or something. Keep historical figures the way they have always been, and make up new characters.    People got mad when they changed Cat Woman. But there was a black cat woman in the 60s, I forgot her name.    I got upset when they changed The Green Lanern to a black guy. I figured they caved under political correctness. But somebody told me that there are 100s of Green Lanterns from another planet.    But when there is a historical track record of a character, keep him the way he has always been (or her).</body> 
 </post> 
<post id= "MS_30203_16126555"> 
<user id ="MS_119405121"> 
	 <username>{D-DuB} Im BaCk an GaYer ThAn EVER!!!!!</username> 
	 <sex>F</sex> 
	 <age>20</age> 
	 <city>L~Town</city> 
	 <province>Florida</province> 
	 <country>US</country> 
	 </user> 
<date>1164871800</date> 
 <body></body> 
 </post> 
<post id= "MS_30203_16126655"> 
<user id ="MS_119405121"> 
	 <username>{D-DuB} Im BaCk an GaYer ThAn EVER!!!!!</username> 
	 <sex>F</sex> 
	 <age>20</age> 
	 <city>L~Town</city> 
	 <province>Florida</province> 
	 <country>US</country> 
	 </user> 
<date>1164871980</date> 
 <body>But for the oringinal ? no i don't think he should i think he would be great in it but james bond anit even american.However if he can get the british accent down i don't see why not because there are black people that live in europe so i wouldn't have a problem with it.</body> 
 </post> 
<post id= "MS_30203_16126762"> 
<user id ="MS_53517183"> 
	 <username>scott</username> 
	 <sex>M</sex> 
	 <age>34</age> 
	 <city>SAN JOSE</city> 
	 <province>CALIFORNIA</province> 
	 <country>US</country> 
	 </user> 
<date>1164872220</date> 
 <body>i think emmanuel lewis should be the next bond</body> 
 </post> 
<post id= "MS_30203_16126922"> 
<user id ="MS_66066088"> 
	 <username>Our Jen!</username> 
	 <sex>F</sex> 
	 <age>24</age> 
	 <city>notts</city> 
	 <province></province> 
	 <country>UK</country> 
	 </user> 
<date>1164872520</date> 
 <body>    Id love to see this they could get someone like wee man or maybe the guy who played mini me!</body> 
 </post> 
<post id= "MS_30203_16127127"> 
<user id ="MS_20278797"> 
	 <username>Rob Dobbs</username> 
	 <sex>M</sex> 
	 <age>31</age> 
	 <city>LA, So Cal</city> 
	 <province>California</province> 
	 <country>US</country> 
	 </user> 
<date>1164872880</date> 
 <body>lol,  lakeland,  dude,  get a clue.</body> 
 </post> 
<post id= "MS_30203_16127884"> 
<user id ="MS_119405121"> 
	 <username>{D-DuB} Im BaCk an GaYer ThAn EVER!!!!!</username> 
	 <sex>F</sex> 
	 <age>20</age> 
	 <city>L~Town</city> 
	 <province>Florida</province> 
	 <country>US</country> 
	 </user> 
<date>1164873900</date> 
 <body>        Get a clue about what?Your denzel sucks opinion is based on nothing why does he suck in your opinon?Name one movie he has gave a bad performence in?</body> 
 </post> 
<post id= "MS_30203_16129445"> 
<user id ="MS_20278797"> 
	 <username>Rob Dobbs</username> 
	 <sex>M</sex> 
	 <age>31</age> 
	 <city>LA, So Cal</city> 
	 <province>California</province> 
	 <country>US</country> 
	 </user> 
<date>1164876660</date> 
 <body>no problem, I'll give you two Carbon Copy and Virtuosity.    I am not even going to get into his newer stuff because he is just an angry black man. Like I said, as much range as Bruce Willis, no matter what he does, its Bruce Willis. No matter what Denzel does, its just Denzel. Not hating on the guy, just call it as I see it.    As a person, he is a good fella. A buddy of mine has worked with him a few times, most recently on Deja Vu. Denzel can play a practical joke and take one as well. Not easily said for the likes of Tom Cruise.</body> 
 </post> 
<post id= "MS_30203_16130626"> 
<user id ="MS_119405121"> 
	 <username>{D-DuB} Im BaCk an GaYer ThAn EVER!!!!!</username> 
	 <sex>F</sex> 
	 <age>20</age> 
	 <city>L~Town</city> 
	 <province>Florida</province> 
	 <country>US</country> 
	 </user> 
<date>1164878400</date> 
 <body>    Okay Carbon copy was his first movie alot of great actor's dont give good performance's in thier first movie and Virtuosity was a bad movie all together so your is still invalid.So are you saying the guy has no talent or you just you don't like his style?</body> 
 </post> 
</posts>