<?xml version="1.0" encoding="UTF-8"?> 
 <posts> 
<post id= "MS_30203_16154640"> 
<user id ="MS_20278797"> 
	 <username>Rob Dobbs</username> 
	 <sex>M</sex> 
	 <age>31</age> 
	 <city>LA, So Cal</city> 
	 <province>California</province> 
	 <country>US</country> 
	 </user> 
<date>1164913920</date> 
 <body>ooohh,  your onto something there!  How about a Puerto Rican James Bond and the Bond girl is his sister that all the villains are trying to sleep with hence forth the plot.</body> 
 </post> 
<post id= "MS_30203_16155111"> 
<user id ="MS_58827998"> 
	 <username>Ian</username> 
	 <sex>M</sex> 
	 <age>25</age> 
	 <city>Wahiawa/Waikiki</city> 
	 <province>Hawaii</province> 
	 <country>US</country> 
	 </user> 
<date>1164914580</date> 
 <body>    That's what I was thinking. That doesn't make any damn sense. Plus Bond fans would be pissed. Hell, I'm not even a Bond fan and I'd still be pissed.</body> 
 </post> 
<post id= "MS_30203_16173977"> 
<user id ="MS_80022232"> 
	 <username>Billy Castell</username> 
	 <sex>M</sex> 
	 <age>27</age> 
	 <city>Exmouth, Devon</city> 
	 <province>East</province> 
	 <country>UK</country> 
	 </user> 
<date>1164964320</date> 
 <body>    How about that James Bond is white?    A black James Bond wouldn't work. A spy film with a black guy in it would, but James Bond is white. You might as well make James Bond a transexual with one leg as well. And set it in 13th Century Wales. It's the same as all those idiots wanting a woman to play Doctor Who-it would feel 'wrong'.</body> 
 </post> 
<post id= "MS_30203_16176159"> 
<user id ="MS_119405121"> 
	 <username>{D-DuB} Im BaCk an GaYer ThAn EVER!!!!!</username> 
	 <sex>F</sex> 
	 <age>20</age> 
	 <city>L~Town</city> 
	 <province>Florida</province> 
	 <country>US</country> 
	 </user> 
<date>1164967860</date> 
 <body>        Harrison Ford?Hahaha.Idiana jones had no good acting he ran and jumped and look for shit.I mean you speak about great character's.Have you seen training day i think he gave some life to that movie he made ethan hawke who is a great actor look like It was his first movie.Not to mention malcolm X how can you see that movie and not say denzel is one of the best?</body> 
 </post> 
<post id= "MS_30203_16178044"> 
<user id ="MS_20278797"> 
	 <username>Rob Dobbs</username> 
	 <sex>M</sex> 
	 <age>31</age> 
	 <city>LA, So Cal</city> 
	 <province>California</province> 
	 <country>US</country> 
	 </user> 
<date>1164970440</date> 
 <body>Obviously you didnt read what I wrote, it was an example.  Can you imagine Indiana Jones played by anyone other than Harrison Ford. Can you imagine Indy played by Tom Sellick because thats who the part was written as and for, Magnum PI. Harrison Ford is the last great classic action star no doubt about it.    As far as Training Day, anyone pretty much could step right into that role. Yes I have seen it and still to this day wonder why anyone can see it as a great film. Ethan Hawk is a great actor? When did this happen? Not sure we watched the same film or is it the age gap?    Malcolm X,  You first need to realise and understand, was a real person. All you need to do with when portraying a real person is impersonate them. There is plenty of footage of the real person to study from. He did not create a character, he impersonated a person. Maybe its just me but there is enough drama in real life to sit down and watch someone else's drama on film. I tried watching Malcolm X and just couldnt do it, boring and just uninteresting to me personaly but o each their own.    Pretty much any actor will tell you, drama is easy, comedy is hard.</body> 
 </post> 
<post id= "MS_30203_16201717"> 
<user id ="MS_322380"> 
	 <username>floyd</username> 
	 <sex>M</sex> 
	 <age>24</age> 
	 <city>milford</city> 
	 <province>New Jersey</province> 
	 <country>US</country> 
	 </user> 
<date>1165007520</date> 
 <body>    if they have a black bond, nobody would be cooler than don cheadle.</body> 
 </post> 
<post id= "MS_30203_16202149"> 
<user id ="MS_748451"> 
	 <username>No one on the corner has swagger like Chris</username> 
	 <sex>M</sex> 
	 <age>26</age> 
	 <city>Oakland (aka The Matrix)</city> 
	 <province>California</province> 
	 <country>US</country> 
	 </user> 
<date>1165008300</date> 
 <body>mos def.</body> 
 </post> 
<post id= "MS_30203_16222823"> 
<user id ="MS_98524684"> 
	 <username>michael</username> 
	 <sex>M</sex> 
	 <age>39</age> 
	 <city>UK</city> 
	 <province></province> 
	 <country></country> 
	 </user> 
<date>1165064340</date> 
 <body>your all missing the main point here , , BOND IS"NT BLACK , his parents were scottish and swiss , , and no matter how mant political correct kudos it gets you, bond is a white western european , so deal with it.</body> 
 </post> 
<post id= "MS_30203_16223494"> 
<user id ="MS_36531181"> 
	 <username>Troublemaker</username> 
	 <sex>F</sex> 
	 <age>28</age> 
	 <city>Back in da chi bitchez!</city> 
	 <province>Illinois</province> 
	 <country>US</country> 
	 </user> 
<date>1165065480</date> 
 <body>    Denzel is great!! I don't think he'd be too old. He looks a lot younger than Daniel Craig (who happens to be 38 but looks almost 60).</body> 
 </post> 
<post id= "MS_30203_16224223"> 
<user id ="MS_20278797"> 
	 <username>Rob Dobbs</username> 
	 <sex>M</sex> 
	 <age>31</age> 
	 <city>LA, So Cal</city> 
	 <province>California</province> 
	 <country>US</country> 
	 </user> 
<date>1165066800</date> 
 <body>all of the previous Bonds had an older look and thats how it should be, life experianced with nothing to lose.</body> 
 </post> 
</posts>