<?xml version="1.0" encoding="UTF-8"?> 
 <posts> 
<post id= "MS_30203_16127127"> 
<user id ="MS_20278797"> 
	 <username>Rob Dobbs</username> 
	 <sex>M</sex> 
	 <age>31</age> 
	 <city>LA, So Cal</city> 
	 <province>California</province> 
	 <country>US</country> 
	 </user> 
<date>1164872880</date> 
 <body>lol,  lakeland,  dude,  get a clue.</body> 
 </post> 
<post id= "MS_30203_16127884"> 
<user id ="MS_119405121"> 
	 <username>{D-DuB} Im BaCk an GaYer ThAn EVER!!!!!</username> 
	 <sex>F</sex> 
	 <age>20</age> 
	 <city>L~Town</city> 
	 <province>Florida</province> 
	 <country>US</country> 
	 </user> 
<date>1164873900</date> 
 <body>        Get a clue about what?Your denzel sucks opinion is based on nothing why does he suck in your opinon?Name one movie he has gave a bad performence in?</body> 
 </post> 
<post id= "MS_30203_16129445"> 
<user id ="MS_20278797"> 
	 <username>Rob Dobbs</username> 
	 <sex>M</sex> 
	 <age>31</age> 
	 <city>LA, So Cal</city> 
	 <province>California</province> 
	 <country>US</country> 
	 </user> 
<date>1164876660</date> 
 <body>no problem, I'll give you two Carbon Copy and Virtuosity.    I am not even going to get into his newer stuff because he is just an angry black man. Like I said, as much range as Bruce Willis, no matter what he does, its Bruce Willis. No matter what Denzel does, its just Denzel. Not hating on the guy, just call it as I see it.    As a person, he is a good fella. A buddy of mine has worked with him a few times, most recently on Deja Vu. Denzel can play a practical joke and take one as well. Not easily said for the likes of Tom Cruise.</body> 
 </post> 
<post id= "MS_30203_16130626"> 
<user id ="MS_119405121"> 
	 <username>{D-DuB} Im BaCk an GaYer ThAn EVER!!!!!</username> 
	 <sex>F</sex> 
	 <age>20</age> 
	 <city>L~Town</city> 
	 <province>Florida</province> 
	 <country>US</country> 
	 </user> 
<date>1164878400</date> 
 <body>    Okay Carbon copy was his first movie alot of great actor's dont give good performance's in thier first movie and Virtuosity was a bad movie all together so your is still invalid.So are you saying the guy has no talent or you just you don't like his style?</body> 
 </post> 
<post id= "MS_30203_16132056"> 
<user id ="MS_20278797"> 
	 <username>Rob Dobbs</username> 
	 <sex>M</sex> 
	 <age>31</age> 
	 <city>LA, So Cal</city> 
	 <province>California</province> 
	 <country>US</country> 
	 </user> 
<date>1164880440</date> 
 <body>It takes talent to remember lines but for acting gigs Denzel desperatly needs to expand his horizons away from the angry black man with a smirk. A great actor can bring a character to life where nobody else could. In other words, you can not imagine anyone else in the role such as Harrison Ford as Indiana Jones.      as far as my two picks of bad films being invalid, nope, you asked for one I gave you two, lol.</body> 
 </post> 
<post id= "MS_30203_16153903"> 
<user id ="MS_5128820"> 
	 <username>Rob Kong</username> 
	 <sex>M</sex> 
	 <age>32</age> 
	 <city>SW Houston</city> 
	 <province>Texas</province> 
	 <country>US</country> 
	 </user> 
<date>1164912840</date> 
 <body>What about a white Shaft (that sounds dirty)  white Blade  white Foxy Brown  white Fat Albert  on and on and on....    Oh and what Hally Berry played wasn't Cat Woman. The just stole the name for marketing purposes.</body> 
 </post> 
<post id= "MS_30203_16154640"> 
<user id ="MS_20278797"> 
	 <username>Rob Dobbs</username> 
	 <sex>M</sex> 
	 <age>31</age> 
	 <city>LA, So Cal</city> 
	 <province>California</province> 
	 <country>US</country> 
	 </user> 
<date>1164913920</date> 
 <body>ooohh,  your onto something there!  How about a Puerto Rican James Bond and the Bond girl is his sister that all the villains are trying to sleep with hence forth the plot.</body> 
 </post> 
<post id= "MS_30203_16155111"> 
<user id ="MS_58827998"> 
	 <username>Ian</username> 
	 <sex>M</sex> 
	 <age>25</age> 
	 <city>Wahiawa/Waikiki</city> 
	 <province>Hawaii</province> 
	 <country>US</country> 
	 </user> 
<date>1164914580</date> 
 <body>    That's what I was thinking. That doesn't make any damn sense. Plus Bond fans would be pissed. Hell, I'm not even a Bond fan and I'd still be pissed.</body> 
 </post> 
<post id= "MS_30203_16173977"> 
<user id ="MS_80022232"> 
	 <username>Billy Castell</username> 
	 <sex>M</sex> 
	 <age>27</age> 
	 <city>Exmouth, Devon</city> 
	 <province>East</province> 
	 <country>UK</country> 
	 </user> 
<date>1164964320</date> 
 <body>    How about that James Bond is white?    A black James Bond wouldn't work. A spy film with a black guy in it would, but James Bond is white. You might as well make James Bond a transexual with one leg as well. And set it in 13th Century Wales. It's the same as all those idiots wanting a woman to play Doctor Who-it would feel 'wrong'.</body> 
 </post> 
<post id= "MS_30203_16176159"> 
<user id ="MS_119405121"> 
	 <username>{D-DuB} Im BaCk an GaYer ThAn EVER!!!!!</username> 
	 <sex>F</sex> 
	 <age>20</age> 
	 <city>L~Town</city> 
	 <province>Florida</province> 
	 <country>US</country> 
	 </user> 
<date>1164967860</date> 
 <body>        Harrison Ford?Hahaha.Idiana jones had no good acting he ran and jumped and look for shit.I mean you speak about great character's.Have you seen training day i think he gave some life to that movie he made ethan hawke who is a great actor look like It was his first movie.Not to mention malcolm X how can you see that movie and not say denzel is one of the best?</body> 
 </post> 
</posts>