<?xml version="1.0" encoding="UTF-8"?> 
 <posts> 
<post id= "MS_30203_16066173"> 
<user id ="MS_98836823"> 
	 <username>Adam</username> 
	 <sex>M</sex> 
	 <age>33</age> 
	 <city>Dallas County</city> 
	 <province>Texas</province> 
	 <country>US</country> 
	 </user> 
<date>1164750540</date> 
 <body>      Nope :) If they're going to have a black james bond they need to make sure it's the dude that played opposite the other dude in Equilibrium . . man I can't remember anybody's name right now.</body> 
 </post> 
<post id= "MS_30203_16066207"> 
<user id ="MS_98836823"> 
	 <username>Adam</username> 
	 <sex>M</sex> 
	 <age>33</age> 
	 <city>Dallas County</city> 
	 <province>Texas</province> 
	 <country>US</country> 
	 </user> 
<date>1164750600</date> 
 <body>Taye Diggs</body> 
 </post> 
<post id= "MS_30203_16066267"> 
<user id ="MS_98836823"> 
	 <username>Adam</username> 
	 <sex>M</sex> 
	 <age>33</age> 
	 <city>Dallas County</city> 
	 <province>Texas</province> 
	 <country>US</country> 
	 </user> 
<date>1164750720</date> 
 <body>And I've never liked them chaning up characters from history like they did with the Green Lantern. They don't need to make a black James Bond. They just need to come out with a completely fresh and new Spy series with a new black character. Starting with Taye Diggs :)</body> 
 </post> 
<post id= "MS_30203_16066369"> 
<user id ="MS_83815933"> 
	 <username>The Amazing Nick</username> 
	 <sex>M</sex> 
	 <age>23</age> 
	 <city>Baltimore</city> 
	 <province>MARYLAND</province> 
	 <country>US</country> 
	 </user> 
<date>1164750900</date> 
 <body>I'll watch anything with Denzel, he's a great actor</body> 
 </post> 
<post id= "MS_30203_16066495"> 
<user id ="MS_98836823"> 
	 <username>Adam</username> 
	 <sex>M</sex> 
	 <age>33</age> 
	 <city>Dallas County</city> 
	 <province>Texas</province> 
	 <country>US</country> 
	 </user> 
<date>1164751140</date> 
 <body>Denzel is definetely awesome, but do y'all not think he'd bee a bit too old for James Bond?</body> 
 </post> 
<post id= "MS_30203_16066615"> 
<user id ="MS_83815933"> 
	 <username>The Amazing Nick</username> 
	 <sex>M</sex> 
	 <age>23</age> 
	 <city>Baltimore</city> 
	 <province>MARYLAND</province> 
	 <country>US</country> 
	 </user> 
<date>1164751380</date> 
 <body>Eh, he doesnt look to old, i wouldnt mind seeing him try</body> 
 </post> 
<post id= "MS_30203_16098770"> 
<user id ="MS_41396254"> 
	 <username>toxiemite</username> 
	 <sex>M</sex> 
	 <age>29</age> 
	 <city>Melbourne</city> 
	 <province></province> 
	 <country>AU</country> 
	 </user> 
<date>1164811860</date> 
 <body>WHY THE HELL would they have a black 007!?????    Are you forgetting that James Bond is a character from Ian Fleming's famous series of spy novels!? James Bond is famously a WHITE guy! It's rediculous to change the colour of his skin. Its nothing racial, simply respectful to Fleming's character!</body> 
 </post> 
<post id= "MS_30203_16099988"> 
<user id ="MS_20278797"> 
	 <username>Rob Dobbs</username> 
	 <sex>M</sex> 
	 <age>31</age> 
	 <city>LA, So Cal</city> 
	 <province>California</province> 
	 <country>US</country> 
	 </user> 
<date>1164813540</date> 
 <body>so your saying make James Bond an ever angry black man?    Sorry,  Denzel is not that good of an actor. He has about the same range as Bruce Willis. Bond is not an American character so the actor should not be American.    You want a good angry black man movie, have these well known people in it:  Denzel Washington  Samuel Jackson  Laurence Fishburn  Jada Pinkett Smith (as a side kick so she is extra angry)  and you will have a sure fire hit on the strength.</body> 
 </post> 
<post id= "MS_30203_16105098"> 
<user id ="MS_29774511"> 
	 <username>Waylander</username> 
	 <sex>M</sex> 
	 <age>24</age> 
	 <city>London</city> 
	 <province>South</province> 
	 <country>UK</country> 
	 </user> 
<date>1164820320</date> 
 <body>    Plus the actor playing Bond is usually British. So Denzel fails anyway, even if they were to have a black bond it would be a British black actor.</body> 
 </post> 
<post id= "MS_30203_16106353"> 
<user id ="MS_74943305"> 
	 <username>Retrocadia</username> 
	 <sex>M</sex> 
	 <age>33</age> 
	 <city>Arlington</city> 
	 <province>Texas</province> 
	 <country>US</country> 
	 </user> 
<date>1164821760</date> 
 <body>    I say no to the black actor idea also. Not for any reasons people knee jerk about, but because we have a history with James Bond. Don't go messin that up. As the other person said already, create a whole new character and series. Sort of like they did with XxX.</body> 
 </post> 
</posts>