<?xml version="1.0" encoding="UTF-8"?> 
 <posts> 
<post id= "MS_8834_37199016"> 
<user id ="MS_130303483"> 
	 <username>Andy</username> 
	 <sex>M</sex> 
	 <age>35</age> 
	 <city>UK</city> 
	 <province></province> 
	 <country></country> 
	 </user> 
<date>1201427220</date> 
 <body>I am not racist, but I don't want any more people in Britain, whatever colour they are.Â  60 million should now be capped.Â </body> 
 </post> 
<post id= "MS_8834_37202626"> 
<user id ="MS_137780733"> 
	 <username>Nikokvaj</username> 
	 <sex>M</sex> 
	 <age>38</age> 
	 <city>Hovedstaden</city> 
	 <province></province> 
	 <country>DK</country> 
	 </user> 
<date>1201431840</date> 
 <body>  How did us danes revolt any culture?  All we have is viking hats and bacon o.O</body> 
 </post> 
<post id= "MS_8834_37206407"> 
<user id ="MS_41813372"> 
	 <username>winston smith</username> 
	 <sex>F</sex> 
	 <age>108</age> 
	 <city>e-London</city> 
	 <province></province> 
	 <country>UK</country> 
	 </user> 
<date>1201436340</date> 
 <body>            cor blimey!  livingstones on the fiddle  boris isnt as dumbas he makes out but hes old school tory i dont trust him</body> 
 </post> 
<post id= "MS_8834_37211270"> 
<user id ="MS_137780733"> 
	 <username>Nikokvaj</username> 
	 <sex>M</sex> 
	 <age>38</age> 
	 <city>Hovedstaden</city> 
	 <province></province> 
	 <country>DK</country> 
	 </user> 
<date>1201441980</date> 
 <body>  is it called danish barbecue or feuer und wasser?</body> 
 </post> 
<post id= "MS_8834_37229329"> 
<user id ="MS_137780733"> 
	 <username>Nikokvaj</username> 
	 <sex>M</sex> 
	 <age>38</age> 
	 <city>Hovedstaden</city> 
	 <province></province> 
	 <country>DK</country> 
	 </user> 
<date>1201463820</date> 
 <body>I did watch it, all they did was burn the Koran, no biggie</body> 
 </post> 
<post id= "MS_8834_37244266"> 
<user id ="MS_137780733"> 
	 <username>Nikokvaj</username> 
	 <sex>M</sex> 
	 <age>38</age> 
	 <city>Hovedstaden</city> 
	 <province></province> 
	 <country>DK</country> 
	 </user> 
<date>1201499280</date> 
 <body>  That's probably why it didn't move me, I'm used to that stuff, it's all over the political debates</body> 
 </post> 
<post id= "MS_8834_37244304"> 
<user id ="MS_41813372"> 
	 <username>winston smith</username> 
	 <sex>F</sex> 
	 <age>108</age> 
	 <city>e-London</city> 
	 <province></province> 
	 <country>UK</country> 
	 </user> 
<date>1201499400</date> 
 <body>i dont have any questions about livingstone,  i know enough about him to not vote for him  those videos are pretty useless  i would be more interested if you could provide me with any links to boris johnson             im really puzzled as to why you support him so blindly? i would be more interested in knowing your reasons</body> 
 </post> 
<post id= "MS_8834_37244823"> 
<user id ="MS_137780733"> 
	 <username>Nikokvaj</username> 
	 <sex>M</sex> 
	 <age>38</age> 
	 <city>Hovedstaden</city> 
	 <province></province> 
	 <country>DK</country> 
	 </user> 
<date>1201500600</date> 
 <body>Are you writing yourself?</body> 
 </post> 
<post id= "MS_8834_37244828"> 
<user id ="MS_294564738"> 
	 <username>Fascist</username> 
	 <sex>M</sex> 
	 <age>28</age> 
	 <city>CA</city> 
	 <province></province> 
	 <country></country> 
	 </user> 
<date>1201500600</date> 
 <body>  Â  No one gives a shit about London. That city is the bloody UN. So many different peoples it is a shithole.</body> 
 </post> 
<post id= "MS_8834_37245207"> 
<user id ="MS_294564738"> 
	 <username>Fascist</username> 
	 <sex>M</sex> 
	 <age>28</age> 
	 <city>CA</city> 
	 <province></province> 
	 <country></country> 
	 </user> 
<date>1201501500</date> 
 <body>  Â  Yet, you did just replied. Dumbass, aren't you? I may be a little harsh, but I am no troll.</body> 
 </post> 
</posts>