<?xml version="1.0" encoding="UTF-8"?> 
 <posts> 
<post id= "MS_10805_37204824"> 
<user id ="MS_96294352"> 
	 <username>Pirateï¯ Blackjack</username> 
	 <sex>M</sex> 
	 <age>21</age> 
	 <city>The Origin of Fiji water</city> 
	 <province></province> 
	 <country>FJ</country> 
	 </user> 
<date>1201434360</date> 
 <body>Hillary got creamed by Obama.  That made me smile.</body> 
 </post> 
<post id= "MS_10805_37204835"> 
<user id ="MS_96294352"> 
	 <username>Pirateï¯ Blackjack</username> 
	 <sex>M</sex> 
	 <age>21</age> 
	 <city>The Origin of Fiji water</city> 
	 <province></province> 
	 <country>FJ</country> 
	 </user> 
<date>1201434360</date> 
 <body>  Agreed.</body> 
 </post> 
<post id= "MS_10805_37222592"> 
<user id ="MS_35280508"> 
	 <username>LuCidiTy</username> 
	 <sex>F</sex> 
	 <age>46</age> 
	 <city>Alpha Centauri</city> 
	 <province></province> 
	 <country>UM</country> 
	 </user> 
<date>1201455720</date> 
 <body>Another great speech. Boy I'd love to see a split ticket...Paul-Obama.         </body> 
 </post> 
<post id= "MS_10805_37222668"> 
<user id ="MS_3784914"> 
	 <username>Luke (NLD-MN)</username> 
	 <sex>M</sex> 
	 <age>19</age> 
	 <city>Genocide is our Business</city> 
	 <province>Minnesota</province> 
	 <country>US</country> 
	 </user> 
<date>1201455840</date> 
 <body>  .......................</body> 
 </post> 
<post id= "MS_10805_37223586"> 
<user id ="MS_291594175"> 
	 <username>Marty Muloski</username> 
	 <sex>M</sex> 
	 <age>20</age> 
	 <city>Palos Heights/Chicago</city> 
	 <province>Illinois</province> 
	 <country>US</country> 
	 </user> 
<date>1201456920</date> 
 <body>And Bill Clinton. Which is why Ted Kennedy is endorsing Barack and not Hillary.</body> 
 </post> 
<post id= "MS_10805_37223845"> 
<user id ="MS_291594175"> 
	 <username>Marty Muloski</username> 
	 <sex>M</sex> 
	 <age>20</age> 
	 <city>Palos Heights/Chicago</city> 
	 <province>Illinois</province> 
	 <country>US</country> 
	 </user> 
<date>1201457220</date> 
 <body>If he's assassinated I'm disowning America.</body> 
 </post> 
<post id= "MS_10805_37224191"> 
<user id ="MS_291594175"> 
	 <username>Marty Muloski</username> 
	 <sex>M</sex> 
	 <age>20</age> 
	 <city>Palos Heights/Chicago</city> 
	 <province>Illinois</province> 
	 <country>US</country> 
	 </user> 
<date>1201457640</date> 
 <body>It also fits Plato's Allegory of the Cave.</body> 
 </post> 
<post id= "MS_10805_37224328"> 
<user id ="MS_291594175"> 
	 <username>Marty Muloski</username> 
	 <sex>M</sex> 
	 <age>20</age> 
	 <city>Palos Heights/Chicago</city> 
	 <province>Illinois</province> 
	 <country>US</country> 
	 </user> 
<date>1201457820</date> 
 <body>I don't know about the attmpt being successful security is insane now. I met a retired secret service agent he spent 40 minutesÂ explaining the security measures that he Could tell me about.</body> 
 </post> 
<post id= "MS_10805_37224370"> 
<user id ="MS_291594175"> 
	 <username>Marty Muloski</username> 
	 <sex>M</sex> 
	 <age>20</age> 
	 <city>Palos Heights/Chicago</city> 
	 <province>Illinois</province> 
	 <country>US</country> 
	 </user> 
<date>1201457820</date> 
 <body>He actually jumped on reagan when that guy tried to kill him.</body> 
 </post> 
</posts>