<?xml version="1.0" encoding="UTF-8"?> 
 <posts> 
<post id= "MS_12270_38926039"> 
<user id ="MS_12051898"> 
	 <username>Nory</username> 
	 <sex>M</sex> 
	 <age>19</age> 
	 <city>U really wanna know?</city> 
	 <province>MARYLAND</province> 
	 <country>US</country> 
	 </user> 
<date>1204128240</date> 
 <body>  Did i say anyone was prejudiced? Did that word come out of my mouth? Hell the teachers were probably black too....  Anyway...the school is named Martin Luther King Elementary, its common knowledge that schools in black neighborhoods are almost universally named after black leaders.</body> 
 </post> 
<post id= "MS_12270_38927053"> 
<user id ="MS_525583"> 
	 <username>Icy</username> 
	 <sex>F</sex> 
	 <age>35</age> 
	 <city>Bicoastal/SJ --->Midtown</city> 
	 <province>New York</province> 
	 <country>US</country> 
	 </user> 
<date>1204129440</date> 
 <body>  You're right -- the students would benefit from learning about right from wrong. False accusations are wrong.Â  Accusations based on circumstance with no proof are wrong.Â  Taking the authority of law into your own hands is wrong.Â  You think they got those lessons?  Most schools have a policy regard handling of cash.Â  I'd guess it was a violation of the policy to keep the money (no matter how small the amount) in an unsecured location at the school.  It could have been another teacher, a janitor or any other adult to take the money -- it could have even been mistakenly mixed up with other papers or thrown out (have you ever seen a teacher's desk in the middle of the day?)  In the public climate that exists regarding 'touching' students these days Im amazed that any educator would even go there.</body> 
 </post> 
<post id= "MS_12270_38927769"> 
<user id ="MS_13948944"> 
	 <username>Nadya the Mexifail</username> 
	 <sex>F</sex> 
	 <age>21</age> 
	 <city>HACKston, Heading for the Hills?!</city> 
	 <province>Texas</province> 
	 <country>US</country> 
	 </user> 
<date>1204130280</date> 
 <body>Did Pedobear partake in the seach?</body> 
 </post> 
<post id= "MS_12270_38927884"> 
<user id ="MS_232205627"> 
	 <username>The Package Soldier</username> 
	 <sex>M</sex> 
	 <age>18</age> 
	 <city>VA BCH</city> 
	 <province>Virginia</province> 
	 <country>US</country> 
	 </user> 
<date>1204130460</date> 
 <body> </body> 
 </post> 
<post id= "MS_12270_38928114"> 
<user id ="MS_13948944"> 
	 <username>Nadya the Mexifail</username> 
	 <sex>F</sex> 
	 <age>21</age> 
	 <city>HACKston, Heading for the Hills?!</city> 
	 <province>Texas</province> 
	 <country>US</country> 
	 </user> 
<date>1204130760</date> 
 <body>  That guy must really hate his ex wife.</body> 
 </post> 
<post id= "MS_12270_38928120"> 
<user id ="MS_5269567"> 
	 <username>It Don't Mean Much, These Seats are Cheap.</username> 
	 <sex>M</sex> 
	 <age>23</age> 
	 <city>Thornton</city> 
	 <province>Colorado</province> 
	 <country>US</country> 
	 </user> 
<date>1204130760</date> 
 <body>Teacher must have been really hard up for her latte.</body> 
 </post> 
<post id= "MS_12270_38928206"> 
<user id ="MS_13948944"> 
	 <username>Nadya the Mexifail</username> 
	 <sex>F</sex> 
	 <age>21</age> 
	 <city>HACKston, Heading for the Hills?!</city> 
	 <province>Texas</province> 
	 <country>US</country> 
	 </user> 
<date>1204130880</date> 
 <body>Probably if you stole 5 bucks worth of candy from Wal-Mart they would just make you pay out of pocket and not strip you down.</body> 
 </post> 
<post id= "MS_12270_38938942"> 
<user id ="MS_151213730"> 
	 <username>Mamma4</username> 
	 <sex>F</sex> 
	 <age>36</age> 
	 <city>Richland</city> 
	 <province>Washington</province> 
	 <country>US</country> 
	 </user> 
<date>1204146000</date> 
 <body>  Wow.Â  Really you would just say, go ahead and violate my rights?Â  So if a cop pulls you over and ask you to let him search you car, will you let him?Â  Or a cop comes to your home and asks to search your home will you let him?Â  I mean he has no reason to and no warrant.Â  You would still let him because he is doing his job?  I would wait for the warrant.Â  Especially when I know I am innocent.Â  I am just in shock by your statement.Â  I cannot believe you do not value your rights.  Maybe you were joking.Â  Were you?</body> 
 </post> 
<post id= "MS_12270_38953872"> 
<user id ="MS_247167077"> 
	 <username>Groucho's Redbone Comrade (in Europe,brb)</username> 
	 <sex>F</sex> 
	 <age>24</age> 
	 <city>Lisbon</city> 
	 <province>Lisboa</province> 
	 <country>PT</country> 
	 </user> 
<date>1204182900</date> 
 <body>^ Nope.</body> 
 </post> 
<post id= "MS_12270_38954055"> 
<user id ="MS_45565737"> 
	 <username>Day Man: Fighter of the night man.</username> 
	 <sex>M</sex> 
	 <age>26</age> 
	 <city>Goodbye Beaumont (thanks for the whiskey)</city> 
	 <province>Texas</province> 
	 <country>US</country> 
	 </user> 
<date>1204183200</date> 
 <body>  I think it was Mitch Hedburg who said "I like the UPS guy, cause he's a drug dealer and he doesn't even know it."</body> 
 </post> 
</posts>