<?xml version="1.0" encoding="UTF-8"?> 
 <posts> 
<post id= "MS_12270_38916055"> 
<user id ="MS_149494401"> 
	 <username>Bane Of Humanity</username> 
	 <sex>M</sex> 
	 <age>28</age> 
	 <city>Shhh Im behind you</city> 
	 <province>Washington</province> 
	 <country>US</country> 
	 </user> 
<date>1204116420</date> 
 <body>The youth must be shown how a police state works. That way they wont fight against it once its in full force.</body> 
 </post> 
<post id= "MS_12270_38916366"> 
<user id ="MS_247167077"> 
	 <username>Groucho's Redbone Comrade (in Europe,brb)</username> 
	 <sex>F</sex> 
	 <age>24</age> 
	 <city>Lisbon</city> 
	 <province>Lisboa</province> 
	 <country>PT</country> 
	 </user> 
<date>1204116840</date> 
 <body>^ That's it. You're getting searched for 5 bucks.</body> 
 </post> 
<post id= "MS_12270_38916449"> 
<user id ="MS_56806352"> 
	 <username>Matt -- Changes Names For Fun</username> 
	 <sex>M</sex> 
	 <age>24</age> 
	 <city>Shangrila</city> 
	 <province>Virginia</province> 
	 <country>US</country> 
	 </user> 
<date>1204116900</date> 
 <body>  ... Do you need a cookie?</body> 
 </post> 
<post id= "MS_12270_38916578"> 
<user id ="MS_119486247"> 
	 <username>Camacho Products Inc.</username> 
	 <sex>M</sex> 
	 <age>27</age> 
	 <city>Detroit</city> 
	 <province>MICHIGAN</province> 
	 <country>US</country> 
	 </user> 
<date>1204117080</date> 
 <body>It wouldn't surprise me if the polce enjoyed feeling up all them children. It was probably their wet dream come true.</body> 
 </post> 
<post id= "MS_12270_38916804"> 
<user id ="MS_247167077"> 
	 <username>Groucho's Redbone Comrade (in Europe,brb)</username> 
	 <sex>F</sex> 
	 <age>24</age> 
	 <city>Lisbon</city> 
	 <province>Lisboa</province> 
	 <country>PT</country> 
	 </user> 
<date>1204117320</date> 
 <body>Anyone else find it funny that this happened at a school named after Martin Luther King?</body> 
 </post> 
<post id= "MS_12270_38916839"> 
<user id ="MS_247167077"> 
	 <username>Groucho's Redbone Comrade (in Europe,brb)</username> 
	 <sex>F</sex> 
	 <age>24</age> 
	 <city>Lisbon</city> 
	 <province>Lisboa</province> 
	 <country>PT</country> 
	 </user> 
<date>1204117380</date> 
 <body>Lolz Cash only, pls.</body> 
 </post> 
<post id= "MS_12270_38916883"> 
<user id ="MS_56806352"> 
	 <username>Matt -- Changes Names For Fun</username> 
	 <sex>M</sex> 
	 <age>24</age> 
	 <city>Shangrila</city> 
	 <province>Virginia</province> 
	 <country>US</country> 
	 </user> 
<date>1204117440</date> 
 <body>   I send cash through the US Postal System to secretly defy mailmen everywhere.</body> 
 </post> 
<post id= "MS_12270_38917066"> 
<user id ="MS_247167077"> 
	 <username>Groucho's Redbone Comrade (in Europe,brb)</username> 
	 <sex>F</sex> 
	 <age>24</age> 
	 <city>Lisbon</city> 
	 <province>Lisboa</province> 
	 <country>PT</country> 
	 </user> 
<date>1204117620</date> 
 <body>The trick, see, is to wrap it up several times in white lined paper. And not include coins.</body> 
 </post> 
<post id= "MS_12270_38919419"> 
<user id ="MS_77099419"> 
	 <username>Delirium</username> 
	 <sex>F</sex> 
	 <age>21</age> 
	 <city>A State of Confusion</city> 
	 <province>NEW YORK</province> 
	 <country>US</country> 
	 </user> 
<date>1204120380</date> 
 <body>   I think somebody needs a hug.</body> 
 </post> 
<post id= "MS_12270_38920181"> 
<user id ="MS_55025458"> 
	 <username>Hans Vyss, RE</username> 
	 <sex>M</sex> 
	 <age>23</age> 
	 <city>Doomville</city> 
	 <province>Ohio</province> 
	 <country>US</country> 
	 </user> 
<date>1204121220</date> 
 <body>  And a lesson in coding.</body> 
 </post> 
</posts>