<?xml version="1.0" encoding="UTF-8"?> 
 <posts> 
<post id= "MS_12270_38927884"> 
<user id ="MS_232205627"> 
	 <username>The Package Soldier</username> 
	 <sex>M</sex> 
	 <age>18</age> 
	 <city>VA BCH</city> 
	 <province>Virginia</province> 
	 <country>US</country> 
	 </user> 
<date>1204130460</date> 
 <body> </body> 
 </post> 
<post id= "MS_12270_38928114"> 
<user id ="MS_13948944"> 
	 <username>Nadya the Mexifail</username> 
	 <sex>F</sex> 
	 <age>21</age> 
	 <city>HACKston, Heading for the Hills?!</city> 
	 <province>Texas</province> 
	 <country>US</country> 
	 </user> 
<date>1204130760</date> 
 <body>  That guy must really hate his ex wife.</body> 
 </post> 
<post id= "MS_12270_38928120"> 
<user id ="MS_5269567"> 
	 <username>It Don't Mean Much, These Seats are Cheap.</username> 
	 <sex>M</sex> 
	 <age>23</age> 
	 <city>Thornton</city> 
	 <province>Colorado</province> 
	 <country>US</country> 
	 </user> 
<date>1204130760</date> 
 <body>Teacher must have been really hard up for her latte.</body> 
 </post> 
<post id= "MS_12270_38928206"> 
<user id ="MS_13948944"> 
	 <username>Nadya the Mexifail</username> 
	 <sex>F</sex> 
	 <age>21</age> 
	 <city>HACKston, Heading for the Hills?!</city> 
	 <province>Texas</province> 
	 <country>US</country> 
	 </user> 
<date>1204130880</date> 
 <body>Probably if you stole 5 bucks worth of candy from Wal-Mart they would just make you pay out of pocket and not strip you down.</body> 
 </post> 
<post id= "MS_12270_38938942"> 
<user id ="MS_151213730"> 
	 <username>Mamma4</username> 
	 <sex>F</sex> 
	 <age>36</age> 
	 <city>Richland</city> 
	 <province>Washington</province> 
	 <country>US</country> 
	 </user> 
<date>1204146000</date> 
 <body>  Wow.Â  Really you would just say, go ahead and violate my rights?Â  So if a cop pulls you over and ask you to let him search you car, will you let him?Â  Or a cop comes to your home and asks to search your home will you let him?Â  I mean he has no reason to and no warrant.Â  You would still let him because he is doing his job?  I would wait for the warrant.Â  Especially when I know I am innocent.Â  I am just in shock by your statement.Â  I cannot believe you do not value your rights.  Maybe you were joking.Â  Were you?</body> 
 </post> 
<post id= "MS_12270_38953872"> 
<user id ="MS_247167077"> 
	 <username>Groucho's Redbone Comrade (in Europe,brb)</username> 
	 <sex>F</sex> 
	 <age>24</age> 
	 <city>Lisbon</city> 
	 <province>Lisboa</province> 
	 <country>PT</country> 
	 </user> 
<date>1204182900</date> 
 <body>^ Nope.</body> 
 </post> 
<post id= "MS_12270_38954055"> 
<user id ="MS_45565737"> 
	 <username>Day Man: Fighter of the night man.</username> 
	 <sex>M</sex> 
	 <age>26</age> 
	 <city>Goodbye Beaumont (thanks for the whiskey)</city> 
	 <province>Texas</province> 
	 <country>US</country> 
	 </user> 
<date>1204183200</date> 
 <body>  I think it was Mitch Hedburg who said "I like the UPS guy, cause he's a drug dealer and he doesn't even know it."</body> 
 </post> 
<post id= "MS_12270_38954361"> 
<user id ="MS_45565737"> 
	 <username>Day Man: Fighter of the night man.</username> 
	 <sex>M</sex> 
	 <age>26</age> 
	 <city>Goodbye Beaumont (thanks for the whiskey)</city> 
	 <province>Texas</province> 
	 <country>US</country> 
	 </user> 
<date>1204183620</date> 
 <body>If I were the teacher, I would tell them I just created a MASSIVE project for them out of thin air. Anyone who tells me who took the money gets an automatic 100 and doesn't have to do it.</body> 
 </post> 
<post id= "MS_12270_38954374"> 
<user id ="MS_11219867"> 
	 <username>President Puss</username> 
	 <sex>M</sex> 
	 <age>30</age> 
	 <city>Boonton Township</city> 
	 <province>New Jersey</province> 
	 <country>US</country> 
	 </user> 
<date>1204183680</date> 
 <body>Dood... WTF??!?! Â  This is another reason why, when I have kids, they will go to private schools.</body> 
 </post> 
<post id= "MS_12270_38954796"> 
<user id ="MS_11219867"> 
	 <username>President Puss</username> 
	 <sex>M</sex> 
	 <age>30</age> 
	 <city>Boonton Township</city> 
	 <province>New Jersey</province> 
	 <country>US</country> 
	 </user> 
<date>1204184340</date> 
 <body>If my child deserves a black eye, a black eye my child should recieve.</body> 
 </post> 
</posts>