<?xml version="1.0" encoding="UTF-8"?> 
 <posts> 
<post id= "MS_12270_38920722"> 
<user id ="MS_57775192"> 
	 <username>Phillip</username> 
	 <sex>M</sex> 
	 <age>22</age> 
	 <city>HARRISON</city> 
	 <province>TENNESSEE</province> 
	 <country>US</country> 
	 </user> 
<date>1204121880</date> 
 <body>5 bucks is serious bizness.</body> 
 </post> 
<post id= "MS_12270_38921047"> 
<user id ="MS_153486816"> 
	 <username>"IF IT AINT PIT, IT AINT SH*T"</username> 
	 <sex>M</sex> 
	 <age>70</age> 
	 <city>California</city> 
	 <province></province> 
	 <country>US</country> 
	 </user> 
<date>1204122360</date> 
 <body>on "why stealing is bad"</body> 
 </post> 
<post id= "MS_12270_38924296"> 
<user id ="MS_12051898"> 
	 <username>Nory</username> 
	 <sex>M</sex> 
	 <age>19</age> 
	 <city>U really wanna know?</city> 
	 <province>MARYLAND</province> 
	 <country>US</country> 
	 </user> 
<date>1204126200</date> 
 <body>  these were obviously black students.</body> 
 </post> 
<post id= "MS_12270_38924857"> 
<user id ="MS_287730911"> 
	 <username>john</username> 
	 <sex>M</sex> 
	 <age>40</age> 
	 <city>BRUNSWICK</city> 
	 <province>Georgia</province> 
	 <country>US</country> 
	 </user> 
<date>1204126860</date> 
 <body>obviously</body> 
 </post> 
<post id= "MS_12270_38926039"> 
<user id ="MS_12051898"> 
	 <username>Nory</username> 
	 <sex>M</sex> 
	 <age>19</age> 
	 <city>U really wanna know?</city> 
	 <province>MARYLAND</province> 
	 <country>US</country> 
	 </user> 
<date>1204128240</date> 
 <body>  Did i say anyone was prejudiced? Did that word come out of my mouth? Hell the teachers were probably black too....  Anyway...the school is named Martin Luther King Elementary, its common knowledge that schools in black neighborhoods are almost universally named after black leaders.</body> 
 </post> 
<post id= "MS_12270_38927053"> 
<user id ="MS_525583"> 
	 <username>Icy</username> 
	 <sex>F</sex> 
	 <age>35</age> 
	 <city>Bicoastal/SJ --->Midtown</city> 
	 <province>New York</province> 
	 <country>US</country> 
	 </user> 
<date>1204129440</date> 
 <body>  You're right -- the students would benefit from learning about right from wrong. False accusations are wrong.Â  Accusations based on circumstance with no proof are wrong.Â  Taking the authority of law into your own hands is wrong.Â  You think they got those lessons?  Most schools have a policy regard handling of cash.Â  I'd guess it was a violation of the policy to keep the money (no matter how small the amount) in an unsecured location at the school.  It could have been another teacher, a janitor or any other adult to take the money -- it could have even been mistakenly mixed up with other papers or thrown out (have you ever seen a teacher's desk in the middle of the day?)  In the public climate that exists regarding 'touching' students these days Im amazed that any educator would even go there.</body> 
 </post> 
<post id= "MS_12270_38927769"> 
<user id ="MS_13948944"> 
	 <username>Nadya the Mexifail</username> 
	 <sex>F</sex> 
	 <age>21</age> 
	 <city>HACKston, Heading for the Hills?!</city> 
	 <province>Texas</province> 
	 <country>US</country> 
	 </user> 
<date>1204130280</date> 
 <body>Did Pedobear partake in the seach?</body> 
 </post> 
<post id= "MS_12270_38927884"> 
<user id ="MS_232205627"> 
	 <username>The Package Soldier</username> 
	 <sex>M</sex> 
	 <age>18</age> 
	 <city>VA BCH</city> 
	 <province>Virginia</province> 
	 <country>US</country> 
	 </user> 
<date>1204130460</date> 
 <body> </body> 
 </post> 
<post id= "MS_12270_38928114"> 
<user id ="MS_13948944"> 
	 <username>Nadya the Mexifail</username> 
	 <sex>F</sex> 
	 <age>21</age> 
	 <city>HACKston, Heading for the Hills?!</city> 
	 <province>Texas</province> 
	 <country>US</country> 
	 </user> 
<date>1204130760</date> 
 <body>  That guy must really hate his ex wife.</body> 
 </post> 
<post id= "MS_12270_38928120"> 
<user id ="MS_5269567"> 
	 <username>It Don't Mean Much, These Seats are Cheap.</username> 
	 <sex>M</sex> 
	 <age>23</age> 
	 <city>Thornton</city> 
	 <province>Colorado</province> 
	 <country>US</country> 
	 </user> 
<date>1204130760</date> 
 <body>Teacher must have been really hard up for her latte.</body> 
 </post> 
</posts>