<?xml version="1.0" encoding="UTF-8"?> 
 <posts> 
<post id= "MS_12270_38915892"> 
<user id ="MS_247167077"> 
	 <username>Groucho's Redbone Comrade (in Europe,brb)</username> 
	 <sex>F</sex> 
	 <age>24</age> 
	 <city>Lisbon</city> 
	 <province>Lisboa</province> 
	 <country>PT</country> 
	 </user> 
<date>1204116180</date> 
 <body>*rolls eyes*   Don't you have clits to save?</body> 
 </post> 
<post id= "MS_12270_38915908"> 
<user id ="MS_56806352"> 
	 <username>Matt -- Changes Names For Fun</username> 
	 <sex>M</sex> 
	 <age>24</age> 
	 <city>Shangrila</city> 
	 <province>Virginia</province> 
	 <country>US</country> 
	 </user> 
<date>1204116240</date> 
 <body>Hard core.  My teachers would've just made us spend recess with our heads on our desk.</body> 
 </post> 
<post id= "MS_12270_38915960"> 
<user id ="MS_247167077"> 
	 <username>Groucho's Redbone Comrade (in Europe,brb)</username> 
	 <sex>F</sex> 
	 <age>24</age> 
	 <city>Lisbon</city> 
	 <province>Lisboa</province> 
	 <country>PT</country> 
	 </user> 
<date>1204116300</date> 
 <body>LOLz...mine would have made us write essays then go do extra math :/</body> 
 </post> 
<post id= "MS_12270_38916055"> 
<user id ="MS_149494401"> 
	 <username>Bane Of Humanity</username> 
	 <sex>M</sex> 
	 <age>28</age> 
	 <city>Shhh Im behind you</city> 
	 <province>Washington</province> 
	 <country>US</country> 
	 </user> 
<date>1204116420</date> 
 <body>The youth must be shown how a police state works. That way they wont fight against it once its in full force.</body> 
 </post> 
<post id= "MS_12270_38916366"> 
<user id ="MS_247167077"> 
	 <username>Groucho's Redbone Comrade (in Europe,brb)</username> 
	 <sex>F</sex> 
	 <age>24</age> 
	 <city>Lisbon</city> 
	 <province>Lisboa</province> 
	 <country>PT</country> 
	 </user> 
<date>1204116840</date> 
 <body>^ That's it. You're getting searched for 5 bucks.</body> 
 </post> 
<post id= "MS_12270_38916449"> 
<user id ="MS_56806352"> 
	 <username>Matt -- Changes Names For Fun</username> 
	 <sex>M</sex> 
	 <age>24</age> 
	 <city>Shangrila</city> 
	 <province>Virginia</province> 
	 <country>US</country> 
	 </user> 
<date>1204116900</date> 
 <body>  ... Do you need a cookie?</body> 
 </post> 
<post id= "MS_12270_38916578"> 
<user id ="MS_119486247"> 
	 <username>Camacho Products Inc.</username> 
	 <sex>M</sex> 
	 <age>27</age> 
	 <city>Detroit</city> 
	 <province>MICHIGAN</province> 
	 <country>US</country> 
	 </user> 
<date>1204117080</date> 
 <body>It wouldn't surprise me if the polce enjoyed feeling up all them children. It was probably their wet dream come true.</body> 
 </post> 
<post id= "MS_12270_38916804"> 
<user id ="MS_247167077"> 
	 <username>Groucho's Redbone Comrade (in Europe,brb)</username> 
	 <sex>F</sex> 
	 <age>24</age> 
	 <city>Lisbon</city> 
	 <province>Lisboa</province> 
	 <country>PT</country> 
	 </user> 
<date>1204117320</date> 
 <body>Anyone else find it funny that this happened at a school named after Martin Luther King?</body> 
 </post> 
<post id= "MS_12270_38916839"> 
<user id ="MS_247167077"> 
	 <username>Groucho's Redbone Comrade (in Europe,brb)</username> 
	 <sex>F</sex> 
	 <age>24</age> 
	 <city>Lisbon</city> 
	 <province>Lisboa</province> 
	 <country>PT</country> 
	 </user> 
<date>1204117380</date> 
 <body>Lolz Cash only, pls.</body> 
 </post> 
<post id= "MS_12270_38916883"> 
<user id ="MS_56806352"> 
	 <username>Matt -- Changes Names For Fun</username> 
	 <sex>M</sex> 
	 <age>24</age> 
	 <city>Shangrila</city> 
	 <province>Virginia</province> 
	 <country>US</country> 
	 </user> 
<date>1204117440</date> 
 <body>   I send cash through the US Postal System to secretly defy mailmen everywhere.</body> 
 </post> 
</posts>