<?xml version="1.0" encoding="UTF-8"?> 
 <posts> 
<post id= "MS_27735_39121392"> 
<user id ="MS_318867156"> 
	 <username>~Michelle~</username> 
	 <sex>F</sex> 
	 <age>39</age> 
	 <city>Ohio</city> 
	 <province></province> 
	 <country>US</country> 
	 </user> 
<date>1204475160</date> 
 <body>HOT! LOVE HIS MOVIES. CAN'T WAIT TILL 3/9 "THE BANK JOB"</body> 
 </post> 
<post id= "MS_27735_39728442"> 
<user id ="MS_318867156"> 
	 <username>~Michelle~</username> 
	 <sex>F</sex> 
	 <age>39</age> 
	 <city>Ohio</city> 
	 <province></province> 
	 <country>US</country> 
	 </user> 
<date>1205438820</date> 
 <body>CHAOSÂ Â  A STANDOFF WHERE NOBODY STANDS DOWNÂ Â  After a deadly bank heist, Detectives Quentin Conners (Jason Statham) and Shane Dekker (Ryan Phillippe) are drawn into a mysterious case where nothing is what it seems. Pulling the strings is a criminal mastermind (Wesley Snipes) who seems to kill without warning or reason. Abound with random acts of violence and deception, the only hope for survival is finding an order to the chaos. run time 106 minutesÂ  Rated RÂ Â Â Â Â Â Â Â Â Â Â Â Â Â Â Â Â Â Â Â Â Â Â Â Â Â Â Â Â Â Â Â Â Â Â Â Â Â Â Â Â Â Â Â Â Â Â Â Â Â Â Â Â Â Â Â Â Â Â Â Â Â Â Â Â Â Â Â Â Â Â Â Â Â Â Â Â Â Â Â  F.Y.I. copied from coverÂ Â Â Â Â Â Â Â Â Â Â Â Â Â Â Â Â Â Â Â Â Â Â Â Â Â Â Â Â Â Â Â Â Â Â Â Â Â Â Â Â Â Â Â Â Â Â Â Â Â Â Â Â Â Â Â Â Â Â Â Â Â Â Â Â Â Â Â Â Â Â Â Â Â Â Â Â Â Â Â Â Â Â Â Â Â  My thoughts on this movie....... I'll get back with you</body> 
 </post> 
<post id= "MS_27735_39838075"> 
<user id ="MS_318867156"> 
	 <username>~Michelle~</username> 
	 <sex>F</sex> 
	 <age>39</age> 
	 <city>Ohio</city> 
	 <province></province> 
	 <country>US</country> 
	 </user> 
<date>1205615820</date> 
 <body>not his mother just a fan</body> 
 </post> 
<post id= "MS_27735_39839157"> 
<user id ="MS_318867156"> 
	 <username>~Michelle~</username> 
	 <sex>F</sex> 
	 <age>39</age> 
	 <city>Ohio</city> 
	 <province></province> 
	 <country>US</country> 
	 </user> 
<date>1205617260</date> 
 <body>my friend called to ask if I had seen "Chaos", well yes.. she frecked when she watched this movie.Â  another on the 'Jason Statham' movies</body> 
 </post> 
<post id= "MS_27735_39841430"> 
<user id ="MS_241258694"> 
	 <username>Kyle</username> 
	 <sex>M</sex> 
	 <age>20</age> 
	 <city>Aboard The Nostromo</city> 
	 <province>Ohio</province> 
	 <country>US</country> 
	 </user> 
<date>1205620980</date> 
 <body>Obsessed fan. =..</body> 
 </post> 
<post id= "MS_27735_40018044"> 
<user id ="MS_160607580"> 
	 <username>female frank spencer.</username> 
	 <sex>F</sex> 
	 <age>17</age> 
	 <city>London and South East</city> 
	 <province></province> 
	 <country>UK</country> 
	 </user> 
<date>1205914260</date> 
 <body>Crank is pretty good..more of a comedy. Love him though</body> 
 </post> 
<post id= "MS_27735_40020431"> 
<user id ="MS_56471204"> 
	 <username>KoalaofDoom, The Humble Magnificent</username> 
	 <sex>M</sex> 
	 <age>26</age> 
	 <city>Gotham City</city> 
	 <province></province> 
	 <country>UK</country> 
	 </user> 
<date>1205917560</date> 
 <body>His only decent films have been Lock Stock & Snatch  And i'm not saying that because they are British films. Stratham seems to have been typecast into this second rate action star, he needs a new agent/choose his roles alot better. Maybe go down the Indie root and get some interesting scripts.</body> 
 </post> 
<post id= "MS_27735_40022320"> 
<user id ="MS_107659805"> 
	 <username>Emmaus Arts Student Film Festival</username> 
	 <sex>M</sex> 
	 <age>40</age> 
	 <city>EMMAUS</city> 
	 <province>Pennsylvania</province> 
	 <country>US</country> 
	 </user> 
<date>1205919780</date> 
 <body>I enjoy his films, most are action films but Lock Stock is my favorite of all.</body> 
 </post> 
<post id= "MS_27735_40031912"> 
<user id ="MS_318867156"> 
	 <username>~Michelle~</username> 
	 <sex>F</sex> 
	 <age>39</age> 
	 <city>Ohio</city> 
	 <province></province> 
	 <country>US</country> 
	 </user> 
<date>1205929440</date> 
 <body>Lock, Stock and Two Smoking Barrels  What a movie! The ending is too much, meaning I liked it.</body> 
 </post> 
<post id= "MS_27735_40033824"> 
<user id ="MS_318867156"> 
	 <username>~Michelle~</username> 
	 <sex>F</sex> 
	 <age>39</age> 
	 <city>Ohio</city> 
	 <province></province> 
	 <country>US</country> 
	 </user> 
<date>1205931060</date> 
 <body> I agree on the typecast and the agent.</body> 
 </post> 
</posts>