<?xml version="1.0" encoding="UTF-8"?> 
 <posts> 
<post id= "MS_27735_40223942"> 
<user id ="MS_3671064"> 
	 <username>3671064 Ã¢â¢Å</username> 
	 <sex>M</sex> 
	 <age>38</age> 
	 <city>Lexington</city> 
	 <province>Kentucky</province> 
	 <country>US</country> 
	 </user> 
<date>1206217920</date> 
 <body>  Yeah, it's there... Didn't bother me. Insert :shrug: smiley here, if we had one.  The only thing that bothered me about it was that I figured out the ending before it happened. Other than that, excellent.  Michelle seems to have liked it. :)</body> 
 </post> 
<post id= "MS_27735_40230667"> 
<user id ="MS_4059576"> 
	 <username>Sparkles, Professional Male Model</username> 
	 <sex>M</sex> 
	 <age>28</age> 
	 <city>ORANGE</city> 
	 <province>California</province> 
	 <country>US</country> 
	 </user> 
<date>1206228240</date> 
 <body>critics are lame. told you it was a good movie.</body> 
 </post> 
<post id= "MS_27735_40247971"> 
<user id ="MS_318867156"> 
	 <username>~Michelle~</username> 
	 <sex>F</sex> 
	 <age>39</age> 
	 <city>Ohio</city> 
	 <province></province> 
	 <country>US</country> 
	 </user> 
<date>1206275280</date> 
 <body> Yes, I liked it. I also figured out ending. I almost watched Snatch first, but the two of you turned me on enough that I couldn't wait any longer. lol.</body> 
 </post> 
<post id= "MS_27735_40259079"> 
<user id ="MS_4059576"> 
	 <username>Sparkles, Professional Male Model</username> 
	 <sex>M</sex> 
	 <age>28</age> 
	 <city>ORANGE</city> 
	 <province>California</province> 
	 <country>US</country> 
	 </user> 
<date>1206289320</date> 
 <body>snatch is still a good movie. but yeah revolver really displayed what statham can do. and if you're going to compare the two movies i have to say it'll be hard going to watch snatch now.</body> 
 </post> 
<post id= "MS_27735_40270584"> 
<user id ="MS_318867156"> 
	 <username>~Michelle~</username> 
	 <sex>F</sex> 
	 <age>39</age> 
	 <city>Ohio</city> 
	 <province></province> 
	 <country>US</country> 
	 </user> 
<date>1206302280</date> 
 <body> Just watched Snatch and yes it was hard on me. lol.ÃÂ I'll need to see it again.</body> 
 </post> 
<post id= "MS_27735_40583682"> 
<user id ="MS_84416858"> 
	 <username>XxAdriaxFayexX</username> 
	 <sex>F</sex> 
	 <age>23</age> 
	 <city>The cornfields</city> 
	 <province>Illinois</province> 
	 <country>US</country> 
	 </user> 
<date>1206794220</date> 
 <body>I like Jason Statham as well.</body> 
 </post> 
<post id= "MS_27735_40583705"> 
<user id ="MS_318867156"> 
	 <username>~Michelle~</username> 
	 <sex>F</sex> 
	 <age>39</age> 
	 <city>Ohio</city> 
	 <province></province> 
	 <country>US</country> 
	 </user> 
<date>1206794280</date> 
 <body></body> 
 </post> 
<post id= "MS_27735_40583731"> 
<user id ="MS_318867156"> 
	 <username>~Michelle~</username> 
	 <sex>F</sex> 
	 <age>39</age> 
	 <city>Ohio</city> 
	 <province></province> 
	 <country>US</country> 
	 </user> 
<date>1206794340</date> 
 <body> Don't you just love myspace.</body> 
 </post> 
<post id= "MS_27735_40584729"> 
<user id ="MS_314660718"> 
	 <username>Steve</username> 
	 <sex>M</sex> 
	 <age>19</age> 
	 <city>UK</city> 
	 <province></province> 
	 <country></country> 
	 </user> 
<date>1206795540</date> 
 <body>Landan's answer to Steven Seagal. A slab of useless meat who wouldn't know what acting was if it tried to sell him jellied eels.</body> 
 </post> 
<post id= "MS_27735_40586111"> 
<user id ="MS_5274330"> 
	 <username>Matt</username> 
	 <sex>M</sex> 
	 <age>23</age> 
	 <city>Oshawa</city> 
	 <province>Ontario</province> 
	 <country>CA</country> 
	 </user> 
<date>1206797400</date> 
 <body>  Hahaha. It's not very exclusive when details are released on the internet where I found them.  Google search of Crank 2.</body> 
 </post> 
</posts>