<?xml version="1.0" encoding="UTF-8"?> 
 <posts> 
<post id= "MS_27735_40259079"> 
<user id ="MS_4059576"> 
	 <username>Sparkles, Professional Male Model</username> 
	 <sex>M</sex> 
	 <age>28</age> 
	 <city>ORANGE</city> 
	 <province>California</province> 
	 <country>US</country> 
	 </user> 
<date>1206289320</date> 
 <body>snatch is still a good movie. but yeah revolver really displayed what statham can do. and if you're going to compare the two movies i have to say it'll be hard going to watch snatch now.</body> 
 </post> 
<post id= "MS_27735_40270584"> 
<user id ="MS_318867156"> 
	 <username>~Michelle~</username> 
	 <sex>F</sex> 
	 <age>39</age> 
	 <city>Ohio</city> 
	 <province></province> 
	 <country>US</country> 
	 </user> 
<date>1206302280</date> 
 <body> Just watched Snatch and yes it was hard on me. lol.ÃÂ I'll need to see it again.</body> 
 </post> 
<post id= "MS_27735_40583682"> 
<user id ="MS_84416858"> 
	 <username>XxAdriaxFayexX</username> 
	 <sex>F</sex> 
	 <age>23</age> 
	 <city>The cornfields</city> 
	 <province>Illinois</province> 
	 <country>US</country> 
	 </user> 
<date>1206794220</date> 
 <body>I like Jason Statham as well.</body> 
 </post> 
<post id= "MS_27735_40583705"> 
<user id ="MS_318867156"> 
	 <username>~Michelle~</username> 
	 <sex>F</sex> 
	 <age>39</age> 
	 <city>Ohio</city> 
	 <province></province> 
	 <country>US</country> 
	 </user> 
<date>1206794280</date> 
 <body></body> 
 </post> 
<post id= "MS_27735_40583731"> 
<user id ="MS_318867156"> 
	 <username>~Michelle~</username> 
	 <sex>F</sex> 
	 <age>39</age> 
	 <city>Ohio</city> 
	 <province></province> 
	 <country>US</country> 
	 </user> 
<date>1206794340</date> 
 <body> Don't you just love myspace.</body> 
 </post> 
<post id= "MS_27735_40584729"> 
<user id ="MS_314660718"> 
	 <username>Steve</username> 
	 <sex>M</sex> 
	 <age>19</age> 
	 <city>UK</city> 
	 <province></province> 
	 <country></country> 
	 </user> 
<date>1206795540</date> 
 <body>Landan's answer to Steven Seagal. A slab of useless meat who wouldn't know what acting was if it tried to sell him jellied eels.</body> 
 </post> 
<post id= "MS_27735_40586111"> 
<user id ="MS_5274330"> 
	 <username>Matt</username> 
	 <sex>M</sex> 
	 <age>23</age> 
	 <city>Oshawa</city> 
	 <province>Ontario</province> 
	 <country>CA</country> 
	 </user> 
<date>1206797400</date> 
 <body>  Hahaha. It's not very exclusive when details are released on the internet where I found them.  Google search of Crank 2.</body> 
 </post> 
<post id= "MS_27735_40586695"> 
<user id ="MS_347250132"> 
	 <username>Chris</username> 
	 <sex>M</sex> 
	 <age>25</age> 
	 <city>BALTIMORE</city> 
	 <province>Maryland</province> 
	 <country>US</country> 
	 </user> 
<date>1206798060</date> 
 <body> Agreed</body> 
 </post> 
<post id= "MS_27735_42112630"> 
<user id ="MS_318867156"> 
	 <username>~Michelle~</username> 
	 <sex>F</sex> 
	 <age>39</age> 
	 <city>Ohio</city> 
	 <province></province> 
	 <country>US</country> 
	 </user> 
<date>1209268080</date> 
 <body>In the Name of the King A Dungeon siege tale  Good movie!  Ray Liotta, Burt Reynolds, Leelee Sobieski, and many others.</body> 
 </post> 
<post id= "MS_27735_42119753"> 
<user id ="MS_116808320"> 
	 <username>Ray</username> 
	 <sex>M</sex> 
	 <age>46</age> 
	 <city>BEL AIR</city> 
	 <province>Maryland</province> 
	 <country>US</country> 
	 </user> 
<date>1209284640</date> 
 <body>Not A very good actor, one trick pony, also he has that kind of ordinary persona Justin Timberlake has, like he should be working at McDonalds or somewhere simular, ...and my God those British criminal films are so unimaginative, boring, torpid and dull.</body> 
 </post> 
</posts>