<?xml version="1.0" encoding="UTF-8"?> 
 <posts> 
<post id= "MS_27735_40212461"> 
<user id ="MS_318867156"> 
	 <username>~Michelle~</username> 
	 <sex>F</sex> 
	 <age>39</age> 
	 <city>Ohio</city> 
	 <province></province> 
	 <country>US</country> 
	 </user> 
<date>1206204120</date> 
 <body>Just watchedÃÂ ÃÂ  WAR  Jet LiÃÂ  andÃÂ  Jason Statham  One wants Justice. The other wants Revenge.</body> 
 </post> 
<post id= "MS_27735_40215103"> 
<user id ="MS_116809562"> 
	 <username>Kattty</username> 
	 <sex>F</sex> 
	 <age>99</age> 
	 <city>Mounty County</city> 
	 <province>New South Wales</province> 
	 <country>AU</country> 
	 </user> 
<date>1206207540</date> 
 <body></body> 
 </post> 
<post id= "MS_27735_40223644"> 
<user id ="MS_318867156"> 
	 <username>~Michelle~</username> 
	 <sex>F</sex> 
	 <age>39</age> 
	 <city>Ohio</city> 
	 <province></province> 
	 <country>US</country> 
	 </user> 
<date>1206217500</date> 
 <body>omg Revolver is all that!     ÃÂ ÃÂ ÃÂ ÃÂ ÃÂ ÃÂ ÃÂ ÃÂ ÃÂ ÃÂ ÃÂ ÃÂ ÃÂ ÃÂ ÃÂ ÃÂ ÃÂ ÃÂ ÃÂ ÃÂ ÃÂ ÃÂ ÃÂ ÃÂ ÃÂ ÃÂ ÃÂ ÃÂ ÃÂ ÃÂ ÃÂ ÃÂ ÃÂ ÃÂ ÃÂ ÃÂ ÃÂ ÃÂ ÃÂ ÃÂ ÃÂ ÃÂ ÃÂ ÃÂ ÃÂ ÃÂ ÃÂ ÃÂ ÃÂ ÃÂ ÃÂ ÃÂ ÃÂ ÃÂ ÃÂ ÃÂ ÃÂ ÃÂ ÃÂ ÃÂ ÃÂ ÃÂ ÃÂ ÃÂ ÃÂ ÃÂ ÃÂ ÃÂ ÃÂ ÃÂ ÃÂ ÃÂ ÃÂ ÃÂ ÃÂ  </body> 
 </post> 
<post id= "MS_27735_40223791"> 
<user id ="MS_318867156"> 
	 <username>~Michelle~</username> 
	 <sex>F</sex> 
	 <age>39</age> 
	 <city>Ohio</city> 
	 <province></province> 
	 <country>US</country> 
	 </user> 
<date>1206217680</date> 
 <body> ingenious. I'm watching it again, there's so much to take in.</body> 
 </post> 
<post id= "MS_27735_40223942"> 
<user id ="MS_3671064"> 
	 <username>3671064 Ã¢â¢Å</username> 
	 <sex>M</sex> 
	 <age>38</age> 
	 <city>Lexington</city> 
	 <province>Kentucky</province> 
	 <country>US</country> 
	 </user> 
<date>1206217920</date> 
 <body>  Yeah, it's there... Didn't bother me. Insert :shrug: smiley here, if we had one.  The only thing that bothered me about it was that I figured out the ending before it happened. Other than that, excellent.  Michelle seems to have liked it. :)</body> 
 </post> 
<post id= "MS_27735_40230667"> 
<user id ="MS_4059576"> 
	 <username>Sparkles, Professional Male Model</username> 
	 <sex>M</sex> 
	 <age>28</age> 
	 <city>ORANGE</city> 
	 <province>California</province> 
	 <country>US</country> 
	 </user> 
<date>1206228240</date> 
 <body>critics are lame. told you it was a good movie.</body> 
 </post> 
<post id= "MS_27735_40247971"> 
<user id ="MS_318867156"> 
	 <username>~Michelle~</username> 
	 <sex>F</sex> 
	 <age>39</age> 
	 <city>Ohio</city> 
	 <province></province> 
	 <country>US</country> 
	 </user> 
<date>1206275280</date> 
 <body> Yes, I liked it. I also figured out ending. I almost watched Snatch first, but the two of you turned me on enough that I couldn't wait any longer. lol.</body> 
 </post> 
<post id= "MS_27735_40259079"> 
<user id ="MS_4059576"> 
	 <username>Sparkles, Professional Male Model</username> 
	 <sex>M</sex> 
	 <age>28</age> 
	 <city>ORANGE</city> 
	 <province>California</province> 
	 <country>US</country> 
	 </user> 
<date>1206289320</date> 
 <body>snatch is still a good movie. but yeah revolver really displayed what statham can do. and if you're going to compare the two movies i have to say it'll be hard going to watch snatch now.</body> 
 </post> 
<post id= "MS_27735_40270584"> 
<user id ="MS_318867156"> 
	 <username>~Michelle~</username> 
	 <sex>F</sex> 
	 <age>39</age> 
	 <city>Ohio</city> 
	 <province></province> 
	 <country>US</country> 
	 </user> 
<date>1206302280</date> 
 <body> Just watched Snatch and yes it was hard on me. lol.ÃÂ I'll need to see it again.</body> 
 </post> 
<post id= "MS_27735_40583682"> 
<user id ="MS_84416858"> 
	 <username>XxAdriaxFayexX</username> 
	 <sex>F</sex> 
	 <age>23</age> 
	 <city>The cornfields</city> 
	 <province>Illinois</province> 
	 <country>US</country> 
	 </user> 
<date>1206794220</date> 
 <body>I like Jason Statham as well.</body> 
 </post> 
</posts>