<?xml version="1.0" encoding="UTF-8"?> 
 <posts> 
<post id= "MS_27735_40583705"> 
<user id ="MS_318867156"> 
	 <username>~Michelle~</username> 
	 <sex>F</sex> 
	 <age>39</age> 
	 <city>Ohio</city> 
	 <province></province> 
	 <country>US</country> 
	 </user> 
<date>1206794280</date> 
 <body></body> 
 </post> 
<post id= "MS_27735_40583731"> 
<user id ="MS_318867156"> 
	 <username>~Michelle~</username> 
	 <sex>F</sex> 
	 <age>39</age> 
	 <city>Ohio</city> 
	 <province></province> 
	 <country>US</country> 
	 </user> 
<date>1206794340</date> 
 <body> Don't you just love myspace.</body> 
 </post> 
<post id= "MS_27735_40584729"> 
<user id ="MS_314660718"> 
	 <username>Steve</username> 
	 <sex>M</sex> 
	 <age>19</age> 
	 <city>UK</city> 
	 <province></province> 
	 <country></country> 
	 </user> 
<date>1206795540</date> 
 <body>Landan's answer to Steven Seagal. A slab of useless meat who wouldn't know what acting was if it tried to sell him jellied eels.</body> 
 </post> 
<post id= "MS_27735_40586111"> 
<user id ="MS_5274330"> 
	 <username>Matt</username> 
	 <sex>M</sex> 
	 <age>23</age> 
	 <city>Oshawa</city> 
	 <province>Ontario</province> 
	 <country>CA</country> 
	 </user> 
<date>1206797400</date> 
 <body>  Hahaha. It's not very exclusive when details are released on the internet where I found them.  Google search of Crank 2.</body> 
 </post> 
<post id= "MS_27735_40586695"> 
<user id ="MS_347250132"> 
	 <username>Chris</username> 
	 <sex>M</sex> 
	 <age>25</age> 
	 <city>BALTIMORE</city> 
	 <province>Maryland</province> 
	 <country>US</country> 
	 </user> 
<date>1206798060</date> 
 <body> Agreed</body> 
 </post> 
<post id= "MS_27735_42112630"> 
<user id ="MS_318867156"> 
	 <username>~Michelle~</username> 
	 <sex>F</sex> 
	 <age>39</age> 
	 <city>Ohio</city> 
	 <province></province> 
	 <country>US</country> 
	 </user> 
<date>1209268080</date> 
 <body>In the Name of the King A Dungeon siege tale  Good movie!  Ray Liotta, Burt Reynolds, Leelee Sobieski, and many others.</body> 
 </post> 
<post id= "MS_27735_42119753"> 
<user id ="MS_116808320"> 
	 <username>Ray</username> 
	 <sex>M</sex> 
	 <age>46</age> 
	 <city>BEL AIR</city> 
	 <province>Maryland</province> 
	 <country>US</country> 
	 </user> 
<date>1209284640</date> 
 <body>Not A very good actor, one trick pony, also he has that kind of ordinary persona Justin Timberlake has, like he should be working at McDonalds or somewhere simular, ...and my God those British criminal films are so unimaginative, boring, torpid and dull.</body> 
 </post> 
<post id= "MS_27735_42160447"> 
<user id ="MS_89520635"> 
	 <username>Peter Karby</username> 
	 <sex>M</sex> 
	 <age>32</age> 
	 <city>Oslo</city> 
	 <province></province> 
	 <country>NO</country> 
	 </user> 
<date>1209346080</date> 
 <body>  Maaan.. did you get out of the wrong side of the bed or something? Justin Timberlake is an international superstar.. but you think he is ordinary? I mean you don't have to like him .. but I think it is fair to say he is anything BUT regular, boring, torpid and dull. For you to say this I guess YOU must be doing something totally "out of the ballpark" -ish with your life?  ...And british gangster (or "criminal movies as you call it) movies are very good.. waaay better than most US gansgter movies. Not all .. but most..  ... no offence.. just my 2 cents.. ;)</body> 
 </post> 
<post id= "MS_27735_42161057"> 
<user id ="MS_54712940"> 
	 <username>Careful, I can be a total BiTCH.</username> 
	 <sex>F</sex> 
	 <age>43</age> 
	 <city>Buffalo</city> 
	 <province>New York</province> 
	 <country>US</country> 
	 </user> 
<date>1209348360</date> 
 <body>Jason = Major hottie! I saw The Transporter about 50 times. And that accent, yeow!</body> 
 </post> 
<post id= "MS_27735_42186147"> 
<user id ="MS_318867156"> 
	 <username>~Michelle~</username> 
	 <sex>F</sex> 
	 <age>39</age> 
	 <city>Ohio</city> 
	 <province></province> 
	 <country>US</country> 
	 </user> 
<date>1209386580</date> 
 <body> I want more details, Please.</body> 
 </post> 
</posts>