<?xml version="1.0" encoding="UTF-8"?> 
 <posts> 
<post id= "MS_27735_40031912"> 
<user id ="MS_318867156"> 
	 <username>~Michelle~</username> 
	 <sex>F</sex> 
	 <age>39</age> 
	 <city>Ohio</city> 
	 <province></province> 
	 <country>US</country> 
	 </user> 
<date>1205929440</date> 
 <body>Lock, Stock and Two Smoking Barrels  What a movie! The ending is too much, meaning I liked it.</body> 
 </post> 
<post id= "MS_27735_40033824"> 
<user id ="MS_318867156"> 
	 <username>~Michelle~</username> 
	 <sex>F</sex> 
	 <age>39</age> 
	 <city>Ohio</city> 
	 <province></province> 
	 <country>US</country> 
	 </user> 
<date>1205931060</date> 
 <body> I agree on the typecast and the agent.</body> 
 </post> 
<post id= "MS_27735_40041051"> 
<user id ="MS_318867156"> 
	 <username>~Michelle~</username> 
	 <sex>F</sex> 
	 <age>39</age> 
	 <city>Ohio</city> 
	 <province></province> 
	 <country>US</country> 
	 </user> 
<date>1205938260</date> 
 <body> Thought about this over dinner and I think maybe the action films do suit him. He can say a lot with the expression on his face and his movies aren't slowed down by a lot of dialogue. I don't necessary like all the hand to hand combat but I can tolerate it because I know he'll win and look good doing it.</body> 
 </post> 
<post id= "MS_27735_40175967"> 
<user id ="MS_318867156"> 
	 <username>~Michelle~</username> 
	 <sex>F</sex> 
	 <age>39</age> 
	 <city>Ohio</city> 
	 <province></province> 
	 <country>US</country> 
	 </user> 
<date>1206135300</date> 
 <body> Watched this movie 2 x's in 4 days liked it. In 1971 London, a car dealer and his gang of thieves break into a bank vault and find far more than cash and jewelry. Saffron Burrows plays a good role in this Action Crime drama Thriller. Based on a true story. One of the Largest heist in History. F.Y.I.- It came to the Cinemas on Friday, March 7th, 2008 not the 9th</body> 
 </post> 
<post id= "MS_27735_40176663"> 
<user id ="MS_270249355"> 
	 <username>Kill each other later</username> 
	 <sex>F</sex> 
	 <age>27</age> 
	 <city>LOS ANGELES</city> 
	 <province>Cagliari</province> 
	 <country>US</country> 
	 </user> 
<date>1206136380</date> 
 <body>He's great. I loved him in War, which would have been an awesome movie if the ending wasn't such a fail.</body> 
 </post> 
<post id= "MS_27735_40176961"> 
<user id ="MS_318867156"> 
	 <username>~Michelle~</username> 
	 <sex>F</sex> 
	 <age>39</age> 
	 <city>Ohio</city> 
	 <province></province> 
	 <country>US</country> 
	 </user> 
<date>1206136860</date> 
 <body>  Nice to know there are others out there who like him too.</body> 
 </post> 
<post id= "MS_27735_40196941"> 
<user id ="MS_4059576"> 
	 <username>Sparkles, Professional Male Model</username> 
	 <sex>M</sex> 
	 <age>28</age> 
	 <city>ORANGE</city> 
	 <province>California</province> 
	 <country>US</country> 
	 </user> 
<date>1206182880</date> 
 <body>  that new guy ritchie movie he was in "revolver" is soooooo good. sure again statham is a tough guy, but it sheds here in this movie. i used to say lock stock was his best role but revolver now is really his best work.</body> 
 </post> 
<post id= "MS_27735_40199254"> 
<user id ="MS_318867156"> 
	 <username>~Michelle~</username> 
	 <sex>F</sex> 
	 <age>39</age> 
	 <city>Ohio</city> 
	 <province></province> 
	 <country>US</country> 
	 </user> 
<date>1206186420</date> 
 <body> Cool it's on the list for todays D.V.D.'s to find. It's on dvd right?</body> 
 </post> 
<post id= "MS_27735_40200625"> 
<user id ="MS_4059576"> 
	 <username>Sparkles, Professional Male Model</username> 
	 <sex>M</sex> 
	 <age>28</age> 
	 <city>ORANGE</city> 
	 <province>California</province> 
	 <country>US</country> 
	 </user> 
<date>1206188220</date> 
 <body>yes ma'am and to be honest, it's a buy. you'll really love this movie since you're a statham fan</body> 
 </post> 
<post id= "MS_27735_40201006"> 
<user id ="MS_318867156"> 
	 <username>~Michelle~</username> 
	 <sex>F</sex> 
	 <age>39</age> 
	 <city>Ohio</city> 
	 <province></province> 
	 <country>US</country> 
	 </user> 
<date>1206188700</date> 
 <body> Thanks!</body> 
 </post> 
</posts>