<?xml version="1.0" encoding="UTF-8"?> 
 <posts> 
<post id= "MS_27735_40196941"> 
<user id ="MS_4059576"> 
	 <username>Sparkles, Professional Male Model</username> 
	 <sex>M</sex> 
	 <age>28</age> 
	 <city>ORANGE</city> 
	 <province>California</province> 
	 <country>US</country> 
	 </user> 
<date>1206182880</date> 
 <body>  that new guy ritchie movie he was in "revolver" is soooooo good. sure again statham is a tough guy, but it sheds here in this movie. i used to say lock stock was his best role but revolver now is really his best work.</body> 
 </post> 
<post id= "MS_27735_40199254"> 
<user id ="MS_318867156"> 
	 <username>~Michelle~</username> 
	 <sex>F</sex> 
	 <age>39</age> 
	 <city>Ohio</city> 
	 <province></province> 
	 <country>US</country> 
	 </user> 
<date>1206186420</date> 
 <body> Cool it's on the list for todays D.V.D.'s to find. It's on dvd right?</body> 
 </post> 
<post id= "MS_27735_40200625"> 
<user id ="MS_4059576"> 
	 <username>Sparkles, Professional Male Model</username> 
	 <sex>M</sex> 
	 <age>28</age> 
	 <city>ORANGE</city> 
	 <province>California</province> 
	 <country>US</country> 
	 </user> 
<date>1206188220</date> 
 <body>yes ma'am and to be honest, it's a buy. you'll really love this movie since you're a statham fan</body> 
 </post> 
<post id= "MS_27735_40201006"> 
<user id ="MS_318867156"> 
	 <username>~Michelle~</username> 
	 <sex>F</sex> 
	 <age>39</age> 
	 <city>Ohio</city> 
	 <province></province> 
	 <country>US</country> 
	 </user> 
<date>1206188700</date> 
 <body> Thanks!</body> 
 </post> 
<post id= "MS_27735_40201159"> 
<user id ="MS_3671064"> 
	 <username>3671064 Ã¢â¢Å</username> 
	 <sex>M</sex> 
	 <age>38</age> 
	 <city>Lexington</city> 
	 <province>Kentucky</province> 
	 <country>US</country> 
	 </user> 
<date>1206188880</date> 
 <body>I watched Revolver last night... And it is really good. The critics that ripped on it and called it a mess are wrong. Sure, it's complicated and might confuse some, but so what. Personally, I loved it.</body> 
 </post> 
<post id= "MS_27735_40206588"> 
<user id ="MS_4059576"> 
	 <username>Sparkles, Professional Male Model</username> 
	 <sex>M</sex> 
	 <age>28</age> 
	 <city>ORANGE</city> 
	 <province>California</province> 
	 <country>US</country> 
	 </user> 
<date>1206195900</date> 
 <body>  if there was one thing i didn't like it was the very end when they were rolling the credits. i don't know if they have that commentary by doctors and specialists at the end in the dvd release but they did have it in the theatrical release and it annoyed me for some reason. i think it's because it just started to feel a little blow hardy and didn't allow me to think for myself you know? it felt like it was kinda laying things down for me.</body> 
 </post> 
<post id= "MS_27735_40212461"> 
<user id ="MS_318867156"> 
	 <username>~Michelle~</username> 
	 <sex>F</sex> 
	 <age>39</age> 
	 <city>Ohio</city> 
	 <province></province> 
	 <country>US</country> 
	 </user> 
<date>1206204120</date> 
 <body>Just watchedÃÂ ÃÂ  WAR  Jet LiÃÂ  andÃÂ  Jason Statham  One wants Justice. The other wants Revenge.</body> 
 </post> 
<post id= "MS_27735_40215103"> 
<user id ="MS_116809562"> 
	 <username>Kattty</username> 
	 <sex>F</sex> 
	 <age>99</age> 
	 <city>Mounty County</city> 
	 <province>New South Wales</province> 
	 <country>AU</country> 
	 </user> 
<date>1206207540</date> 
 <body></body> 
 </post> 
<post id= "MS_27735_40223644"> 
<user id ="MS_318867156"> 
	 <username>~Michelle~</username> 
	 <sex>F</sex> 
	 <age>39</age> 
	 <city>Ohio</city> 
	 <province></province> 
	 <country>US</country> 
	 </user> 
<date>1206217500</date> 
 <body>omg Revolver is all that!     ÃÂ ÃÂ ÃÂ ÃÂ ÃÂ ÃÂ ÃÂ ÃÂ ÃÂ ÃÂ ÃÂ ÃÂ ÃÂ ÃÂ ÃÂ ÃÂ ÃÂ ÃÂ ÃÂ ÃÂ ÃÂ ÃÂ ÃÂ ÃÂ ÃÂ ÃÂ ÃÂ ÃÂ ÃÂ ÃÂ ÃÂ ÃÂ ÃÂ ÃÂ ÃÂ ÃÂ ÃÂ ÃÂ ÃÂ ÃÂ ÃÂ ÃÂ ÃÂ ÃÂ ÃÂ ÃÂ ÃÂ ÃÂ ÃÂ ÃÂ ÃÂ ÃÂ ÃÂ ÃÂ ÃÂ ÃÂ ÃÂ ÃÂ ÃÂ ÃÂ ÃÂ ÃÂ ÃÂ ÃÂ ÃÂ ÃÂ ÃÂ ÃÂ ÃÂ ÃÂ ÃÂ ÃÂ ÃÂ ÃÂ ÃÂ  </body> 
 </post> 
<post id= "MS_27735_40223791"> 
<user id ="MS_318867156"> 
	 <username>~Michelle~</username> 
	 <sex>F</sex> 
	 <age>39</age> 
	 <city>Ohio</city> 
	 <province></province> 
	 <country>US</country> 
	 </user> 
<date>1206217680</date> 
 <body> ingenious. I'm watching it again, there's so much to take in.</body> 
 </post> 
</posts>