<?xml version="1.0" encoding="UTF-8"?> 
 <posts> 
<post id= "MS_27735_39838075"> 
<user id ="MS_318867156"> 
	 <username>~Michelle~</username> 
	 <sex>F</sex> 
	 <age>39</age> 
	 <city>Ohio</city> 
	 <province></province> 
	 <country>US</country> 
	 </user> 
<date>1205615820</date> 
 <body>not his mother just a fan</body> 
 </post> 
<post id= "MS_27735_39839157"> 
<user id ="MS_318867156"> 
	 <username>~Michelle~</username> 
	 <sex>F</sex> 
	 <age>39</age> 
	 <city>Ohio</city> 
	 <province></province> 
	 <country>US</country> 
	 </user> 
<date>1205617260</date> 
 <body>my friend called to ask if I had seen "Chaos", well yes.. she frecked when she watched this movie.Â  another on the 'Jason Statham' movies</body> 
 </post> 
<post id= "MS_27735_39841430"> 
<user id ="MS_241258694"> 
	 <username>Kyle</username> 
	 <sex>M</sex> 
	 <age>20</age> 
	 <city>Aboard The Nostromo</city> 
	 <province>Ohio</province> 
	 <country>US</country> 
	 </user> 
<date>1205620980</date> 
 <body>Obsessed fan. =..</body> 
 </post> 
<post id= "MS_27735_40018044"> 
<user id ="MS_160607580"> 
	 <username>female frank spencer.</username> 
	 <sex>F</sex> 
	 <age>17</age> 
	 <city>London and South East</city> 
	 <province></province> 
	 <country>UK</country> 
	 </user> 
<date>1205914260</date> 
 <body>Crank is pretty good..more of a comedy. Love him though</body> 
 </post> 
<post id= "MS_27735_40020431"> 
<user id ="MS_56471204"> 
	 <username>KoalaofDoom, The Humble Magnificent</username> 
	 <sex>M</sex> 
	 <age>26</age> 
	 <city>Gotham City</city> 
	 <province></province> 
	 <country>UK</country> 
	 </user> 
<date>1205917560</date> 
 <body>His only decent films have been Lock Stock & Snatch  And i'm not saying that because they are British films. Stratham seems to have been typecast into this second rate action star, he needs a new agent/choose his roles alot better. Maybe go down the Indie root and get some interesting scripts.</body> 
 </post> 
<post id= "MS_27735_40022320"> 
<user id ="MS_107659805"> 
	 <username>Emmaus Arts Student Film Festival</username> 
	 <sex>M</sex> 
	 <age>40</age> 
	 <city>EMMAUS</city> 
	 <province>Pennsylvania</province> 
	 <country>US</country> 
	 </user> 
<date>1205919780</date> 
 <body>I enjoy his films, most are action films but Lock Stock is my favorite of all.</body> 
 </post> 
<post id= "MS_27735_40031912"> 
<user id ="MS_318867156"> 
	 <username>~Michelle~</username> 
	 <sex>F</sex> 
	 <age>39</age> 
	 <city>Ohio</city> 
	 <province></province> 
	 <country>US</country> 
	 </user> 
<date>1205929440</date> 
 <body>Lock, Stock and Two Smoking Barrels  What a movie! The ending is too much, meaning I liked it.</body> 
 </post> 
<post id= "MS_27735_40033824"> 
<user id ="MS_318867156"> 
	 <username>~Michelle~</username> 
	 <sex>F</sex> 
	 <age>39</age> 
	 <city>Ohio</city> 
	 <province></province> 
	 <country>US</country> 
	 </user> 
<date>1205931060</date> 
 <body> I agree on the typecast and the agent.</body> 
 </post> 
<post id= "MS_27735_40041051"> 
<user id ="MS_318867156"> 
	 <username>~Michelle~</username> 
	 <sex>F</sex> 
	 <age>39</age> 
	 <city>Ohio</city> 
	 <province></province> 
	 <country>US</country> 
	 </user> 
<date>1205938260</date> 
 <body> Thought about this over dinner and I think maybe the action films do suit him. He can say a lot with the expression on his face and his movies aren't slowed down by a lot of dialogue. I don't necessary like all the hand to hand combat but I can tolerate it because I know he'll win and look good doing it.</body> 
 </post> 
<post id= "MS_27735_40175967"> 
<user id ="MS_318867156"> 
	 <username>~Michelle~</username> 
	 <sex>F</sex> 
	 <age>39</age> 
	 <city>Ohio</city> 
	 <province></province> 
	 <country>US</country> 
	 </user> 
<date>1206135300</date> 
 <body> Watched this movie 2 x's in 4 days liked it. In 1971 London, a car dealer and his gang of thieves break into a bank vault and find far more than cash and jewelry. Saffron Burrows plays a good role in this Action Crime drama Thriller. Based on a true story. One of the Largest heist in History. F.Y.I.- It came to the Cinemas on Friday, March 7th, 2008 not the 9th</body> 
 </post> 
</posts>