<?xml version="1.0" encoding="UTF-8"?> 
 <posts> 
<post id= "MS_9776_39144016"> 
<user id ="MS_242104668"> 
	 <username>Tensas</username> 
	 <sex>F</sex> 
	 <age>100</age> 
	 <city>cincinnati</city> 
	 <province>Ohio</province> 
	 <country>US</country> 
	 </user> 
<date>1204522320</date> 
 <body>  lol - maybe. If you're looking for a fight you should go to a karate class!</body> 
 </post> 
<post id= "MS_9776_39144804"> 
<user id ="MS_110882268"> 
	 <username>mrgone</username> 
	 <sex>M</sex> 
	 <age>52</age> 
	 <city>TUCKER</city> 
	 <province>Georgia</province> 
	 <country>US</country> 
	 </user> 
<date>1204524000</date> 
 <body>I wasn't really, but in your case I might make an exception. Wrestling would be my choice ;)</body> 
 </post> 
<post id= "MS_9776_39151949"> 
<user id ="MS_242104668"> 
	 <username>Tensas</username> 
	 <sex>F</sex> 
	 <age>100</age> 
	 <city>cincinnati</city> 
	 <province>Ohio</province> 
	 <country>US</country> 
	 </user> 
<date>1204535460</date> 
 <body>Sorry, I only wrestle with our sons and free fight females with same color belt.</body> 
 </post> 
<post id= "MS_9776_39154699"> 
<user id ="MS_110882268"> 
	 <username>mrgone</username> 
	 <sex>M</sex> 
	 <age>52</age> 
	 <city>TUCKER</city> 
	 <province>Georgia</province> 
	 <country>US</country> 
	 </user> 
<date>1204539180</date> 
 <body>Playing hard to get again now are we? I keep her ^^^^ intrigued. She actually loves us patriot types. She even said so.</body> 
 </post> 
<post id= "MS_9776_39168937"> 
<user id ="MS_110882268"> 
	 <username>mrgone</username> 
	 <sex>M</sex> 
	 <age>52</age> 
	 <city>TUCKER</city> 
	 <province>Georgia</province> 
	 <country>US</country> 
	 </user> 
<date>1204557480</date> 
 <body>Your ^^^ intelligence level is just way too over whelming. You must have put alot of thought into that.</body> 
 </post> 
<post id= "MS_9776_39171298"> 
<user id ="MS_242104668"> 
	 <username>Tensas</username> 
	 <sex>F</sex> 
	 <age>100</age> 
	 <city>cincinnati</city> 
	 <province>Ohio</province> 
	 <country>US</country> 
	 </user> 
<date>1204560600</date> 
 <body>  lol - ok I'm moving on and suggest you all do the same.</body> 
 </post> 
<post id= "MS_9776_39171526"> 
<user id ="MS_242104668"> 
	 <username>Tensas</username> 
	 <sex>F</sex> 
	 <age>100</age> 
	 <city>cincinnati</city> 
	 <province>Ohio</province> 
	 <country>US</country> 
	 </user> 
<date>1204560900</date> 
 <body>  For my flirting friend  http://forums.myspace.com/t/3814607.aspx?fuseaction=forums.viewt hread  Go NAVY!</body> 
 </post> 
<post id= "MS_9776_39175634"> 
<user id ="MS_110882268"> 
	 <username>mrgone</username> 
	 <sex>M</sex> 
	 <age>52</age> 
	 <city>TUCKER</city> 
	 <province>Georgia</province> 
	 <country>US</country> 
	 </user> 
<date>1204566300</date> 
 <body>More more! You guys are killing me!  Man, this post went slap into the dumpster.</body> 
 </post> 
<post id= "MS_9776_39207784"> 
<user id ="MS_62921124"> 
	 <username>Gil</username> 
	 <sex>M</sex> 
	 <age>37</age> 
	 <city>PARAMUS</city> 
	 <province>New Jersey</province> 
	 <country>US</country> 
	 </user> 
<date>1204626900</date> 
 <body>was Obama there in this funny Somali getup?</body> 
 </post> 
<post id= "MS_9776_39209431"> 
<user id ="MS_35017146"> 
	 <username>darin</username> 
	 <sex>M</sex> 
	 <age>33</age> 
	 <city>Humboldt County</city> 
	 <province>CALIFORNIA</province> 
	 <country>US</country> 
	 </user> 
<date>1204628940</date> 
 <body>  boy what a hoot....did he indanger em?</body> 
 </post> 
</posts>