<?xml version="1.0" encoding="UTF-8"?> 
 <posts> 
<post id= "MS_8457_40437129"> 
<user id ="MS_272344641"> 
	 <username>The Electric Company</username> 
	 <sex>M</sex> 
	 <age>24</age> 
	 <city>Harrisburg</city> 
	 <province>Pennsylvania</province> 
	 <country>US</country> 
	 </user> 
<date>1206562800</date> 
 <body>I think the bullet people seem to miss is...  yes, the world will end around 2010  but only the horrid, political, bastardized world.  out of who's ashes will rise a new world or tolerance  and general betterment of all living beings  that's how I see it happening   c</body> 
 </post> 
<post id= "MS_8457_40437207"> 
<user id ="MS_272344641"> 
	 <username>The Electric Company</username> 
	 <sex>M</sex> 
	 <age>24</age> 
	 <city>Harrisburg</city> 
	 <province>Pennsylvania</province> 
	 <country>US</country> 
	 </user> 
<date>1206562920</date> 
 <body>Next Q: Do you see it happening already?  Does polar shift explain all those SUDDEN changes happening in your life already?  wow me.  c</body> 
 </post> 
<post id= "MS_8457_40449671"> 
<user id ="MS_220596876"> 
	 <username>The RoLLicKS</username> 
	 <sex>F</sex> 
	 <age>104</age> 
	 <city>NZ</city> 
	 <province></province> 
	 <country></country> 
	 </user> 
<date>1206596280</date> 
 <body>   as you said, the end of the world AS WE KNOW IT isn't that just great? I'm a make sure I'm in an area without many people and with lots of edible vegetation...  can't wait !!</body> 
 </post> 
<post id= "MS_8457_40449728"> 
<user id ="MS_220596876"> 
	 <username>The RoLLicKS</username> 
	 <sex>F</sex> 
	 <age>104</age> 
	 <city>NZ</city> 
	 <province></province> 
	 <country></country> 
	 </user> 
<date>1206596340</date> 
 <body>by the way Gio, the scene you're writing about could well be happening in countries like the U.S. where everything is turning to shit already...watch out dude, get the hell outa there...as for europe, get the hell outa there too... no offence, if you don't want fear or violence, get the hell outa there, go bush or something</body> 
 </post> 
<post id= "MS_8457_40453491"> 
<user id ="MS_54758630"> 
	 <username>Newt</username> 
	 <sex>F</sex> 
	 <age>21</age> 
	 <city>Anywhere</city> 
	 <province>IOWA</province> 
	 <country>US</country> 
	 </user> 
<date>1206602940</date> 
 <body>The funny things about possibilities is that they are endless. The world may very well end today, or tomorrow. Or maybe we will have world peace and live on for hundreds of more years. It's hard to say, so calm down and just live your life and what happens, happens.</body> 
 </post> 
<post id= "MS_8457_40461376"> 
<user id ="MS_27220591"> 
	 <username>Jon</username> 
	 <sex>M</sex> 
	 <age>23</age> 
	 <city>Puyallup</city> 
	 <province>Washington</province> 
	 <country>US</country> 
	 </user> 
<date>1206613140</date> 
 <body>   There's enough nutcases in this world. Quit acting like one.</body> 
 </post> 
<post id= "MS_8457_40461624"> 
<user id ="MS_27220591"> 
	 <username>Jon</username> 
	 <sex>M</sex> 
	 <age>23</age> 
	 <city>Puyallup</city> 
	 <province>Washington</province> 
	 <country>US</country> 
	 </user> 
<date>1206613380</date> 
 <body>The world was also supposed to end in I think 1867. And 1992. And at other very specific dates. It never happened. I'm sure the world will end some day, but when you say it will occur at such and such date by such and such means, you sound like you need to be put away, for a very long time.</body> 
 </post> 
<post id= "MS_8457_40512925"> 
<user id ="MS_220596876"> 
	 <username>The RoLLicKS</username> 
	 <sex>F</sex> 
	 <age>104</age> 
	 <city>NZ</city> 
	 <province></province> 
	 <country></country> 
	 </user> 
<date>1206687900</date> 
 <body>   also in 1842 i read recently...usually it's religious stuff. i wouldn't mind if things would suddenly change and human civilization ceases to exist for a while.</body> 
 </post> 
<post id= "MS_8457_40513136"> 
<user id ="MS_324741870"> 
	 <username>Andy</username> 
	 <sex>M</sex> 
	 <age>99</age> 
	 <city>MO</city> 
	 <province></province> 
	 <country></country> 
	 </user> 
<date>1206688140</date> 
 <body>human does no good to the world, it is not bad to have mankind eliminated  btw, i dont think 2012 is the doom</body> 
 </post> 
<post id= "MS_8457_40578605"> 
<user id ="MS_98202890"> 
	 <username>¿¿Crystal¿¿</username> 
	 <sex>F</sex> 
	 <age>16</age> 
	 <city>Brooklyn</city> 
	 <province>New York</province> 
	 <country>US</country> 
	 </user> 
<date>1206786960</date> 
 <body>bullshit</body> 
 </post> 
</posts>