<?xml version="1.0" encoding="UTF-8"?> 
 <posts> 
<post id= "MS_10467_40406513"> 
<user id ="MS_56806352"> 
	 <username>Matt -- Changes Names For Fun</username> 
	 <sex>M</sex> 
	 <age>24</age> 
	 <city>Shangrila</city> 
	 <province>Virginia</province> 
	 <country>US</country> 
	 </user> 
<date>1206524820</date> 
 <body>That's very Machiavelian. Can't have another prince's army running amok in your territory.</body> 
 </post> 
<post id= "MS_10467_40406983"> 
<user id ="MS_43341517"> 
	 <username>Lionel</username> 
	 <sex>M</sex> 
	 <age>30</age> 
	 <city>RIVERSIDE</city> 
	 <province>California</province> 
	 <country>US</country> 
	 </user> 
<date>1206525540</date> 
 <body>  It's purely Machiavelian...during a cease-fire no less. It's a play out of the Prince playbook.</body> 
 </post> 
<post id= "MS_10467_40407230"> 
<user id ="MS_11219867"> 
	 <username>President Puss</username> 
	 <sex>M</sex> 
	 <age>30</age> 
	 <city>Boonton Township</city> 
	 <province>New Jersey</province> 
	 <country>US</country> 
	 </user> 
<date>1206525900</date> 
 <body>Within the next 4 months we'll all see just how meaningless the 'surge' was.</body> 
 </post> 
<post id= "MS_10467_40407269"> 
<user id ="MS_200319073"> 
	 <username>Voighted</username> 
	 <sex>M</sex> 
	 <age>87</age> 
	 <city>will be going to Kearny</city> 
	 <province>New Jersey</province> 
	 <country>US</country> 
	 </user> 
<date>1206525900</date> 
 <body>All these things are great, but we are not allowed to chase them into Iran and fix the rest of the pack..</body> 
 </post> 
<post id= "MS_10467_40407425"> 
<user id ="MS_56806352"> 
	 <username>Matt -- Changes Names For Fun</username> 
	 <sex>M</sex> 
	 <age>24</age> 
	 <city>Shangrila</city> 
	 <province>Virginia</province> 
	 <country>US</country> 
	 </user> 
<date>1206526140</date> 
 <body>  No. That's going too far. Expel them from Iraq, let someone else deal with them. All we have to do is get a secure Iraq for now. I think I under estimated the Iraqi government's... ruthless efficiency.</body> 
 </post> 
<post id= "MS_10467_40407638"> 
<user id ="MS_200319073"> 
	 <username>Voighted</username> 
	 <sex>M</sex> 
	 <age>87</age> 
	 <city>will be going to Kearny</city> 
	 <province>New Jersey</province> 
	 <country>US</country> 
	 </user> 
<date>1206526440</date> 
 <body> I bet within the next 4 months we'll have almost no Mahdi Army left and Sadr will be captured/killed or "studying and praying", no politics. Remember, a few weeks ago he issued one statement saying that he wants "to drop out of politics", I think it won't take much time for us to see another similar declaration issued by him.. I just hope our guys will keep doing what they are doing now!..</body> 
 </post> 
<post id= "MS_10467_40407717"> 
<user id ="MS_56806352"> 
	 <username>Matt -- Changes Names For Fun</username> 
	 <sex>M</sex> 
	 <age>24</age> 
	 <city>Shangrila</city> 
	 <province>Virginia</province> 
	 <country>US</country> 
	 </user> 
<date>1206526560</date> 
 <body>I think he is reaching for an epiphany of non-violent protest. I wish him God's speed on that epiphany before the fighting gets worse.</body> 
 </post> 
<post id= "MS_10467_40407849"> 
<user id ="MS_200319073"> 
	 <username>Voighted</username> 
	 <sex>M</sex> 
	 <age>87</age> 
	 <city>will be going to Kearny</city> 
	 <province>New Jersey</province> 
	 <country>US</country> 
	 </user> 
<date>1206526740</date> 
 <body> Maybe you are right, I think they won't get a warm welcome in Iran if they fail to keep Basra. The ISF need to seal the border completely and we are needed there to help them..</body> 
 </post> 
<post id= "MS_10467_40408157"> 
<user id ="MS_44882281"> 
	 <username>Aaron</username> 
	 <sex>M</sex> 
	 <age>26</age> 
	 <city>Westminster</city> 
	 <province>Colorado</province> 
	 <country>US</country> 
	 </user> 
<date>1206527100</date> 
 <body> It's possible, but I think it's more likely he fears losing his power in an all-out war with the ISF. He feels he could be defeated, so he's playing the non-violence card in a desperate attempt to maintain control.</body> 
 </post> 
<post id= "MS_10467_40408343"> 
<user id ="MS_56806352"> 
	 <username>Matt -- Changes Names For Fun</username> 
	 <sex>M</sex> 
	 <age>24</age> 
	 <city>Shangrila</city> 
	 <province>Virginia</province> 
	 <country>US</country> 
	 </user> 
<date>1206527340</date> 
 <body>  I don't care HOW he comes to the realization that sit ins are better than shooting rockets -- so long as he comes to it.</body> 
 </post> 
</posts>